episode_id,cluster_kmeans,episode_start_reason,n_events,duration_ms,n_trade,n_add,n_cancel,trade_ratio,add_ratio,cancel_ratio,aggressive_ratio,at_bid1_ratio,at_ask1_ratio,inside_spread_ratio
1,7,start_of_stream,31,0,23,7,1,0.7419354838709677,0.22580645161290322,0.03225806451612903,0.06451612903225806,0.7419354838709677,0.0,0.0
2,0,soft_dt_jump,18,0,13,5,0,0.7222222222222222,0.2777777777777778,0.0,0.7777777777777778,0.16666666666666666,0.6666666666666666,0.0
3,4,soft_dt_jump,8,0,1,6,1,0.125,0.75,0.125,0.25,0.125,0.0,0.0
4,4,soft_dt_jump,8,10,0,8,0,0.0,0.8888888888888888,0.0,0.25,0.125,0.0,0.0
5,0,soft_dt_jump,24,10,15,8,1,0.625,0.3333333333333333,0.041666666666666664,0.7083333333333334,0.041666666666666664,0.6666666666666666,0.0
6,4,soft_dt_jump,9,0,1,6,2,0.1111111111111111,0.6666666666666666,0.2222222222222222,0.3333333333333333,0.3333333333333333,0.0,0.0
7,4,soft_dt_jump,21,0,6,12,3,0.2857142857142857,0.5714285714285714,0.14285714285714285,0.42857142857142855,0.23809523809523808,0.047619047619047616,0.0
8,4,soft_dt_jump,21,0,7,14,0,0.3333333333333333,0.6666666666666666,0.0,0.23809523809523808,0.42857142857142855,0.0,0.0
9,4,soft_dt_jump,17,0,3,13,1,0.17647058823529413,0.7647058823529411,0.058823529411764705,0.4117647058823529,0.17647058823529413,0.0,0.0
10,4,soft_dt_jump,34,0,7,24,3,0.20588235294117646,0.7058823529411765,0.08823529411764706,0.47058823529411764,0.17647058823529413,0.0,0.0
11,4,soft_dt_jump,19,0,0,18,1,0.0,0.8888888888888888,0.05263157894736842,0.7368421052631579,0.0,0.05263157894736842,0.0
12,4,soft_dt_jump,16,0,4,11,1,0.25,0.6875,0.0625,0.3125,0.3125,0.0625,0.0
13,4,soft_dt_jump,18,0,4,13,1,0.2222222222222222,0.7222222222222222,0.05555555555555555,0.5,0.16666666666666666,0.1111111111111111,0.0
14,4,soft_dt_jump,20,0,3,14,3,0.15,0.7,0.15,0.45,0.15,0.1,0.0
15,4,soft_dt_jump,14,0,0,10,4,0.0,0.7142857142857143,0.2857142857142857,0.6428571428571429,0.0,0.07142857142857142,0.0
16,4,soft_dt_jump,22,0,1,18,3,0.045454545454545456,0.8181818181818182,0.13636363636363635,0.5454545454545454,0.09090909090909091,0.045454545454545456,0.0
17,0,soft_dt_jump,64,0,42,17,5,0.65625,0.265625,0.078125,0.609375,0.28125,0.25,0.0
18,4,max_events_per_episode,31,10,5,13,13,0.16129032258064516,0.41935483870967744,0.4,0.41935483870967744,0.0967741935483871,0.0,0.0
19,4,soft_dt_jump,26,0,1,24,1,0.038461538461538464,0.8888888888888888,0.038461538461538464,0.5769230769230769,0.15384615384615385,0.038461538461538464,0.0
20,4,soft_dt_jump,12,0,0,11,1,0.0,0.8888888888888888,0.08333333333333333,0.6666666666666666,0.08333333333333333,0.0,0.0
21,4,soft_dt_jump,21,0,6,13,2,0.2857142857142857,0.6190476190476191,0.09523809523809523,0.6666666666666666,0.09523809523809523,0.3333333333333333,0.0
22,4,soft_dt_jump,18,0,4,11,3,0.2222222222222222,0.6111111111111112,0.16666666666666666,0.6111111111111112,0.16666666666666666,0.1111111111111111,0.0
23,4,soft_dt_jump,17,0,8,8,1,0.47058823529411764,0.47058823529411764,0.058823529411764705,0.7647058823529411,0.11764705882352941,0.17647058823529413,0.0
24,4,soft_dt_jump,14,0,1,13,0,0.07142857142857142,0.8888888888888888,0.0,0.5,0.2857142857142857,0.0,0.0
25,4,soft_dt_jump,24,0,3,18,3,0.125,0.75,0.125,0.4583333333333333,0.20833333333333334,0.08333333333333333,0.0
26,4,soft_dt_jump,21,0,3,18,0,0.14285714285714285,0.8571428571428571,0.0,0.38095238095238093,0.5238095238095238,0.0,0.0
27,4,soft_dt_jump,11,0,0,8,3,0.0,0.7272727272727273,0.2727272727272727,0.6363636363636364,0.0,0.0,0.0
28,4,soft_dt_jump,12,0,1,8,3,0.08333333333333333,0.6666666666666666,0.25,0.25,0.16666666666666666,0.08333333333333333,0.0
29,4,soft_dt_jump,17,0,3,13,1,0.17647058823529413,0.7647058823529411,0.058823529411764705,0.6470588235294118,0.17647058823529413,0.11764705882352941,0.0
30,4,soft_dt_jump,11,0,3,8,0,0.2727272727272727,0.7272727272727273,0.0,0.6363636363636364,0.2727272727272727,0.2727272727272727,0.0
31,4,soft_dt_jump,14,0,2,12,0,0.14285714285714285,0.8571428571428571,0.0,0.6428571428571429,0.21428571428571427,0.14285714285714285,0.0
32,4,soft_dt_jump,11,0,1,6,4,0.09090909090909091,0.5454545454545454,0.36363636363636365,0.18181818181818182,0.18181818181818182,0.0,0.0
33,4,soft_dt_jump,16,10,3,11,2,0.1875,0.6875,0.125,0.5625,0.25,0.0625,0.0
34,4,soft_dt_jump,8,0,0,8,0,0.0,0.8888888888888888,0.0,0.625,0.125,0.25,0.0
35,4,soft_side_flip_with_dt_jump,11,10,1,8,2,0.09090909090909091,0.7272727272727273,0.18181818181818182,0.45454545454545453,0.18181818181818182,0.18181818181818182,0.0
36,4,soft_dt_jump,9,0,1,6,2,0.1111111111111111,0.6666666666666666,0.2222222222222222,0.3333333333333333,0.2222222222222222,0.0,0.0
37,0,soft_dt_jump,27,20,17,9,1,0.6296296296296297,0.3333333333333333,0.037037037037037035,0.7777777777777778,0.07407407407407407,0.18518518518518517,0.0
38,4,soft_dt_jump,12,0,1,10,1,0.08333333333333333,0.8333333333333334,0.08333333333333333,0.5833333333333334,0.3333333333333333,0.0,0.0
39,4,soft_dt_jump,9,0,1,8,0,0.1111111111111111,0.8888888888888888,0.0,0.4444444444444444,0.3333333333333333,0.0,0.0
40,4,soft_dt_jump,13,10,1,10,2,0.07692307692307693,0.7692307692307693,0.15384615384615385,0.6153846153846154,0.07692307692307693,0.0,0.0
41,4,soft_dt_jump,15,0,3,12,0,0.2,0.8,0.0,0.6666666666666666,0.2,0.2,0.0
42,4,soft_dt_jump,17,20,2,13,2,0.11764705882352941,0.7647058823529411,0.11764705882352941,0.5882352941176471,0.17647058823529413,0.058823529411764705,0.0
43,4,soft_dt_jump,9,0,0,8,1,0.0,0.8888888888888888,0.1111111111111111,0.6666666666666666,0.2222222222222222,0.0,0.0
44,0,soft_dt_jump,61,0,44,16,1,0.7213114754098361,0.26229508196721313,0.01639344262295082,0.9016393442622951,0.03278688524590164,0.03278688524590164,0.0
45,4,soft_dt_jump,17,10,3,12,2,0.17647058823529413,0.7058823529411765,0.11764705882352941,0.47058823529411764,0.23529411764705882,0.11764705882352941,0.0
46,0,soft_dt_jump,40,0,32,8,0,0.8,0.2,0.0,0.975,0.025,0.05,0.0
47,4,soft_dt_jump,8,0,2,6,0,0.25,0.75,0.0,0.25,0.375,0.0,0.0
48,4,soft_dt_jump,14,10,1,13,0,0.07142857142857142,0.8888888888888888,0.0,0.5,0.35714285714285715,0.07142857142857142,0.0
49,4,soft_side_flip_with_dt_jump,11,20,0,10,1,0.0,0.8888888888888888,0.09090909090909091,0.45454545454545453,0.36363636363636365,0.0,0.0
50,4,soft_dt_jump,15,0,2,13,0,0.13333333333333333,0.8666666666666667,0.0,0.8,0.06666666666666667,0.13333333333333333,0.0
51,4,soft_dt_jump,14,0,3,11,0,0.21428571428571427,0.7857142857142857,0.0,0.6428571428571429,0.07142857142857142,0.2857142857142857,0.0
52,4,soft_dt_jump,14,0,3,10,1,0.21428571428571427,0.7142857142857143,0.07142857142857142,0.35714285714285715,0.2857142857142857,0.21428571428571427,0.0
53,4,soft_dt_jump,8,0,1,7,0,0.125,0.875,0.0,0.625,0.0,0.125,0.0
54,4,soft_dt_jump,8,10,1,6,1,0.125,0.75,0.125,0.5,0.0,0.125,0.0
55,4,soft_dt_jump,10,10,1,7,2,0.1,0.7,0.2,0.5,0.0,0.2,0.0
56,4,soft_dt_jump,10,10,1,6,3,0.1,0.6,0.3,0.5,0.1,0.1,0.0
57,4,soft_dt_jump,12,0,2,10,0,0.16666666666666666,0.8333333333333334,0.0,0.75,0.08333333333333333,0.16666666666666666,0.0
58,4,soft_dt_jump,9,10,2,7,0,0.2222222222222222,0.7777777777777778,0.0,0.7777777777777778,0.1111111111111111,0.5555555555555556,0.0
59,4,soft_dt_jump,10,0,2,7,1,0.2,0.7,0.1,0.1,0.3,0.0,0.0
60,4,soft_dt_jump,8,0,2,6,0,0.25,0.75,0.0,0.375,0.625,0.0,0.0
61,4,soft_dt_jump,12,0,0,9,3,0.0,0.75,0.25,0.4166666666666667,0.0,0.0,0.0
62,4,soft_dt_jump,11,10,0,11,0,0.0,0.8888888888888888,0.0,0.7272727272727273,0.09090909090909091,0.0,0.0
63,0,soft_side_flip_with_dt_jump,64,0,45,18,1,0.703125,0.28125,0.015625,0.8125,0.0625,0.109375,0.0
64,0,max_events_per_episode,30,0,30,0,0,1.0,0.0,0.0,1.0,0.0,0.0,0.0
65,4,soft_dt_jump,13,0,0,13,0,0.0,0.8888888888888888,0.0,0.6923076923076923,0.15384615384615385,0.0,0.0
66,4,soft_side_flip_with_dt_jump,13,0,1,12,0,0.07692307692307693,0.8888888888888888,0.0,0.6923076923076923,0.15384615384615385,0.0,0.0
67,4,soft_dt_jump,11,0,0,11,0,0.0,0.8888888888888888,0.0,1.0,0.0,0.0,0.0
68,4,soft_dt_jump,12,0,2,9,1,0.16666666666666666,0.75,0.08333333333333333,0.5,0.25,0.08333333333333333,0.0
69,4,soft_dt_jump,21,10,4,17,0,0.19047619047619047,0.8095238095238095,0.0,0.47619047619047616,0.19047619047619047,0.09523809523809523,0.0
70,4,soft_dt_jump,15,0,3,11,1,0.2,0.7333333333333333,0.06666666666666667,0.7333333333333333,0.06666666666666667,0.26666666666666666,0.0
71,4,soft_dt_jump,13,0,3,10,0,0.23076923076923078,0.7692307692307693,0.0,0.46153846153846156,0.23076923076923078,0.07692307692307693,0.0
72,4,soft_dt_jump,11,0,3,8,0,0.2727272727272727,0.7272727272727273,0.0,0.6363636363636364,0.09090909090909091,0.36363636363636365,0.0
73,4,soft_dt_jump,8,0,1,7,0,0.125,0.875,0.0,0.625,0.125,0.125,0.0
74,4,soft_dt_jump,13,0,3,10,0,0.23076923076923078,0.7692307692307693,0.0,0.46153846153846156,0.3076923076923077,0.23076923076923078,0.0
75,4,soft_dt_jump,12,10,2,9,1,0.16666666666666666,0.75,0.08333333333333333,0.5833333333333334,0.0,0.25,0.0
76,4,soft_dt_jump,14,10,4,7,3,0.2857142857142857,0.5,0.21428571428571427,0.6428571428571429,0.14285714285714285,0.14285714285714285,0.0
77,4,soft_dt_jump,13,10,2,9,2,0.15384615384615385,0.6923076923076923,0.15384615384615385,0.46153846153846156,0.07692307692307693,0.07692307692307693,0.0
78,4,soft_dt_jump,13,10,0,12,1,0.0,0.8888888888888888,0.07692307692307693,0.46153846153846156,0.3076923076923077,0.07692307692307693,0.0
79,4,soft_dt_jump,13,20,5,8,0,0.38461538461538464,0.6153846153846154,0.0,0.7692307692307693,0.07692307692307693,0.46153846153846156,0.0
80,4,soft_dt_jump,11,20,0,9,2,0.0,0.8181818181818182,0.18181818181818182,0.8181818181818182,0.0,0.09090909090909091,0.0
81,4,soft_dt_jump,8,0,3,5,0,0.375,0.625,0.0,0.375,0.375,0.0,0.0
82,4,soft_dt_jump,15,10,6,9,0,0.4,0.6,0.0,0.6666666666666666,0.26666666666666666,0.26666666666666666,0.0
83,4,soft_dt_jump,8,20,0,7,1,0.0,0.875,0.125,0.5,0.375,0.0,0.0
84,4,soft_dt_jump,11,10,1,9,1,0.09090909090909091,0.8181818181818182,0.09090909090909091,0.6363636363636364,0.18181818181818182,0.09090909090909091,0.0
85,4,soft_dt_jump,10,10,2,8,0,0.2,0.8,0.0,0.2,0.3,0.1,0.0
86,4,soft_dt_jump,8,10,1,6,1,0.125,0.75,0.125,0.5,0.25,0.25,0.0
87,4,soft_dt_jump,11,30,1,8,2,0.09090909090909091,0.7272727272727273,0.18181818181818182,0.36363636363636365,0.2727272727272727,0.0,0.0
88,4,soft_dt_jump,11,30,0,11,0,0.0,0.8888888888888888,0.0,0.7272727272727273,0.0,0.18181818181818182,0.0
89,4,soft_dt_jump,11,10,2,9,0,0.18181818181818182,0.8181818181818182,0.0,0.6363636363636364,0.18181818181818182,0.09090909090909091,0.0
90,4,soft_dt_jump,8,10,2,5,1,0.25,0.625,0.125,0.625,0.25,0.125,0.0
91,0,soft_dt_jump,32,0,27,5,0,0.84375,0.15625,0.0,0.9375,0.0,0.1875,0.0
92,4,soft_dt_jump,10,10,1,9,0,0.1,0.8888888888888888,0.0,0.5,0.3,0.1,0.0
93,4,soft_dt_jump,10,20,3,6,1,0.3,0.6,0.1,0.2,0.2,0.1,0.0
94,4,soft_dt_jump,8,0,2,6,0,0.25,0.75,0.0,0.75,0.125,0.125,0.0
95,4,soft_dt_jump,12,10,0,12,0,0.0,0.8888888888888888,0.0,0.6666666666666666,0.08333333333333333,0.0,0.0
96,4,soft_side_flip_with_dt_jump,8,20,0,8,0,0.0,0.8888888888888888,0.0,0.5,0.25,0.0,0.0
97,4,soft_dt_jump,9,20,0,9,0,0.0,0.8888888888888888,0.0,0.5555555555555556,0.4444444444444444,0.1111111111111111,0.0
98,4,soft_side_flip_with_dt_jump,19,20,4,13,2,0.21052631578947367,0.6842105263157895,0.10526315789473684,0.631578947368421,0.15789473684210525,0.21052631578947367,0.0
99,0,soft_dt_jump,32,0,24,7,1,0.75,0.21875,0.03125,0.90625,0.03125,0.09375,0.0
100,4,soft_dt_jump,17,20,0,13,4,0.0,0.7647058823529411,0.23529411764705882,0.29411764705882354,0.35294117647058826,0.11764705882352941,0.0
101,4,soft_dt_jump,22,20,6,16,0,0.2727272727272727,0.7272727272727273,0.0,0.5909090909090909,0.2727272727272727,0.09090909090909091,0.0
102,4,soft_dt_jump,10,0,0,10,0,0.0,0.8888888888888888,0.0,0.7,0.1,0.1,0.0
103,0,soft_dt_jump,32,0,29,3,0,0.90625,0.09375,0.0,0.9375,0.03125,0.03125,0.0
104,4,soft_dt_jump,15,10,7,6,2,0.4666666666666667,0.4,0.13333333333333333,0.6666666666666666,0.06666666666666667,0.0,0.0
105,4,soft_dt_jump,15,20,0,15,0,0.0,0.8888888888888888,0.0,0.5333333333333333,0.26666666666666666,0.06666666666666667,0.0
106,4,soft_dt_jump,12,10,1,10,1,0.08333333333333333,0.8333333333333334,0.08333333333333333,0.6666666666666666,0.25,0.25,0.0
107,4,soft_dt_jump,13,10,3,10,0,0.23076923076923078,0.7692307692307693,0.0,0.8461538461538461,0.07692307692307693,0.46153846153846156,0.0
108,0,soft_dt_jump,15,0,8,6,1,0.5333333333333333,0.4,0.06666666666666667,0.6666666666666666,0.2,0.6,0.0
109,4,soft_dt_jump,9,20,0,9,0,0.0,0.8888888888888888,0.0,0.7777777777777778,0.0,0.0,0.0
110,4,soft_side_flip_with_dt_jump,16,10,4,12,0,0.25,0.75,0.0,0.6875,0.125,0.375,0.0
111,4,soft_dt_jump,11,20,1,10,0,0.09090909090909091,0.8888888888888888,0.0,0.9090909090909091,0.09090909090909091,0.09090909090909091,0.0
112,4,soft_dt_jump,22,10,3,18,1,0.13636363636363635,0.8181818181818182,0.045454545454545456,0.7727272727272727,0.09090909090909091,0.22727272727272727,0.0
113,4,soft_dt_jump,10,10,1,9,0,0.1,0.8888888888888888,0.0,0.7,0.2,0.2,0.0
114,4,soft_dt_jump,8,0,0,7,1,0.0,0.875,0.125,0.625,0.125,0.0,0.0
115,4,soft_dt_jump,17,10,1,16,0,0.058823529411764705,0.8888888888888888,0.0,0.4117647058823529,0.29411764705882354,0.058823529411764705,0.0
116,4,soft_dt_jump,8,0,1,7,0,0.125,0.875,0.0,0.75,0.125,0.25,0.0
117,4,soft_dt_jump,28,20,4,24,0,0.14285714285714285,0.8571428571428571,0.0,0.7142857142857143,0.25,0.21428571428571427,0.0
118,4,soft_dt_jump,11,0,5,6,0,0.45454545454545453,0.5454545454545454,0.0,1.0,0.0,0.0,0.0
119,4,soft_dt_jump,17,10,3,12,2,0.17647058823529413,0.7058823529411765,0.11764705882352941,0.6470588235294118,0.058823529411764705,0.058823529411764705,0.0
120,4,soft_dt_jump,9,0,2,6,1,0.2222222222222222,0.6666666666666666,0.1111111111111111,0.7777777777777778,0.1111111111111111,0.1111111111111111,0.0
121,4,soft_dt_jump,9,0,6,3,0,0.6666666666666666,0.3333333333333333,0.0,0.8888888888888888,0.1111111111111111,0.0,0.0
122,4,soft_dt_jump,9,10,0,8,1,0.0,0.8888888888888888,0.1111111111111111,0.4444444444444444,0.1111111111111111,0.0,0.0
123,4,soft_dt_jump,10,0,2,8,0,0.2,0.8,0.0,0.7,0.1,0.2,0.0
124,4,soft_dt_jump,11,10,2,9,0,0.18181818181818182,0.8181818181818182,0.0,0.7272727272727273,0.0,0.2727272727272727,0.0
125,4,soft_dt_jump,8,20,1,7,0,0.125,0.875,0.0,0.75,0.125,0.25,0.0
126,4,soft_dt_jump,19,30,6,13,0,0.3157894736842105,0.6842105263157895,0.0,0.6842105263157895,0.15789473684210525,0.3157894736842105,0.0
127,4,soft_dt_jump,15,10,1,14,0,0.06666666666666667,0.8888888888888888,0.0,0.7333333333333333,0.2,0.13333333333333333,0.0
128,4,soft_dt_jump,9,20,1,8,0,0.1111111111111111,0.8888888888888888,0.0,0.4444444444444444,0.0,0.1111111111111111,0.0
129,4,soft_side_flip_with_dt_jump,9,0,3,5,1,0.3333333333333333,0.5555555555555556,0.1111111111111111,0.6666666666666666,0.0,0.2222222222222222,0.0
130,4,soft_dt_jump,10,20,4,6,0,0.4,0.6,0.0,0.9,0.0,0.4,0.0
131,4,soft_dt_jump,9,10,2,7,0,0.2222222222222222,0.7777777777777778,0.0,0.4444444444444444,0.0,0.3333333333333333,0.0
132,4,soft_dt_jump,12,40,2,9,1,0.16666666666666666,0.75,0.08333333333333333,0.75,0.0,0.3333333333333333,0.0
133,4,soft_dt_jump,12,20,2,10,0,0.16666666666666666,0.8333333333333334,0.0,0.5833333333333334,0.25,0.16666666666666666,0.0
134,4,soft_dt_jump,11,20,1,10,0,0.09090909090909091,0.8888888888888888,0.0,0.8181818181818182,0.0,0.09090909090909091,0.0
135,4,soft_dt_jump,13,30,2,11,0,0.15384615384615385,0.8461538461538461,0.0,0.6923076923076923,0.23076923076923078,0.15384615384615385,0.0
136,7,soft_dt_jump,64,0,60,4,0,0.9375,0.0625,0.0,0.125,0.84375,0.109375,0.0
137,7,max_events_per_episode,64,0,64,0,0,1.0,0.0,0.0,0.0,1.0,0.0,0.0
138,4,max_events_per_episode,12,20,4,8,0,0.3333333333333333,0.6666666666666666,0.0,0.5833333333333334,0.16666666666666666,0.3333333333333333,0.0
139,4,soft_dt_jump,9,20,0,8,1,0.0,0.8888888888888888,0.1111111111111111,0.5555555555555556,0.0,0.0,0.0
140,0,soft_side_flip_with_dt_jump,28,50,16,12,0,0.5714285714285714,0.42857142857142855,0.0,0.8928571428571429,0.03571428571428571,0.17857142857142858,0.0
141,4,soft_dt_jump,8,20,2,6,0,0.25,0.75,0.0,0.625,0.125,0.25,0.0
142,4,soft_dt_jump,12,20,3,8,1,0.25,0.6666666666666666,0.08333333333333333,0.5,0.16666666666666666,0.25,0.0
143,4,soft_dt_jump,11,10,3,8,0,0.2727272727272727,0.7272727272727273,0.0,0.6363636363636364,0.18181818181818182,0.5454545454545454,0.0
144,4,soft_dt_jump,9,10,1,8,0,0.1111111111111111,0.8888888888888888,0.0,0.6666666666666666,0.1111111111111111,0.1111111111111111,0.0
145,4,soft_dt_jump,12,20,2,8,2,0.16666666666666666,0.6666666666666666,0.16666666666666666,0.5,0.16666666666666666,0.25,0.0
146,4,soft_dt_jump,11,30,2,8,1,0.18181818181818182,0.7272727272727273,0.09090909090909091,0.7272727272727273,0.0,0.2727272727272727,0.0
147,4,soft_dt_jump,15,30,1,12,2,0.06666666666666667,0.8,0.13333333333333333,0.5333333333333333,0.06666666666666667,0.13333333333333333,0.0
148,4,soft_dt_jump,9,10,2,7,0,0.2222222222222222,0.7777777777777778,0.0,0.5555555555555556,0.1111111111111111,0.1111111111111111,0.0
149,4,soft_dt_jump,18,100,2,14,2,0.1111111111111111,0.7777777777777778,0.1111111111111111,0.5,0.05555555555555555,0.1111111111111111,0.0
150,4,soft_dt_jump,12,20,1,10,1,0.08333333333333333,0.8333333333333334,0.08333333333333333,0.6666666666666666,0.08333333333333333,0.25,0.0
151,4,soft_dt_jump,9,20,0,9,0,0.0,0.8888888888888888,0.0,0.6666666666666666,0.1111111111111111,0.0,0.0
152,4,soft_dt_jump,9,20,1,8,0,0.1111111111111111,0.8888888888888888,0.0,0.7777777777777778,0.1111111111111111,0.1111111111111111,0.0
153,4,soft_dt_jump,9,10,1,8,0,0.1111111111111111,0.8888888888888888,0.0,0.6666666666666666,0.2222222222222222,0.1111111111111111,0.0
154,4,soft_dt_jump,9,10,0,7,2,0.0,0.7777777777777778,0.2222222222222222,0.5555555555555556,0.0,0.0,0.0
155,4,soft_dt_jump,8,20,1,7,0,0.125,0.875,0.0,0.375,0.125,0.25,0.0
156,4,soft_side_flip_with_dt_jump,9,20,2,6,1,0.2222222222222222,0.6666666666666666,0.1111111111111111,0.5555555555555556,0.2222222222222222,0.3333333333333333,0.0
157,4,soft_dt_jump,11,30,2,9,0,0.18181818181818182,0.8181818181818182,0.0,0.8181818181818182,0.0,0.2727272727272727,0.0
158,4,soft_dt_jump,11,20,2,9,0,0.18181818181818182,0.8181818181818182,0.0,0.45454545454545453,0.36363636363636365,0.09090909090909091,0.0
159,4,soft_dt_jump,12,60,1,9,2,0.08333333333333333,0.75,0.16666666666666666,0.5,0.08333333333333333,0.0,0.0
160,4,soft_dt_jump,9,60,0,8,1,0.0,0.8888888888888888,0.1111111111111111,0.7777777777777778,0.0,0.0,0.0
161,4,soft_dt_jump,40,250,5,31,4,0.125,0.775,0.1,0.375,0.2,0.025,0.0
162,4,soft_dt_jump,9,40,2,7,0,0.2222222222222222,0.7777777777777778,0.0,0.4444444444444444,0.4444444444444444,0.0,0.0
163,4,soft_dt_jump,24,90,5,18,1,0.20833333333333334,0.75,0.041666666666666664,0.2916666666666667,0.25,0.0,0.0
164,4,soft_dt_jump,12,20,6,6,0,0.5,0.5,0.0,0.6666666666666666,0.16666666666666666,0.5,0.0
165,4,soft_dt_jump,15,80,1,14,0,0.06666666666666667,0.8888888888888888,0.0,0.4666666666666667,0.13333333333333333,0.06666666666666667,0.0
166,0,soft_dt_jump,17,10,10,7,0,0.5882352941176471,0.4117647058823529,0.0,0.6470588235294118,0.11764705882352941,0.47058823529411764,0.0
167,4,soft_dt_jump,8,20,1,6,1,0.125,0.75,0.125,0.5,0.125,0.0,0.0
168,0,soft_dt_jump,12,10,9,3,0,0.75,0.25,0.0,1.0,0.0,0.6666666666666666,0.0
169,4,soft_dt_jump,9,30,3,6,0,0.3333333333333333,0.6666666666666666,0.0,0.5555555555555556,0.1111111111111111,0.0,0.0
170,4,soft_dt_jump,8,40,0,6,2,0.0,0.75,0.25,0.5,0.0,0.0,0.0
171,4,soft_dt_jump,34,250,8,25,1,0.23529411764705882,0.7352941176470589,0.029411764705882353,0.4117647058823529,0.23529411764705882,0.11764705882352941,0.0
172,0,soft_dt_jump,37,20,31,6,0,0.8378378378378378,0.16216216216216217,0.0,0.6486486486486487,0.35135135135135137,0.13513513513513514,0.0
173,4,soft_dt_jump,22,180,5,16,1,0.22727272727272727,0.7272727272727273,0.045454545454545456,0.3181818181818182,0.2727272727272727,0.045454545454545456,0.0
174,4,soft_dt_jump,12,80,3,9,0,0.25,0.75,0.0,0.4166666666666667,0.08333333333333333,0.08333333333333333,0.0
175,4,soft_side_flip_with_dt_jump,10,20,1,9,0,0.1,0.8888888888888888,0.0,0.5,0.1,0.0,0.0
176,4,soft_dt_jump,9,20,3,6,0,0.3333333333333333,0.6666666666666666,0.0,0.2222222222222222,0.0,0.0,0.0
177,4,soft_dt_jump,17,130,3,14,0,0.17647058823529413,0.8235294117647058,0.0,0.23529411764705882,0.058823529411764705,0.0,0.0
178,4,soft_dt_jump,13,40,1,10,2,0.07692307692307693,0.7692307692307693,0.15384615384615385,0.38461538461538464,0.15384615384615385,0.23076923076923078,0.0
179,4,soft_dt_jump,9,60,2,7,0,0.2222222222222222,0.7777777777777778,0.0,0.4444444444444444,0.2222222222222222,0.1111111111111111,0.0
180,4,soft_dt_jump,20,160,4,16,0,0.2,0.8,0.0,0.6,0.15,0.0,0.0
181,4,soft_dt_jump,9,30,2,7,0,0.2222222222222222,0.7777777777777778,0.0,0.3333333333333333,0.1111111111111111,0.1111111111111111,0.0
182,4,soft_dt_jump,11,40,1,10,0,0.09090909090909091,0.8888888888888888,0.0,0.7272727272727273,0.0,0.2727272727272727,0.0
183,4,soft_dt_jump,16,140,1,14,1,0.0625,0.875,0.0625,0.375,0.125,0.0625,0.0
184,4,soft_dt_jump,15,140,2,11,2,0.13333333333333333,0.7333333333333333,0.13333333333333333,0.4666666666666667,0.2,0.13333333333333333,0.0
185,4,soft_dt_jump,18,120,2,15,1,0.1111111111111111,0.8333333333333334,0.05555555555555555,0.3888888888888889,0.1111111111111111,0.1111111111111111,0.0
186,4,soft_side_flip_with_dt_jump,22,170,3,17,2,0.13636363636363635,0.7727272727272727,0.09090909090909091,0.2727272727272727,0.13636363636363635,0.0,0.0
187,4,soft_dt_jump,9,10,3,6,0,0.3333333333333333,0.6666666666666666,0.0,0.4444444444444444,0.4444444444444444,0.0,0.0
188,4,soft_dt_jump,12,140,1,11,0,0.08333333333333333,0.8888888888888888,0.0,0.5,0.0,0.08333333333333333,0.0
189,4,soft_state_jump,11,80,3,8,0,0.2727272727272727,0.7272727272727273,0.0,0.45454545454545453,0.2727272727272727,0.18181818181818182,0.0
190,4,soft_dt_jump,11,160,1,10,0,0.09090909090909091,0.8888888888888888,0.0,0.45454545454545453,0.36363636363636365,0.18181818181818182,0.0
191,4,soft_dt_jump,29,240,6,21,2,0.20689655172413793,0.7241379310344828,0.06896551724137931,0.5517241379310345,0.20689655172413793,0.20689655172413793,0.0
192,4,soft_dt_jump,8,70,3,5,0,0.375,0.625,0.0,0.25,0.375,0.0,0.0
193,4,soft_dt_jump,22,230,4,17,1,0.18181818181818182,0.7727272727272727,0.045454545454545456,0.36363636363636365,0.3181818181818182,0.045454545454545456,0.0
194,4,soft_dt_jump,8,50,1,6,1,0.125,0.75,0.125,0.5,0.25,0.25,0.0
195,0,soft_dt_jump,32,30,28,4,0,0.875,0.125,0.0,0.9375,0.0625,0.375,0.0
196,4,soft_dt_jump,11,60,4,7,0,0.36363636363636365,0.6363636363636364,0.0,0.5454545454545454,0.36363636363636365,0.0,0.0
197,4,soft_dt_jump,10,150,0,8,2,0.0,0.8,0.2,0.5,0.1,0.0,0.0
198,3,soft_dt_jump,8,60,0,7,1,0.0,0.875,0.125,0.25,0.375,0.0,0.0
199,4,soft_side_flip_with_dt_jump,19,90,4,14,1,0.21052631578947367,0.7368421052631579,0.05263157894736842,0.3684210526315789,0.3157894736842105,0.05263157894736842,0.0
200,4,soft_dt_jump,11,60,2,9,0,0.18181818181818182,0.8181818181818182,0.0,0.6363636363636364,0.18181818181818182,0.2727272727272727,0.0
201,1,soft_dt_jump,40,360,10,28,2,0.25,0.7,0.05,0.7,0.125,0.125,0.0
202,4,soft_dt_jump,19,250,5,13,1,0.2631578947368421,0.6842105263157895,0.05263157894736842,0.42105263157894735,0.3157894736842105,0.10526315789473684,0.0
203,4,soft_dt_jump,10,120,3,7,0,0.3,0.7,0.0,0.7,0.1,0.0,0.0
204,7,soft_dt_jump,8,70,4,3,1,0.5,0.375,0.125,0.375,0.25,0.0,0.0
205,4,soft_dt_jump,25,410,3,21,1,0.12,0.84,0.04,0.68,0.2,0.16,0.0
206,7,soft_dt_jump,8,80,5,2,1,0.625,0.25,0.125,0.125,0.75,0.0,0.0
207,4,soft_dt_jump,8,70,1,7,0,0.125,0.875,0.0,0.875,0.0,0.25,0.0
208,6,soft_dt_jump,24,380,8,15,1,0.3333333333333333,0.625,0.041666666666666664,0.875,0.08333333333333333,0.375,0.0
209,4,soft_dt_jump,15,90,7,8,0,0.4666666666666667,0.5333333333333333,0.0,0.26666666666666666,0.4666666666666667,0.13333333333333333,0.0
210,4,soft_dt_jump,8,30,0,8,0,0.0,0.8888888888888888,0.0,0.75,0.125,0.125,0.0
211,4,soft_dt_jump,12,40,5,7,0,0.4166666666666667,0.5833333333333334,0.0,0.9166666666666666,0.08333333333333333,0.4166666666666667,0.0
212,7,soft_dt_jump,15,130,10,5,0,0.6666666666666666,0.3333333333333333,0.0,0.2,0.7333333333333333,0.0,0.0
213,1,soft_dt_jump,22,340,6,13,3,0.2727272727272727,0.5909090909090909,0.13636363636363635,0.5,0.3181818181818182,0.09090909090909091,0.0
214,4,soft_dt_jump,18,350,3,14,1,0.16666666666666666,0.7777777777777778,0.05555555555555555,0.7777777777777778,0.16666666666666666,0.1111111111111111,0.0
215,4,soft_dt_jump,11,220,2,8,1,0.18181818181818182,0.7272727272727273,0.09090909090909091,0.6363636363636364,0.09090909090909091,0.0,0.0
216,0,soft_side_flip_with_dt_jump,11,60,7,4,0,0.6363636363636364,0.36363636363636365,0.0,0.8181818181818182,0.09090909090909091,0.18181818181818182,0.0
217,1,soft_dt_jump,31,510,8,21,2,0.25806451612903225,0.6774193548387096,0.06451612903225806,0.5806451612903226,0.1935483870967742,0.06451612903225806,0.0
218,4,soft_dt_jump,17,200,4,13,0,0.23529411764705882,0.7647058823529411,0.0,0.47058823529411764,0.29411764705882354,0.23529411764705882,0.0
219,2,soft_dt_jump,22,460,5,14,3,0.22727272727272727,0.6363636363636364,0.13636363636363635,0.2727272727272727,0.2727272727272727,0.0,0.0
220,1,soft_dt_jump,29,890,4,24,1,0.13793103448275862,0.8275862068965517,0.034482758620689655,0.4482758620689655,0.20689655172413793,0.10344827586206896,0.0
221,2,soft_side_flip_with_dt_jump,18,510,7,10,1,0.3888888888888889,0.5555555555555556,0.05555555555555555,0.1111111111111111,0.05555555555555555,0.0,0.0
222,2,soft_dt_jump,16,650,2,13,1,0.125,0.8125,0.0625,0.4375,0.0625,0.1875,0.0
223,1,soft_state_jump,54,2660,13,40,1,0.24074074074074073,0.7407407407407407,0.018518518518518517,0.5555555555555556,0.24074074074074073,0.2222222222222222,0.0
224,3,soft_dt_jump,14,370,3,9,2,0.21428571428571427,0.6428571428571429,0.14285714285714285,0.2857142857142857,0.35714285714285715,0.21428571428571427,0.0
225,1,soft_dt_jump,42,1270,12,27,3,0.2857142857142857,0.6428571428571429,0.07142857142857142,0.5714285714285714,0.23809523809523808,0.2857142857142857,0.0
226,3,soft_dt_jump,22,900,6,11,5,0.2727272727272727,0.5,0.22727272727272727,0.4090909090909091,0.2727272727272727,0.3181818181818182,0.0
227,2,soft_state_jump,12,280,2,8,2,0.16666666666666666,0.6666666666666666,0.16666666666666666,0.5833333333333334,0.16666666666666666,0.16666666666666666,0.0
228,0,soft_dt_jump,8,150,5,3,0,0.625,0.375,0.0,0.875,0.0,0.625,0.0
229,6,soft_dt_jump,9,210,4,5,0,0.4444444444444444,0.5555555555555556,0.0,0.8888888888888888,0.1111111111111111,0.6666666666666666,0.0
230,6,soft_dt_jump,12,230,6,6,0,0.5,0.5,0.0,0.9166666666666666,0.08333333333333333,0.75,0.0
231,6,soft_dt_jump,16,550,2,14,0,0.125,0.875,0.0,0.875,0.125,0.5625,0.0
232,6,soft_side_flip_with_dt_jump,13,160,3,10,0,0.23076923076923078,0.7692307692307693,0.0,0.7692307692307693,0.15384615384615385,0.5384615384615384,0.0
233,6,soft_dt_jump,16,540,6,9,1,0.375,0.5625,0.0625,0.9375,0.0,0.625,0.0
234,3,soft_dt_jump,9,320,1,5,3,0.1111111111111111,0.5555555555555556,0.3333333333333333,0.4444444444444444,0.1111111111111111,0.2222222222222222,0.0
235,2,soft_state_jump,15,320,4,11,0,0.26666666666666666,0.7333333333333333,0.0,0.6,0.3333333333333333,0.3333333333333333,0.0
236,1,soft_dt_jump,34,1530,9,22,3,0.2647058823529412,0.6470588235294118,0.08823529411764706,0.38235294117647056,0.4117647058823529,0.11764705882352941,0.0
237,1,soft_dt_jump,33,750,12,18,3,0.36363636363636365,0.5454545454545454,0.09090909090909091,0.6060606060606061,0.24242424242424243,0.30303030303030304,0.0
238,7,soft_dt_jump,37,1010,20,14,3,0.5405405405405406,0.3783783783783784,0.08108108108108109,0.2702702702702703,0.5405405405405406,0.1891891891891892,0.0
239,7,soft_dt_jump,15,140,8,5,2,0.5333333333333333,0.3333333333333333,0.13333333333333333,0.06666666666666667,0.7333333333333333,0.0,0.0
240,2,soft_dt_jump,25,480,7,16,2,0.28,0.64,0.08,0.08,0.4,0.0,0.0
241,1,soft_dt_jump,26,1080,5,19,2,0.19230769230769232,0.7307692307692307,0.07692307692307693,0.5,0.34615384615384615,0.15384615384615385,0.0
242,6,soft_state_jump,18,270,5,10,3,0.2777777777777778,0.5555555555555556,0.16666666666666666,0.7222222222222222,0.05555555555555555,0.4444444444444444,0.0
243,0,soft_dt_jump,30,240,23,7,0,0.7666666666666667,0.23333333333333334,0.0,0.9,0.06666666666666667,0.36666666666666664,0.0
244,4,soft_dt_jump,12,300,1,11,0,0.08333333333333333,0.8888888888888888,0.0,0.8333333333333334,0.0,0.3333333333333333,0.0
245,4,soft_dt_jump,10,200,1,8,1,0.1,0.8,0.1,0.9,0.0,0.5,0.0
246,6,soft_side_flip_with_dt_jump,8,190,2,5,1,0.25,0.625,0.125,0.625,0.0,0.25,0.0
247,2,soft_dt_jump,8,80,2,5,1,0.25,0.625,0.125,0.25,0.375,0.125,0.0
248,0,soft_dt_jump,13,100,8,4,1,0.6153846153846154,0.3076923076923077,0.07692307692307693,0.9230769230769231,0.0,0.6923076923076923,0.0
249,1,soft_dt_jump,27,870,7,14,6,0.25925925925925924,0.5185185185185185,0.2222222222222222,0.5925925925925926,0.1111111111111111,0.18518518518518517,0.0
250,0,soft_state_jump,8,60,6,2,0,0.75,0.25,0.0,0.75,0.25,0.75,0.0
251,2,soft_dt_jump,25,760,9,14,2,0.36,0.56,0.08,0.44,0.44,0.24,0.0
252,1,soft_dt_jump,39,1360,11,19,9,0.28205128205128205,0.48717948717948717,0.23076923076923078,0.23076923076923078,0.48717948717948717,0.1794871794871795,0.0
253,3,soft_dt_jump,8,50,3,5,0,0.375,0.625,0.0,0.25,0.625,0.125,0.0
254,1,soft_dt_jump,16,800,2,11,3,0.125,0.6875,0.1875,0.625,0.125,0.4375,0.0
255,6,soft_dt_jump,16,400,7,9,0,0.4375,0.5625,0.0,0.8125,0.125,0.5,0.0
256,0,soft_dt_jump,64,0,63,1,0,0.984375,0.015625,0.0,1.0,0.0,0.09375,0.0
257,0,max_events_per_episode,64,0,64,0,0,1.0,0.0,0.0,1.0,0.0,0.0,0.0
258,0,max_events_per_episode,24,0,24,0,0,1.0,0.0,0.0,1.0,0.0,0.0,0.0
259,1,soft_dt_jump,41,960,11,27,3,0.2682926829268293,0.6585365853658537,0.07317073170731707,0.8048780487804879,0.07317073170731707,0.4878048780487805,0.0
260,0,soft_dt_jump,41,90,39,2,0,0.9512195121951219,0.04878048780487805,0.0,0.975609756097561,0.024390243902439025,0.024390243902439025,0.0
261,6,soft_dt_jump,8,50,3,5,0,0.375,0.625,0.0,0.625,0.25,0.625,0.0
262,1,soft_dt_jump,56,1630,10,37,9,0.17857142857142858,0.6607142857142857,0.16071428571428573,0.7142857142857143,0.05357142857142857,0.30357142857142855,0.0
263,2,soft_dt_jump,10,80,2,6,2,0.2,0.6,0.2,0.6,0.1,0.4,0.0
264,6,soft_dt_jump,10,300,2,7,1,0.2,0.7,0.1,0.8,0.0,0.5,0.0
265,6,soft_dt_jump,13,420,4,9,0,0.3076923076923077,0.6923076923076923,0.0,0.6923076923076923,0.23076923076923078,0.5384615384615384,0.0
266,6,soft_dt_jump,18,320,7,10,1,0.3888888888888889,0.5555555555555556,0.05555555555555555,0.8333333333333334,0.1111111111111111,0.6111111111111112,0.0
267,6,soft_dt_jump,13,510,2,8,3,0.15384615384615385,0.6153846153846154,0.23076923076923078,0.6923076923076923,0.0,0.3076923076923077,0.0
268,6,soft_state_jump,23,670,7,15,1,0.30434782608695654,0.6521739130434783,0.043478260869565216,0.9565217391304348,0.0,0.5217391304347826,0.0
269,6,soft_dt_jump,10,310,5,5,0,0.5,0.5,0.0,0.6,0.4,0.5,0.0
270,1,soft_dt_jump,40,1210,13,22,5,0.325,0.55,0.125,0.75,0.1,0.5,0.0
271,6,soft_dt_jump,13,210,3,9,1,0.23076923076923078,0.6923076923076923,0.07692307692307693,0.8461538461538461,0.0,0.38461538461538464,0.0
272,6,soft_dt_jump,18,500,5,13,0,0.2777777777777778,0.7222222222222222,0.0,1.0,0.0,0.6111111111111112,0.0
273,6,soft_dt_jump,11,70,4,6,1,0.36363636363636365,0.5454545454545454,0.09090909090909091,0.7272727272727273,0.18181818181818182,0.7272727272727273,0.0
274,6,soft_dt_jump,16,420,4,11,1,0.25,0.6875,0.0625,0.625,0.1875,0.375,0.0
275,1,soft_dt_jump,25,700,8,16,1,0.32,0.64,0.04,0.56,0.32,0.4,0.0
276,0,soft_dt_jump,11,50,7,4,0,0.6363636363636364,0.36363636363636365,0.0,1.0,0.0,0.9090909090909091,0.0
277,1,soft_dt_jump,26,630,5,19,2,0.19230769230769232,0.7307692307692307,0.07692307692307693,0.8076923076923077,0.07692307692307693,0.38461538461538464,0.0
278,6,soft_side_flip_with_dt_jump,25,680,8,15,2,0.32,0.6,0.08,0.76,0.04,0.44,0.0
279,6,soft_dt_jump,18,510,8,9,1,0.4444444444444444,0.5,0.05555555555555555,0.8333333333333334,0.1111111111111111,0.6666666666666666,0.0
280,6,soft_dt_jump,10,290,3,7,0,0.3,0.7,0.0,0.8,0.1,0.7,0.0
281,1,soft_dt_jump,64,2490,11,46,7,0.171875,0.71875,0.109375,0.6875,0.109375,0.4375,0.0
282,6,max_events_per_episode,18,540,6,11,1,0.3333333333333333,0.6111111111111112,0.05555555555555555,0.7222222222222222,0.2222222222222222,0.5,0.0
283,6,soft_dt_jump,8,110,3,4,1,0.375,0.5,0.125,0.5,0.375,0.5,0.0
284,0,soft_dt_jump,8,50,6,2,0,0.75,0.25,0.0,0.875,0.0,0.875,0.0
285,2,soft_side_flip_with_dt_jump,9,190,3,6,0,0.3333333333333333,0.6666666666666666,0.0,0.4444444444444444,0.4444444444444444,0.2222222222222222,0.0
286,6,soft_dt_jump,18,800,6,12,0,0.3333333333333333,0.6666666666666666,0.0,0.8333333333333334,0.1111111111111111,0.3888888888888889,0.0
287,1,soft_dt_jump,43,1370,10,29,4,0.23255813953488372,0.6744186046511628,0.09302325581395349,0.7906976744186046,0.09302325581395349,0.5348837209302325,0.0
288,1,soft_dt_jump,31,1060,7,21,3,0.22580645161290322,0.6774193548387096,0.0967741935483871,0.7741935483870968,0.06451612903225806,0.4838709677419355,0.0
289,6,soft_state_jump,18,180,5,12,1,0.2777777777777778,0.6666666666666666,0.05555555555555555,0.9444444444444444,0.0,0.5,0.0
290,6,soft_dt_jump,8,210,3,4,1,0.375,0.5,0.125,0.75,0.0,0.5,0.0
291,6,soft_dt_jump,19,600,8,11,0,0.42105263157894735,0.5789473684210527,0.0,0.5789473684210527,0.3684210526315789,0.47368421052631576,0.0
292,0,soft_dt_jump,26,150,21,5,0,0.8076923076923077,0.19230769230769232,0.0,0.9230769230769231,0.07692307692307693,0.8846153846153846,0.0
293,6,soft_dt_jump,11,230,5,5,1,0.45454545454545453,0.45454545454545453,0.09090909090909091,0.8181818181818182,0.09090909090909091,0.6363636363636364,0.0
294,0,soft_dt_jump,9,160,6,3,0,0.6666666666666666,0.3333333333333333,0.0,0.7777777777777778,0.1111111111111111,0.6666666666666666,0.0
295,1,soft_dt_jump,26,620,8,16,2,0.3076923076923077,0.6153846153846154,0.07692307692307693,0.46153846153846156,0.3076923076923077,0.34615384615384615,0.0
296,0,soft_dt_jump,32,330,16,15,1,0.5,0.46875,0.03125,0.84375,0.125,0.71875,0.0
297,6,soft_dt_jump,16,370,3,11,2,0.1875,0.6875,0.125,0.625,0.1875,0.4375,0.0
298,2,soft_dt_jump,15,380,2,11,2,0.13333333333333333,0.7333333333333333,0.13333333333333333,0.5333333333333333,0.13333333333333333,0.4,0.0
299,2,soft_dt_jump,9,210,3,6,0,0.3333333333333333,0.6666666666666666,0.0,0.5555555555555556,0.3333333333333333,0.3333333333333333,0.0
300,6,soft_dt_jump,12,350,4,8,0,0.3333333333333333,0.6666666666666666,0.0,0.8333333333333334,0.16666666666666666,0.5833333333333334,0.0
301,1,soft_dt_jump,41,780,12,23,6,0.2926829268292683,0.5609756097560976,0.14634146341463414,0.6097560975609756,0.1951219512195122,0.4146341463414634,0.0
302,6,soft_dt_jump,29,690,14,12,3,0.4827586206896552,0.41379310344827586,0.10344827586206896,0.7241379310344828,0.1724137931034483,0.5862068965517241,0.0
303,4,soft_dt_jump,8,170,2,5,1,0.25,0.625,0.125,0.5,0.25,0.25,0.0
304,6,soft_dt_jump,29,760,12,16,1,0.41379310344827586,0.5517241379310345,0.034482758620689655,0.9655172413793104,0.0,0.7241379310344828,0.0
305,1,soft_dt_jump,30,840,9,19,2,0.3,0.6333333333333333,0.06666666666666667,0.6,0.23333333333333334,0.26666666666666666,0.0
306,7,soft_dt_jump,14,440,7,5,2,0.5,0.35714285714285715,0.14285714285714285,0.21428571428571427,0.6428571428571429,0.07142857142857142,0.0
307,0,soft_dt_jump,11,140,8,3,0,0.7272727272727273,0.2727272727272727,0.0,1.0,0.0,0.8181818181818182,0.0
308,6,soft_dt_jump,13,530,6,7,0,0.46153846153846156,0.5384615384615384,0.0,1.0,0.0,0.8461538461538461,0.0
309,6,soft_dt_jump,24,690,6,17,1,0.25,0.7083333333333334,0.041666666666666664,0.8333333333333334,0.041666666666666664,0.5416666666666666,0.0
310,3,soft_dt_jump,19,500,7,5,7,0.3684210526315789,0.2631578947368421,0.3684210526315789,0.21052631578947367,0.3684210526315789,0.21052631578947367,0.0
311,1,soft_dt_jump,29,1040,10,17,2,0.3448275862068966,0.5862068965517241,0.06896551724137931,0.6551724137931034,0.20689655172413793,0.3793103448275862,0.0
312,2,soft_dt_jump,30,800,11,19,0,0.36666666666666664,0.6333333333333333,0.0,0.6,0.4,0.4,0.0
313,2,soft_dt_jump,33,890,13,19,1,0.3939393939393939,0.5757575757575758,0.030303030303030304,0.3939393939393939,0.42424242424242425,0.15151515151515152,0.0
314,0,soft_dt_jump,17,0,15,2,0,0.8823529411764706,0.11764705882352941,0.0,1.0,0.0,1.0,0.0
315,6,soft_dt_jump,28,730,10,18,0,0.35714285714285715,0.6428571428571429,0.0,0.8571428571428571,0.07142857142857142,0.6785714285714286,0.0
316,2,soft_dt_jump,8,300,3,5,0,0.375,0.625,0.0,0.375,0.625,0.125,0.0
317,1,soft_state_jump,24,660,6,16,2,0.25,0.6666666666666666,0.08333333333333333,0.9166666666666666,0.0,0.4166666666666667,0.0
318,6,soft_dt_jump,16,410,3,13,0,0.1875,0.8125,0.0,0.9375,0.0625,0.5,0.0
319,6,soft_dt_jump,15,240,6,9,0,0.4,0.6,0.0,0.9333333333333333,0.06666666666666667,0.4,0.0
320,2,soft_dt_jump,17,580,3,13,1,0.17647058823529413,0.7647058823529411,0.058823529411764705,0.9411764705882353,0.0,0.17647058823529413,0.0
321,6,soft_dt_jump,14,610,5,7,2,0.35714285714285715,0.5,0.14285714285714285,0.8571428571428571,0.0,0.35714285714285715,0.0
322,5,soft_state_jump,33,1360,8,20,5,0.24242424242424243,0.6060606060606061,0.15151515151515152,0.3939393939393939,0.030303030303030304,0.15151515151515152,0.3939393939393939
323,5,soft_dt_jump,9,210,3,4,2,0.3333333333333333,0.4444444444444444,0.2222222222222222,0.2222222222222222,0.1111111111111111,0.0,0.3333333333333333
324,5,soft_dt_jump,26,1260,2,21,3,0.07692307692307693,0.8076923076923077,0.11538461538461539,0.5,0.0,0.23076923076923078,0.3076923076923077
325,1,soft_state_jump,41,1570,16,24,1,0.3902439024390244,0.5853658536585366,0.024390243902439025,0.5365853658536586,0.36585365853658536,0.17073170731707318,0.0
326,6,soft_dt_jump,15,240,7,7,1,0.4666666666666667,0.4666666666666667,0.06666666666666667,0.8666666666666667,0.0,0.5333333333333333,0.0
327,6,soft_dt_jump,24,600,9,14,1,0.375,0.5833333333333334,0.041666666666666664,0.625,0.25,0.25,0.0
328,2,soft_dt_jump,11,260,4,6,1,0.36363636363636365,0.5454545454545454,0.09090909090909091,0.5454545454545454,0.36363636363636365,0.09090909090909091,0.0
329,7,soft_state_jump,53,0,52,1,0,0.9811320754716981,0.018867924528301886,0.0,0.0,0.8867924528301887,0.0,0.0
330,7,soft_dt_jump,27,540,13,13,1,0.48148148148148145,0.48148148148148145,0.037037037037037035,0.14814814814814814,0.37037037037037035,0.0,0.0
331,7,soft_dt_jump,26,470,11,13,2,0.4230769230769231,0.5,0.07692307692307693,0.19230769230769232,0.4230769230769231,0.0,0.0
332,0,soft_dt_jump,63,300,56,7,0,0.8888888888888888,0.1111111111111111,0.0,0.7936507936507936,0.09523809523809523,0.7777777777777778,0.0
333,7,soft_dt_jump,24,690,14,10,0,0.5833333333333334,0.4166666666666667,0.0,0.08333333333333333,0.2916666666666667,0.0,0.0
334,7,soft_dt_jump,25,190,20,4,1,0.8,0.16,0.04,0.04,0.04,0.0,0.0
335,1,soft_dt_jump,64,2640,13,49,2,0.203125,0.765625,0.03125,0.65625,0.25,0.21875,0.0
336,4,max_events_per_episode,8,180,1,7,0,0.125,0.875,0.0,0.75,0.25,0.25,0.0
337,1,soft_dt_jump,30,1260,8,19,3,0.26666666666666666,0.6333333333333333,0.1,0.8333333333333334,0.06666666666666667,0.4,0.0
338,1,soft_dt_jump,30,950,6,23,1,0.2,0.7666666666666667,0.03333333333333333,0.8333333333333334,0.1,0.3333333333333333,0.0
339,2,soft_dt_jump,20,760,3,16,1,0.15,0.8,0.05,0.5,0.35,0.05,0.0
340,1,soft_state_jump,44,1020,13,28,3,0.29545454545454547,0.6363636363636364,0.06818181818181818,0.6363636363636364,0.2727272727272727,0.2727272727272727,0.0
341,0,soft_dt_jump,33,350,27,5,1,0.8181818181818182,0.15151515151515152,0.030303030303030304,0.8181818181818182,0.15151515151515152,0.2727272727272727,0.0
342,7,soft_dt_jump,8,50,6,2,0,0.75,0.25,0.0,0.75,0.25,0.0,0.0
343,1,soft_dt_jump,28,1030,6,21,1,0.21428571428571427,0.75,0.03571428571428571,0.75,0.14285714285714285,0.32142857142857145,0.0
344,2,soft_side_flip_with_dt_jump,12,300,4,7,1,0.3333333333333333,0.5833333333333334,0.08333333333333333,0.4166666666666667,0.25,0.16666666666666666,0.0
345,1,soft_dt_jump,36,800,15,20,1,0.4166666666666667,0.5555555555555556,0.027777777777777776,0.5277777777777778,0.3333333333333333,0.3888888888888889,0.0
346,6,soft_dt_jump,10,160,4,6,0,0.4,0.6,0.0,1.0,0.0,0.5,0.0
347,2,soft_dt_jump,37,1330,12,25,0,0.32432432432432434,0.6756756756756757,0.0,0.32432432432432434,0.4864864864864865,0.16216216216216217,0.0
348,4,soft_dt_jump,11,260,2,9,0,0.18181818181818182,0.8181818181818182,0.0,0.5454545454545454,0.18181818181818182,0.18181818181818182,0.0
349,1,soft_state_jump,29,710,7,21,1,0.2413793103448276,0.7241379310344828,0.034482758620689655,0.6206896551724138,0.2413793103448276,0.2413793103448276,0.0
350,0,soft_dt_jump,18,310,12,6,0,0.6666666666666666,0.3333333333333333,0.0,0.9444444444444444,0.0,0.0,0.0
351,2,soft_dt_jump,9,330,2,5,2,0.2222222222222222,0.5555555555555556,0.2222222222222222,0.7777777777777778,0.0,0.4444444444444444,0.0
352,6,soft_dt_jump,8,430,3,4,1,0.375,0.5,0.125,0.875,0.0,0.25,0.0
353,4,soft_dt_jump,17,270,4,13,0,0.23529411764705882,0.7647058823529411,0.0,0.9411764705882353,0.058823529411764705,0.35294117647058826,0.0
354,7,soft_dt_jump,33,400,23,8,2,0.696969696969697,0.24242424242424243,0.06060606060606061,0.24242424242424243,0.696969696969697,0.09090909090909091,0.0
355,1,soft_dt_jump,27,1300,5,20,2,0.18518518518518517,0.7407407407407407,0.07407407407407407,0.5925925925925926,0.25925925925925924,0.2222222222222222,0.0
356,2,soft_dt_jump,22,630,5,17,0,0.22727272727272727,0.7727272727272727,0.0,0.6818181818181818,0.22727272727272727,0.3181818181818182,0.0
357,1,soft_dt_jump,22,1030,2,17,3,0.09090909090909091,0.7727272727272727,0.13636363636363635,0.6363636363636364,0.13636363636363635,0.3181818181818182,0.0
358,1,soft_state_jump,32,880,9,20,3,0.28125,0.625,0.09375,0.65625,0.21875,0.4375,0.0
359,2,soft_dt_jump,24,600,11,13,0,0.4583333333333333,0.5416666666666666,0.0,0.4583333333333333,0.5,0.2916666666666667,0.0
360,4,soft_dt_jump,9,100,2,7,0,0.2222222222222222,0.7777777777777778,0.0,0.4444444444444444,0.4444444444444444,0.2222222222222222,0.0
361,1,soft_dt_jump,30,1090,5,22,3,0.16666666666666666,0.7333333333333333,0.1,0.6666666666666666,0.16666666666666666,0.3,0.0
362,2,soft_state_jump,18,470,7,10,1,0.3888888888888889,0.5555555555555556,0.05555555555555555,0.5555555555555556,0.3888888888888889,0.3333333333333333,0.0
363,6,soft_dt_jump,38,940,11,27,0,0.2894736842105263,0.7105263157894737,0.0,0.6578947368421053,0.34210526315789475,0.5263157894736842,0.0
364,7,soft_dt_jump,8,30,6,2,0,0.75,0.25,0.0,0.0,1.0,0.0,0.0
365,2,soft_dt_jump,28,720,12,15,1,0.42857142857142855,0.5357142857142857,0.03571428571428571,0.39285714285714285,0.5,0.25,0.0
366,7,soft_dt_jump,16,280,10,5,1,0.625,0.3125,0.0625,0.3125,0.625,0.25,0.0
367,4,soft_dt_jump,11,180,2,9,0,0.18181818181818182,0.8181818181818182,0.0,0.8181818181818182,0.18181818181818182,0.6363636363636364,0.0
368,2,soft_dt_jump,31,880,12,19,0,0.3870967741935484,0.6129032258064516,0.0,0.3225806451612903,0.5483870967741935,0.0967741935483871,0.0
369,7,soft_dt_jump,27,410,18,9,0,0.6666666666666666,0.3333333333333333,0.0,0.37037037037037035,0.5925925925925926,0.25925925925925924,0.0
370,2,soft_dt_jump,10,150,2,6,2,0.2,0.6,0.2,0.5,0.3,0.3,0.0
371,6,soft_side_flip_with_dt_jump,21,370,8,13,0,0.38095238095238093,0.6190476190476191,0.0,0.6190476190476191,0.38095238095238093,0.3333333333333333,0.0
372,1,soft_dt_jump,24,1190,1,18,5,0.041666666666666664,0.75,0.20833333333333334,0.5833333333333334,0.08333333333333333,0.25,0.0
373,2,soft_state_jump,9,140,3,5,1,0.3333333333333333,0.5555555555555556,0.1111111111111111,0.3333333333333333,0.4444444444444444,0.3333333333333333,0.0
374,3,soft_dt_jump,21,590,6,12,3,0.2857142857142857,0.5714285714285714,0.14285714285714285,0.42857142857142855,0.38095238095238093,0.19047619047619047,0.0
375,7,soft_dt_jump,9,30,7,2,0,0.7777777777777778,0.2222222222222222,0.0,0.1111111111111111,0.8888888888888888,0.1111111111111111,0.0
376,2,soft_dt_jump,9,160,3,6,0,0.3333333333333333,0.6666666666666666,0.0,0.3333333333333333,0.4444444444444444,0.2222222222222222,0.0
377,2,soft_dt_jump,40,1550,9,31,0,0.225,0.775,0.0,0.525,0.425,0.15,0.0
378,6,soft_dt_jump,14,260,3,10,1,0.21428571428571427,0.7142857142857143,0.07142857142857142,0.9285714285714286,0.0,0.5,0.0
379,6,soft_dt_jump,17,430,3,10,4,0.17647058823529413,0.5882352941176471,0.23529411764705882,0.7647058823529411,0.0,0.4117647058823529,0.0
380,1,soft_dt_jump,42,1400,9,28,5,0.21428571428571427,0.6666666666666666,0.11904761904761904,0.7857142857142857,0.047619047619047616,0.2857142857142857,0.0
381,1,soft_dt_jump,64,1610,11,48,5,0.171875,0.75,0.078125,0.78125,0.0625,0.359375,0.0
382,0,max_events_per_episode,40,490,28,12,0,0.7,0.3,0.0,0.875,0.1,0.55,0.0
383,1,soft_dt_jump,43,1400,13,24,6,0.3023255813953488,0.5581395348837209,0.13953488372093023,0.7209302325581395,0.11627906976744186,0.37209302325581395,0.0
384,6,soft_dt_jump,10,240,5,5,0,0.5,0.5,0.0,0.9,0.0,0.6,0.0
385,0,soft_dt_jump,64,1220,43,18,3,0.671875,0.28125,0.046875,0.921875,0.03125,0.21875,0.0
386,0,max_events_per_episode,24,0,24,0,0,1.0,0.0,0.0,1.0,0.0,0.0,0.0
387,1,soft_dt_jump,23,720,7,15,1,0.30434782608695654,0.6521739130434783,0.043478260869565216,0.8695652173913043,0.08695652173913043,0.2608695652173913,0.0
388,3,soft_dt_jump,13,690,1,8,4,0.07692307692307693,0.6153846153846154,0.3076923076923077,0.46153846153846156,0.07692307692307693,0.15384615384615385,0.0
389,2,soft_state_jump,41,1640,10,29,2,0.24390243902439024,0.7073170731707317,0.04878048780487805,0.24390243902439024,0.6341463414634146,0.04878048780487805,0.024390243902439025
390,5,soft_dt_jump,22,1140,7,12,3,0.3181818181818182,0.5454545454545454,0.13636363636363635,0.18181818181818182,0.45454545454545453,0.045454545454545456,0.045454545454545456
391,6,soft_dt_jump,14,570,8,6,0,0.5714285714285714,0.42857142857142855,0.0,1.0,0.0,0.7142857142857143,0.0
392,0,soft_dt_jump,9,160,5,3,1,0.5555555555555556,0.3333333333333333,0.1111111111111111,0.8888888888888888,0.0,0.5555555555555556,0.0
393,6,soft_dt_jump,17,500,5,11,1,0.29411764705882354,0.6470588235294118,0.058823529411764705,0.8823529411764706,0.0,0.5882352941176471,0.0
394,2,soft_dt_jump,18,840,3,15,0,0.16666666666666666,0.8333333333333334,0.0,1.0,0.0,0.3888888888888889,0.0
395,6,soft_dt_jump,13,340,3,9,1,0.23076923076923078,0.6923076923076923,0.07692307692307693,0.6153846153846154,0.15384615384615385,0.38461538461538464,0.0
396,1,soft_dt_jump,41,1460,9,27,5,0.21951219512195122,0.6585365853658537,0.12195121951219512,0.6585365853658537,0.14634146341463414,0.34146341463414637,0.0
397,1,soft_side_flip_with_dt_jump,30,1650,4,24,2,0.13333333333333333,0.8,0.06666666666666667,0.8333333333333334,0.03333333333333333,0.2,0.0
398,1,soft_state_jump,35,1670,5,29,1,0.14285714285714285,0.8285714285714286,0.02857142857142857,0.6857142857142857,0.2,0.17142857142857143,0.0
399,1,soft_dt_jump,26,630,2,22,2,0.07692307692307693,0.8461538461538461,0.07692307692307693,0.4230769230769231,0.2692307692307692,0.11538461538461539,0.0
400,2,soft_dt_jump,14,400,2,10,2,0.14285714285714285,0.7142857142857143,0.14285714285714285,0.2857142857142857,0.2857142857142857,0.0,0.0
401,1,soft_dt_jump,61,2510,17,42,2,0.2786885245901639,0.6885245901639344,0.03278688524590164,0.36065573770491804,0.5081967213114754,0.14754098360655737,0.0
402,1,soft_dt_jump,31,1130,5,25,1,0.16129032258064516,0.8064516129032258,0.03225806451612903,0.45161290322580644,0.2903225806451613,0.16129032258064516,0.0
403,2,soft_dt_jump,16,390,3,13,0,0.1875,0.8125,0.0,0.375,0.4375,0.0,0.0
404,2,soft_dt_jump,31,1260,5,26,0,0.16129032258064516,0.8387096774193549,0.0,0.4838709677419355,0.3870967741935484,0.0967741935483871,0.0
405,7,soft_side_flip_with_dt_jump,15,0,14,1,0,0.9333333333333333,0.06666666666666667,0.0,0.0,1.0,0.0,0.0
406,2,soft_dt_jump,21,1060,9,11,1,0.42857142857142855,0.5238095238095238,0.047619047619047616,0.3333333333333333,0.5238095238095238,0.047619047619047616,0.0
407,1,soft_dt_jump,33,1170,5,25,3,0.15151515151515152,0.7575757575757576,0.09090909090909091,0.42424242424242425,0.3333333333333333,0.21212121212121213,0.0
408,2,soft_dt_jump,15,390,5,10,0,0.3333333333333333,0.6666666666666666,0.0,0.13333333333333333,0.6666666666666666,0.06666666666666667,0.0
409,1,soft_dt_jump,64,3250,10,50,4,0.15625,0.78125,0.0625,0.796875,0.078125,0.328125,0.0
410,6,max_events_per_episode,8,200,4,4,0,0.5,0.5,0.0,0.875,0.0,0.5,0.0
411,0,soft_dt_jump,26,640,17,9,0,0.6538461538461539,0.34615384615384615,0.0,0.9615384615384616,0.0,0.7692307692307693,0.0
412,6,soft_dt_jump,42,1610,10,32,0,0.23809523809523808,0.7619047619047619,0.0,0.8571428571428571,0.07142857142857142,0.42857142857142855,0.0
413,2,soft_dt_jump,24,1230,2,18,4,0.08333333333333333,0.75,0.16666666666666666,0.5416666666666666,0.2916666666666667,0.041666666666666664,0.0
414,2,soft_dt_jump,11,360,3,7,1,0.2727272727272727,0.6363636363636364,0.09090909090909091,0.36363636363636365,0.45454545454545453,0.09090909090909091,0.0
415,2,soft_dt_jump,10,370,2,7,1,0.2,0.7,0.1,0.2,0.6,0.0,0.0
416,1,soft_side_flip_with_dt_jump,53,2180,13,39,1,0.24528301886792453,0.7358490566037735,0.018867924528301886,0.5283018867924528,0.2830188679245283,0.24528301886792453,0.0
417,1,soft_dt_jump,35,1260,9,25,1,0.2571428571428571,0.7142857142857143,0.02857142857142857,0.37142857142857144,0.4857142857142857,0.14285714285714285,0.0
418,2,soft_state_jump,24,660,6,17,1,0.25,0.7083333333333334,0.041666666666666664,0.3333333333333333,0.5,0.041666666666666664,0.0
419,6,soft_dt_jump,28,1140,10,17,1,0.35714285714285715,0.6071428571428571,0.03571428571428571,0.5,0.35714285714285715,0.39285714285714285,0.0
420,6,soft_dt_jump,17,400,9,7,1,0.5294117647058824,0.4117647058823529,0.058823529411764705,0.5294117647058824,0.4117647058823529,0.4117647058823529,0.0
421,2,soft_dt_jump,8,410,1,7,0,0.125,0.875,0.0,0.75,0.25,0.125,0.0
422,1,soft_state_jump,59,1930,20,36,3,0.3389830508474576,0.6101694915254238,0.05084745762711865,0.6440677966101694,0.2542372881355932,0.423728813559322,0.0
423,1,soft_dt_jump,29,700,8,18,3,0.27586206896551724,0.6206896551724138,0.10344827586206896,0.27586206896551724,0.5172413793103449,0.10344827586206896,0.0
424,7,soft_dt_jump,12,130,6,6,0,0.5,0.5,0.0,0.25,0.6666666666666666,0.08333333333333333,0.0
425,1,soft_dt_jump,39,1390,11,27,1,0.28205128205128205,0.6923076923076923,0.02564102564102564,0.48717948717948717,0.4358974358974359,0.2564102564102564,0.0
426,2,soft_dt_jump,15,460,5,9,1,0.3333333333333333,0.6,0.06666666666666667,0.6666666666666666,0.26666666666666666,0.4,0.0
427,7,soft_dt_jump,23,390,12,11,0,0.5217391304347826,0.4782608695652174,0.0,0.43478260869565216,0.5217391304347826,0.21739130434782608,0.0
428,7,soft_dt_jump,8,50,5,3,0,0.625,0.375,0.0,0.125,0.625,0.0,0.0
429,7,soft_dt_jump,10,40,7,3,0,0.7,0.3,0.0,0.3,0.7,0.2,0.0
430,7,soft_dt_jump,10,80,5,5,0,0.5,0.5,0.0,0.3,0.5,0.2,0.0
431,2,soft_dt_jump,19,890,3,15,1,0.15789473684210525,0.7894736842105263,0.05263157894736842,0.6842105263157895,0.2631578947368421,0.21052631578947367,0.0
432,2,soft_dt_jump,17,480,6,10,1,0.35294117647058826,0.5882352941176471,0.058823529411764705,0.29411764705882354,0.5882352941176471,0.11764705882352941,0.0
433,1,soft_side_flip_with_dt_jump,33,1280,8,24,1,0.24242424242424243,0.7272727272727273,0.030303030303030304,0.6363636363636364,0.2727272727272727,0.2727272727272727,0.0
434,6,soft_state_jump,12,620,3,8,1,0.25,0.6666666666666666,0.08333333333333333,0.75,0.08333333333333333,0.5,0.0
435,6,soft_dt_jump,21,860,6,13,2,0.2857142857142857,0.6190476190476191,0.09523809523809523,0.8571428571428571,0.0,0.47619047619047616,0.0
436,7,soft_dt_jump,46,1220,26,20,0,0.5652173913043478,0.43478260869565216,0.0,0.43478260869565216,0.4782608695652174,0.1956521739130435,0.0
437,1,soft_dt_jump,36,1220,4,26,6,0.1111111111111111,0.7222222222222222,0.16666666666666666,0.6388888888888888,0.16666666666666666,0.2222222222222222,0.0
438,6,soft_dt_jump,29,1210,8,20,1,0.27586206896551724,0.6896551724137931,0.034482758620689655,0.896551724137931,0.06896551724137931,0.4482758620689655,0.0
439,6,soft_dt_jump,15,620,5,10,0,0.3333333333333333,0.6666666666666666,0.0,0.7333333333333333,0.2,0.4,0.0
440,1,soft_dt_jump,38,2100,9,26,3,0.23684210526315788,0.6842105263157895,0.07894736842105263,0.7368421052631579,0.13157894736842105,0.47368421052631576,0.0
441,6,soft_dt_jump,10,170,5,5,0,0.5,0.5,0.0,0.8,0.1,0.6,0.0
442,1,soft_dt_jump,25,1160,4,19,2,0.16,0.76,0.08,0.68,0.16,0.36,0.0
443,1,soft_dt_jump,25,910,4,20,1,0.16,0.8,0.04,0.88,0.08,0.28,0.0
444,6,soft_dt_jump,9,80,2,5,2,0.2222222222222222,0.5555555555555556,0.2222222222222222,0.6666666666666666,0.0,0.4444444444444444,0.0
445,6,soft_dt_jump,11,290,4,7,0,0.36363636363636365,0.6363636363636364,0.0,0.6363636363636364,0.36363636363636365,0.5454545454545454,0.0
446,0,soft_dt_jump,18,350,11,5,2,0.6111111111111112,0.2777777777777778,0.1111111111111111,0.7777777777777778,0.05555555555555555,0.6666666666666666,0.0
447,6,soft_dt_jump,12,640,3,9,0,0.25,0.75,0.0,0.8333333333333334,0.08333333333333333,0.5,0.0
448,6,soft_dt_jump,23,860,4,19,0,0.17391304347826086,0.8260869565217391,0.0,0.6086956521739131,0.17391304347826086,0.34782608695652173,0.0
449,1,soft_side_flip_with_dt_jump,35,900,8,22,5,0.22857142857142856,0.6285714285714286,0.14285714285714285,0.6,0.22857142857142856,0.2857142857142857,0.0
450,0,soft_state_jump,9,130,6,3,0,0.6666666666666666,0.3333333333333333,0.0,1.0,0.0,0.8888888888888888,0.0
451,1,soft_dt_jump,35,1120,8,22,5,0.22857142857142856,0.6285714285714286,0.14285714285714285,0.6,0.2,0.37142857142857144,0.0
452,1,soft_dt_jump,33,1130,12,20,1,0.36363636363636365,0.6060606060606061,0.030303030303030304,0.48484848484848486,0.45454545454545453,0.30303030303030304,0.0
453,2,soft_dt_jump,19,1040,5,13,1,0.2631578947368421,0.6842105263157895,0.05263157894736842,0.5789473684210527,0.3684210526315789,0.3157894736842105,0.0
454,1,soft_dt_jump,39,1730,6,28,5,0.15384615384615385,0.717948717948718,0.1282051282051282,0.5641025641025641,0.1282051282051282,0.28205128205128205,0.0
455,2,soft_dt_jump,12,450,4,7,1,0.3333333333333333,0.5833333333333334,0.08333333333333333,0.6666666666666666,0.25,0.4166666666666667,0.0
456,0,soft_dt_jump,53,960,41,12,0,0.7735849056603774,0.22641509433962265,0.0,0.8490566037735849,0.1509433962264151,0.7735849056603774,0.0
457,1,soft_dt_jump,64,2390,17,44,3,0.265625,0.6875,0.046875,0.5,0.3125,0.296875,0.0
458,1,max_events_per_episode,47,2390,13,30,4,0.2765957446808511,0.6382978723404256,0.0851063829787234,0.2127659574468085,0.5319148936170213,0.0,0.0
459,2,soft_dt_jump,18,730,5,13,0,0.2777777777777778,0.7222222222222222,0.0,0.3888888888888889,0.4444444444444444,0.0,0.0
460,2,soft_dt_jump,9,160,2,5,2,0.2222222222222222,0.5555555555555556,0.2222222222222222,0.3333333333333333,0.3333333333333333,0.0,0.0
461,2,soft_side_flip_with_dt_jump,19,850,5,13,1,0.2631578947368421,0.6842105263157895,0.05263157894736842,0.5263157894736842,0.21052631578947367,0.15789473684210525,0.0
462,1,soft_state_jump,64,2880,15,35,14,0.234375,0.546875,0.21875,0.3125,0.40625,0.140625,0.0
463,2,max_events_per_episode,20,690,4,16,0,0.2,0.8,0.0,0.6,0.25,0.3,0.0
464,6,soft_dt_jump,8,240,2,5,1,0.25,0.625,0.125,0.5,0.25,0.375,0.0
465,2,soft_dt_jump,13,620,1,11,1,0.07692307692307693,0.8461538461538461,0.07692307692307693,0.6153846153846154,0.23076923076923078,0.0,0.0
466,2,soft_dt_jump,14,320,4,8,2,0.2857142857142857,0.5714285714285714,0.14285714285714285,0.14285714285714285,0.42857142857142855,0.07142857142857142,0.0
467,1,soft_side_flip_with_dt_jump,33,1340,6,22,5,0.18181818181818182,0.6666666666666666,0.15151515151515152,0.42424242424242425,0.3333333333333333,0.21212121212121213,0.0
468,1,soft_side_flip_with_dt_jump,64,2890,31,31,2,0.484375,0.484375,0.03125,0.6875,0.265625,0.4375,0.0
469,0,max_events_per_episode,12,0,12,0,0,1.0,0.0,0.0,1.0,0.0,1.0,0.0
470,2,soft_dt_jump,15,580,3,12,0,0.2,0.8,0.0,0.6,0.26666666666666666,0.26666666666666666,0.0
471,6,soft_side_flip_with_dt_jump,14,530,6,7,1,0.42857142857142855,0.5,0.07142857142857142,0.5714285714285714,0.2857142857142857,0.42857142857142855,0.0
472,6,soft_state_jump,24,1020,9,14,1,0.375,0.5833333333333334,0.041666666666666664,0.7083333333333334,0.16666666666666666,0.5833333333333334,0.0
473,0,soft_dt_jump,45,400,37,7,1,0.8222222222222222,0.15555555555555556,0.022222222222222223,0.9333333333333333,0.022222222222222223,0.8666666666666667,0.0
474,0,soft_dt_jump,17,180,13,4,0,0.7647058823529411,0.23529411764705882,0.0,0.8823529411764706,0.058823529411764705,0.8235294117647058,0.0
475,6,soft_dt_jump,13,290,4,9,0,0.3076923076923077,0.6923076923076923,0.0,0.7692307692307693,0.07692307692307693,0.46153846153846156,0.0
476,2,soft_dt_jump,20,650,4,16,0,0.2,0.8,0.0,0.9,0.1,0.4,0.0
477,2,soft_state_jump,14,460,4,8,2,0.2857142857142857,0.5714285714285714,0.14285714285714285,0.14285714285714285,0.5,0.0,0.0
478,1,soft_dt_jump,64,3300,9,41,14,0.140625,0.640625,0.21875,0.28125,0.328125,0.03125,0.0
479,7,max_events_per_episode,27,360,19,8,0,0.7037037037037037,0.2962962962962963,0.0,0.07407407407407407,0.8148148148148148,0.0,0.0
480,1,soft_dt_jump,33,1750,8,23,2,0.24242424242424243,0.696969696969697,0.06060606060606061,0.2727272727272727,0.3333333333333333,0.06060606060606061,0.0
481,6,soft_state_jump,12,400,4,8,0,0.3333333333333333,0.6666666666666666,0.0,0.6666666666666666,0.25,0.4166666666666667,0.0
482,1,soft_side_flip_with_dt_jump,51,1780,13,33,5,0.2549019607843137,0.6470588235294118,0.09803921568627451,0.45098039215686275,0.29411764705882354,0.23529411764705882,0.0
483,2,soft_dt_jump,18,320,6,9,3,0.3333333333333333,0.5,0.16666666666666666,0.4444444444444444,0.3333333333333333,0.3333333333333333,0.0
484,2,soft_dt_jump,15,740,3,10,2,0.2,0.6666666666666666,0.13333333333333333,0.4666666666666667,0.3333333333333333,0.13333333333333333,0.0
485,1,soft_dt_jump,41,1850,10,29,2,0.24390243902439024,0.7073170731707317,0.04878048780487805,0.4146341463414634,0.43902439024390244,0.17073170731707318,0.0
486,7,soft_state_jump,23,400,11,10,2,0.4782608695652174,0.43478260869565216,0.08695652173913043,0.43478260869565216,0.43478260869565216,0.34782608695652173,0.0
487,6,soft_dt_jump,17,290,6,10,1,0.35294117647058826,0.5882352941176471,0.058823529411764705,0.5882352941176471,0.35294117647058826,0.47058823529411764,0.0
488,1,soft_dt_jump,30,1000,12,16,2,0.4,0.5333333333333333,0.06666666666666667,0.4,0.5,0.23333333333333334,0.0
489,2,soft_dt_jump,25,790,10,11,4,0.4,0.44,0.16,0.24,0.52,0.08,0.0
490,7,soft_dt_jump,11,240,5,6,0,0.45454545454545453,0.5454545454545454,0.0,0.36363636363636365,0.6363636363636364,0.18181818181818182,0.0
491,2,soft_dt_jump,21,640,4,16,1,0.19047619047619047,0.7619047619047619,0.047619047619047616,0.42857142857142855,0.42857142857142855,0.09523809523809523,0.0
492,0,soft_dt_jump,45,660,38,7,0,0.8444444444444444,0.15555555555555556,0.0,0.8222222222222222,0.15555555555555556,0.7777777777777778,0.0
493,6,soft_dt_jump,9,270,4,5,0,0.4444444444444444,0.5555555555555556,0.0,1.0,0.0,0.5555555555555556,0.0
494,2,soft_side_flip_with_dt_jump,12,920,1,9,2,0.08333333333333333,0.75,0.16666666666666666,0.4166666666666667,0.3333333333333333,0.0,0.0
495,1,soft_state_jump,40,2040,11,27,2,0.275,0.675,0.05,0.8,0.05,0.55,0.0
496,6,soft_dt_jump,11,320,5,6,0,0.45454545454545453,0.5454545454545454,0.0,1.0,0.0,0.7272727272727273,0.0
497,0,soft_dt_jump,11,90,7,4,0,0.6363636363636364,0.36363636363636365,0.0,1.0,0.0,0.8181818181818182,0.0
498,6,soft_dt_jump,14,690,4,9,1,0.2857142857142857,0.6428571428571429,0.07142857142857142,0.7142857142857143,0.21428571428571427,0.35714285714285715,0.0
499,6,soft_dt_jump,27,690,10,16,1,0.37037037037037035,0.5925925925925926,0.037037037037037035,0.8888888888888888,0.07407407407407407,0.6666666666666666,0.0
500,6,soft_dt_jump,12,410,5,7,0,0.4166666666666667,0.5833333333333334,0.0,0.9166666666666666,0.08333333333333333,0.6666666666666666,0.0
501,0,soft_dt_jump,14,280,10,4,0,0.7142857142857143,0.2857142857142857,0.0,0.9285714285714286,0.0,0.14285714285714285,0.0
502,6,soft_dt_jump,12,590,4,7,1,0.3333333333333333,0.5833333333333334,0.08333333333333333,0.9166666666666666,0.0,0.5833333333333334,0.0
503,6,soft_dt_jump,30,1130,7,21,2,0.23333333333333334,0.7,0.06666666666666667,0.8333333333333334,0.03333333333333333,0.5,0.0
504,0,soft_dt_jump,17,240,11,5,1,0.6470588235294118,0.29411764705882354,0.058823529411764705,0.9411764705882353,0.0,0.4117647058823529,0.0
505,6,soft_dt_jump,22,910,5,16,1,0.22727272727272727,0.7272727272727273,0.045454545454545456,0.9545454545454546,0.0,0.5454545454545454,0.0
506,2,soft_dt_jump,11,690,2,7,2,0.18181818181818182,0.6363636363636364,0.18181818181818182,0.6363636363636364,0.18181818181818182,0.2727272727272727,0.0
507,6,soft_dt_jump,15,400,5,10,0,0.3333333333333333,0.6666666666666666,0.0,1.0,0.0,0.6,0.0
508,1,soft_dt_jump,47,1770,16,29,2,0.3404255319148936,0.6170212765957447,0.0425531914893617,0.9148936170212766,0.0425531914893617,0.5957446808510638,0.0
509,2,soft_dt_jump,39,1100,12,26,1,0.3076923076923077,0.6666666666666666,0.02564102564102564,0.41025641025641024,0.4358974358974359,0.1794871794871795,0.0
510,1,soft_dt_jump,44,1830,8,34,2,0.18181818181818182,0.7727272727272727,0.045454545454545456,0.3181818181818182,0.5,0.09090909090909091,0.0
511,0,soft_dt_jump,47,330,42,4,1,0.8936170212765957,0.0851063829787234,0.02127659574468085,0.9148936170212766,0.02127659574468085,0.9148936170212766,0.0
512,2,soft_dt_jump,24,830,7,15,2,0.2916666666666667,0.625,0.08333333333333333,0.125,0.625,0.041666666666666664,0.0
513,6,soft_dt_jump,17,350,9,8,0,0.5294117647058824,0.47058823529411764,0.0,0.8235294117647058,0.11764705882352941,0.5882352941176471,0.0
514,7,soft_dt_jump,21,170,18,3,0,0.8571428571428571,0.14285714285714285,0.0,0.047619047619047616,0.9523809523809523,0.0,0.0
515,2,soft_dt_jump,11,590,1,10,0,0.09090909090909091,0.8888888888888888,0.0,0.45454545454545453,0.36363636363636365,0.09090909090909091,0.0
516,2,soft_state_jump,25,840,5,19,1,0.2,0.76,0.04,0.6,0.32,0.12,0.0
517,1,soft_dt_jump,24,1110,11,12,1,0.4583333333333333,0.5,0.041666666666666664,0.6666666666666666,0.2916666666666667,0.375,0.0
518,2,soft_dt_jump,9,340,1,8,0,0.1111111111111111,0.8888888888888888,0.0,0.6666666666666666,0.3333333333333333,0.1111111111111111,0.0
519,6,soft_dt_jump,17,380,5,11,1,0.29411764705882354,0.6470588235294118,0.058823529411764705,0.5294117647058824,0.29411764705882354,0.35294117647058826,0.0
520,6,soft_dt_jump,8,190,5,3,0,0.625,0.375,0.0,0.625,0.375,0.625,0.0
521,2,soft_dt_jump,10,190,2,8,0,0.2,0.8,0.0,0.3,0.6,0.1,0.0
522,0,soft_dt_jump,35,230,31,3,1,0.8857142857142857,0.08571428571428572,0.02857142857142857,0.9142857142857143,0.02857142857142857,0.9142857142857143,0.0
523,1,soft_dt_jump,29,1350,5,20,4,0.1724137931034483,0.6896551724137931,0.13793103448275862,0.5172413793103449,0.3448275862068966,0.2413793103448276,0.0
524,6,soft_state_jump,14,350,4,9,1,0.2857142857142857,0.6428571428571429,0.07142857142857142,0.5714285714285714,0.35714285714285715,0.2857142857142857,0.0
525,7,soft_dt_jump,8,10,6,2,0,0.75,0.25,0.0,0.125,0.75,0.125,0.0
526,7,soft_dt_jump,15,110,10,5,0,0.6666666666666666,0.3333333333333333,0.0,0.13333333333333333,0.8,0.13333333333333333,0.0
527,2,soft_dt_jump,11,620,3,7,1,0.2727272727272727,0.6363636363636364,0.09090909090909091,0.5454545454545454,0.36363636363636365,0.18181818181818182,0.0
528,2,soft_dt_jump,11,430,3,7,1,0.2727272727272727,0.6363636363636364,0.09090909090909091,0.36363636363636365,0.45454545454545453,0.18181818181818182,0.0
529,2,soft_dt_jump,10,770,2,8,0,0.2,0.8,0.0,0.4,0.4,0.0,0.0
530,1,soft_state_jump,44,2920,7,34,3,0.1590909090909091,0.7727272727272727,0.06818181818181818,0.6363636363636364,0.25,0.25,0.0
531,7,soft_state_jump,64,670,50,13,1,0.78125,0.203125,0.015625,0.140625,0.15625,0.078125,0.0
532,0,max_events_per_episode,21,0,21,0,0,1.0,0.0,0.0,0.0,0.0,0.0,0.0
533,1,soft_dt_jump,27,1050,8,17,2,0.2962962962962963,0.6296296296296297,0.07407407407407407,0.6296296296296297,0.2962962962962963,0.48148148148148145,0.0
534,1,soft_dt_jump,20,1000,2,14,4,0.1,0.7,0.2,0.5,0.25,0.15,0.0
535,6,soft_side_flip_with_dt_jump,8,240,4,4,0,0.5,0.5,0.0,0.625,0.375,0.5,0.0
536,7,soft_dt_jump,8,110,5,3,0,0.625,0.375,0.0,0.25,0.625,0.25,0.0
537,1,soft_dt_jump,23,1320,5,16,2,0.21739130434782608,0.6956521739130435,0.08695652173913043,0.5217391304347826,0.2608695652173913,0.17391304347826086,0.0
538,2,soft_dt_jump,13,820,2,11,0,0.15384615384615385,0.8461538461538461,0.0,0.6153846153846154,0.15384615384615385,0.23076923076923078,0.0
539,1,soft_state_jump,64,3400,8,54,2,0.125,0.84375,0.03125,0.828125,0.078125,0.171875,0.0
540,1,max_events_per_episode,50,2230,11,36,3,0.22,0.72,0.06,0.88,0.02,0.26,0.0
541,1,soft_dt_jump,64,1830,33,29,2,0.515625,0.453125,0.03125,0.46875,0.484375,0.140625,0.0
542,7,max_events_per_episode,8,60,6,2,0,0.75,0.25,0.0,0.375,0.625,0.25,0.0
543,2,soft_dt_jump,9,210,1,8,0,0.1111111111111111,0.8888888888888888,0.0,0.5555555555555556,0.2222222222222222,0.0,0.0
544,7,soft_dt_jump,8,170,5,3,0,0.625,0.375,0.0,0.25,0.75,0.0,0.0
545,1,soft_dt_jump,30,1370,9,19,2,0.3,0.6333333333333333,0.06666666666666667,0.7333333333333333,0.16666666666666666,0.3333333333333333,0.0
546,1,soft_dt_jump,22,1180,3,15,4,0.13636363636363635,0.6818181818181818,0.18181818181818182,0.6363636363636364,0.18181818181818182,0.22727272727272727,0.0
547,6,soft_dt_jump,33,1420,9,24,0,0.2727272727272727,0.7272727272727273,0.0,0.8181818181818182,0.18181818181818182,0.42424242424242425,0.0
548,1,soft_dt_jump,39,1950,7,27,5,0.1794871794871795,0.6923076923076923,0.1282051282051282,0.6666666666666666,0.10256410256410256,0.358974358974359,0.0
549,6,soft_state_jump,22,780,8,13,1,0.36363636363636365,0.5909090909090909,0.045454545454545456,0.9545454545454546,0.0,0.5909090909090909,0.0
550,1,soft_dt_jump,54,2020,13,37,4,0.24074074074074073,0.6851851851851852,0.07407407407407407,0.6851851851851852,0.16666666666666666,0.3888888888888889,0.0
551,1,soft_state_jump,34,1170,5,18,11,0.14705882352941177,0.5294117647058824,0.3235294117647059,0.5294117647058824,0.11764705882352941,0.2647058823529412,0.0
552,1,soft_dt_jump,41,1570,5,21,15,0.12195121951219512,0.5121951219512195,0.36585365853658536,0.4634146341463415,0.12195121951219512,0.17073170731707318,0.0
553,1,soft_state_jump,64,2750,12,42,10,0.1875,0.65625,0.15625,0.609375,0.1875,0.265625,0.0
554,1,max_events_per_episode,43,2160,11,22,10,0.2558139534883721,0.5116279069767442,0.23255813953488372,0.4186046511627907,0.3023255813953488,0.20930232558139536,0.0
555,1,soft_dt_jump,43,1530,11,24,8,0.2558139534883721,0.5581395348837209,0.18604651162790697,0.4418604651162791,0.32558139534883723,0.3023255813953488,0.0
556,1,soft_dt_jump,53,1870,15,32,6,0.2830188679245283,0.6037735849056604,0.11320754716981132,0.4716981132075472,0.3018867924528302,0.24528301886792453,0.0
557,6,soft_dt_jump,13,420,4,9,0,0.3076923076923077,0.6923076923076923,0.0,0.6153846153846154,0.3076923076923077,0.38461538461538464,0.0
558,2,soft_dt_jump,12,180,3,9,0,0.25,0.75,0.0,0.4166666666666667,0.5833333333333334,0.25,0.0
559,3,soft_dt_jump,8,100,2,3,3,0.25,0.375,0.375,0.375,0.25,0.25,0.0
560,6,soft_dt_jump,9,150,4,4,1,0.4444444444444444,0.4444444444444444,0.1111111111111111,0.5555555555555556,0.3333333333333333,0.4444444444444444,0.0
561,2,soft_dt_jump,9,260,4,5,0,0.4444444444444444,0.5555555555555556,0.0,0.4444444444444444,0.4444444444444444,0.1111111111111111,0.0
562,2,soft_dt_jump,9,280,4,5,0,0.4444444444444444,0.5555555555555556,0.0,0.3333333333333333,0.6666666666666666,0.1111111111111111,0.0
563,6,soft_dt_jump,8,70,3,5,0,0.375,0.625,0.0,0.75,0.25,0.5,0.0
564,2,soft_dt_jump,11,350,5,6,0,0.45454545454545453,0.5454545454545454,0.0,0.36363636363636365,0.5454545454545454,0.0,0.0
565,2,soft_dt_jump,12,820,4,8,0,0.3333333333333333,0.6666666666666666,0.0,0.3333333333333333,0.5833333333333334,0.08333333333333333,0.0
566,1,soft_dt_jump,31,980,10,19,2,0.3225806451612903,0.6129032258064516,0.06451612903225806,0.5483870967741935,0.3548387096774194,0.22580645161290322,0.0
567,7,soft_dt_jump,11,280,6,3,2,0.5454545454545454,0.2727272727272727,0.18181818181818182,0.2727272727272727,0.5454545454545454,0.18181818181818182,0.0
568,6,soft_dt_jump,8,70,4,4,0,0.5,0.5,0.0,0.5,0.5,0.5,0.0
569,2,soft_dt_jump,15,830,2,10,3,0.13333333333333333,0.6666666666666666,0.2,0.6666666666666666,0.13333333333333333,0.26666666666666666,0.0
570,7,soft_state_jump,18,300,13,4,1,0.7222222222222222,0.2222222222222222,0.05555555555555555,0.1111111111111111,0.8333333333333334,0.0,0.0
571,6,soft_dt_jump,13,320,4,7,2,0.3076923076923077,0.5384615384615384,0.15384615384615385,0.46153846153846156,0.38461538461538464,0.38461538461538464,0.0
572,2,soft_dt_jump,9,400,3,6,0,0.3333333333333333,0.6666666666666666,0.0,0.5555555555555556,0.3333333333333333,0.2222222222222222,0.0
573,2,soft_dt_jump,23,620,4,16,3,0.17391304347826086,0.6956521739130435,0.13043478260869565,0.391304347826087,0.391304347826087,0.043478260869565216,0.0
574,7,soft_side_flip_with_dt_jump,12,90,9,3,0,0.75,0.25,0.0,0.16666666666666666,0.8333333333333334,0.0,0.0
575,7,soft_dt_jump,8,80,6,2,0,0.75,0.25,0.0,0.125,0.875,0.125,0.0
576,0,soft_dt_jump,14,300,9,5,0,0.6428571428571429,0.35714285714285715,0.0,1.0,0.0,0.7857142857142857,0.0
577,6,soft_dt_jump,9,210,3,5,1,0.3333333333333333,0.5555555555555556,0.1111111111111111,0.6666666666666666,0.1111111111111111,0.3333333333333333,0.0
578,6,soft_dt_jump,8,120,2,6,0,0.25,0.75,0.0,0.75,0.125,0.375,0.0
579,7,soft_dt_jump,18,340,8,7,3,0.4444444444444444,0.3888888888888889,0.16666666666666666,0.2222222222222222,0.6111111111111112,0.1111111111111111,0.0
580,2,soft_dt_jump,11,670,3,5,3,0.2727272727272727,0.45454545454545453,0.2727272727272727,0.18181818181818182,0.5454545454545454,0.0,0.0
581,1,soft_dt_jump,23,1270,6,15,2,0.2608695652173913,0.6521739130434783,0.08695652173913043,0.5217391304347826,0.34782608695652173,0.2608695652173913,0.0
582,1,soft_state_jump,59,2710,16,38,5,0.2711864406779661,0.6440677966101694,0.0847457627118644,0.559322033898305,0.3559322033898305,0.3220338983050847,0.0
583,2,soft_dt_jump,11,290,2,8,1,0.18181818181818182,0.7272727272727273,0.09090909090909091,0.5454545454545454,0.36363636363636365,0.09090909090909091,0.0
584,2,soft_dt_jump,22,930,6,16,0,0.2727272727272727,0.7272727272727273,0.0,0.5454545454545454,0.36363636363636365,0.22727272727272727,0.0
585,2,soft_side_flip_with_dt_jump,21,490,4,16,1,0.19047619047619047,0.7619047619047619,0.047619047619047616,0.47619047619047616,0.38095238095238093,0.19047619047619047,0.0
586,2,soft_dt_jump,15,570,1,11,3,0.06666666666666667,0.7333333333333333,0.2,0.4666666666666667,0.2,0.2,0.0
587,1,soft_state_jump,26,1150,4,20,2,0.15384615384615385,0.7692307692307693,0.07692307692307693,0.6153846153846154,0.2692307692307692,0.23076923076923078,0.0
588,2,soft_dt_jump,19,870,7,12,0,0.3684210526315789,0.631578947368421,0.0,0.3157894736842105,0.631578947368421,0.15789473684210525,0.0
589,7,soft_dt_jump,8,10,6,1,1,0.75,0.125,0.125,0.0,0.875,0.0,0.0
590,2,soft_dt_jump,11,400,5,6,0,0.45454545454545453,0.5454545454545454,0.0,0.45454545454545453,0.45454545454545453,0.36363636363636365,0.0
591,7,soft_dt_jump,16,410,7,7,2,0.4375,0.4375,0.125,0.25,0.625,0.125,0.0
592,7,soft_dt_jump,26,370,19,7,0,0.7307692307692307,0.2692307692307692,0.0,0.19230769230769232,0.8076923076923077,0.07692307692307693,0.0
593,2,soft_dt_jump,29,2230,2,24,3,0.06896551724137931,0.8275862068965517,0.10344827586206896,0.3448275862068966,0.4482758620689655,0.10344827586206896,0.0
594,1,soft_state_jump,21,820,2,17,2,0.09523809523809523,0.8095238095238095,0.09523809523809523,0.9047619047619048,0.0,0.38095238095238093,0.0
595,6,soft_side_flip_with_dt_jump,13,360,2,9,2,0.15384615384615385,0.6923076923076923,0.15384615384615385,0.7692307692307693,0.0,0.38461538461538464,0.0
596,6,soft_side_flip_with_dt_jump,21,780,3,17,1,0.14285714285714285,0.8095238095238095,0.047619047619047616,0.8095238095238095,0.0,0.47619047619047616,0.0
597,1,soft_dt_jump,62,3910,7,48,7,0.11290322580645161,0.7741935483870968,0.11290322580645161,0.7903225806451613,0.06451612903225806,0.3387096774193548,0.0
598,1,soft_dt_jump,49,1680,19,27,3,0.3877551020408163,0.5510204081632653,0.061224489795918366,0.8775510204081632,0.02040816326530612,0.5714285714285714,0.0
599,1,soft_dt_jump,32,1940,8,22,2,0.25,0.6875,0.0625,0.84375,0.0625,0.59375,0.0
600,1,soft_dt_jump,29,1120,10,14,5,0.3448275862068966,0.4827586206896552,0.1724137931034483,0.8275862068965517,0.0,0.6206896551724138,0.0
601,6,soft_dt_jump,20,930,3,17,0,0.15,0.85,0.0,0.9,0.05,0.55,0.0
602,6,soft_dt_jump,23,630,6,15,2,0.2608695652173913,0.6521739130434783,0.08695652173913043,0.782608695652174,0.13043478260869565,0.4782608695652174,0.0
603,1,soft_dt_jump,21,1310,2,14,5,0.09523809523809523,0.6666666666666666,0.23809523809523808,0.5714285714285714,0.09523809523809523,0.14285714285714285,0.0
604,0,soft_state_jump,9,90,7,2,0,0.7777777777777778,0.2222222222222222,0.0,1.0,0.0,0.8888888888888888,0.0
605,6,soft_dt_jump,17,750,9,8,0,0.5294117647058824,0.47058823529411764,0.0,0.9411764705882353,0.0,0.7058823529411765,0.0
606,6,soft_dt_jump,16,490,7,8,1,0.4375,0.5,0.0625,0.75,0.125,0.625,0.0
607,1,soft_dt_jump,29,1360,7,18,4,0.2413793103448276,0.6206896551724138,0.13793103448275862,0.41379310344827586,0.3793103448275862,0.3103448275862069,0.0
608,1,soft_dt_jump,29,1680,4,19,6,0.13793103448275862,0.6551724137931034,0.20689655172413793,0.5862068965517241,0.20689655172413793,0.3103448275862069,0.0
609,6,soft_side_flip_with_dt_jump,8,290,3,3,2,0.375,0.375,0.25,0.5,0.25,0.375,0.0
610,2,soft_dt_jump,10,770,1,9,0,0.1,0.8888888888888888,0.0,0.6,0.3,0.2,0.0
611,6,soft_state_jump,9,70,5,4,0,0.5555555555555556,0.4444444444444444,0.0,0.6666666666666666,0.3333333333333333,0.6666666666666666,0.0
612,1,soft_dt_jump,64,4000,12,50,2,0.1875,0.78125,0.03125,0.578125,0.234375,0.3125,0.0
613,6,max_events_per_episode,17,950,6,10,1,0.35294117647058826,0.5882352941176471,0.058823529411764705,0.5882352941176471,0.17647058823529413,0.4117647058823529,0.0
614,2,soft_dt_jump,13,270,4,8,1,0.3076923076923077,0.6153846153846154,0.07692307692307693,0.38461538461538464,0.5384615384615384,0.15384615384615385,0.0
615,1,soft_dt_jump,39,2100,8,28,3,0.20512820512820512,0.717948717948718,0.07692307692307693,0.8205128205128205,0.10256410256410256,0.41025641025641024,0.0
616,6,soft_dt_jump,19,610,8,10,1,0.42105263157894735,0.5263157894736842,0.05263157894736842,0.5263157894736842,0.42105263157894735,0.3684210526315789,0.0
617,7,soft_dt_jump,18,10,16,2,0,0.8888888888888888,0.1111111111111111,0.0,0.0,1.0,0.0,0.0
618,1,soft_dt_jump,45,2800,5,32,8,0.1111111111111111,0.7111111111111111,0.17777777777777778,0.4222222222222222,0.3333333333333333,0.1111111111111111,0.0
619,7,soft_state_jump,34,1000,20,13,1,0.5882352941176471,0.38235294117647056,0.029411764705882353,0.14705882352941177,0.7647058823529411,0.08823529411764706,0.0
620,7,soft_dt_jump,20,390,15,5,0,0.75,0.25,0.0,0.05,0.9,0.0,0.0
621,2,soft_dt_jump,13,740,6,6,1,0.46153846153846156,0.46153846153846156,0.07692307692307693,0.23076923076923078,0.6923076923076923,0.07692307692307693,0.0
622,2,soft_dt_jump,8,230,0,6,2,0.0,0.75,0.25,0.25,0.375,0.125,0.0
623,1,soft_state_jump,64,2420,23,30,11,0.359375,0.46875,0.171875,0.546875,0.265625,0.328125,0.0
624,7,max_events_per_episode,9,100,5,3,1,0.5555555555555556,0.3333333333333333,0.1111111111111111,0.3333333333333333,0.5555555555555556,0.0,0.0
625,2,soft_side_flip_with_dt_jump,10,150,3,5,2,0.3,0.5,0.2,0.6,0.2,0.3,0.0
626,1,soft_state_jump,29,1260,5,22,2,0.1724137931034483,0.7586206896551724,0.06896551724137931,0.8620689655172413,0.06896551724137931,0.4827586206896552,0.0
627,0,soft_dt_jump,59,670,52,7,0,0.8813559322033898,0.11864406779661017,0.0,0.9661016949152542,0.01694915254237288,0.423728813559322,0.0
628,0,soft_dt_jump,19,440,12,6,1,0.631578947368421,0.3157894736842105,0.05263157894736842,0.9473684210526315,0.0,0.2631578947368421,0.0
629,7,soft_dt_jump,11,150,6,4,1,0.5454545454545454,0.36363636363636365,0.09090909090909091,0.5454545454545454,0.36363636363636365,0.0,0.0
630,6,soft_dt_jump,12,690,3,8,1,0.25,0.6666666666666666,0.08333333333333333,0.75,0.16666666666666666,0.4166666666666667,0.0
631,6,soft_dt_jump,28,1530,6,22,0,0.21428571428571427,0.7857142857142857,0.0,0.7142857142857143,0.21428571428571427,0.32142857142857145,0.0
632,6,soft_side_flip_with_dt_jump,16,1040,5,11,0,0.3125,0.6875,0.0,0.5,0.3125,0.25,0.0
633,6,soft_dt_jump,18,500,8,9,1,0.4444444444444444,0.5,0.05555555555555555,0.7777777777777778,0.16666666666666666,0.5,0.0
634,1,soft_dt_jump,40,1840,5,31,4,0.125,0.775,0.1,0.575,0.15,0.2,0.0
635,6,soft_dt_jump,23,1190,4,19,0,0.17391304347826086,0.8260869565217391,0.0,0.782608695652174,0.17391304347826086,0.4782608695652174,0.0
636,2,soft_dt_jump,15,500,2,13,0,0.13333333333333333,0.8666666666666667,0.0,0.4666666666666667,0.26666666666666666,0.2,0.0
637,7,soft_dt_jump,14,200,10,3,1,0.7142857142857143,0.21428571428571427,0.07142857142857142,0.07142857142857142,0.8571428571428571,0.0,0.0
638,1,soft_dt_jump,51,2020,11,35,5,0.21568627450980393,0.6862745098039216,0.09803921568627451,0.5294117647058824,0.3137254901960784,0.13725490196078433,0.0
639,2,soft_dt_jump,12,100,3,9,0,0.25,0.75,0.0,0.5,0.25,0.25,0.0
640,2,soft_state_jump,15,410,5,8,2,0.3333333333333333,0.5333333333333333,0.13333333333333333,0.13333333333333333,0.6666666666666666,0.0,0.0
641,6,soft_dt_jump,11,310,4,7,0,0.36363636363636365,0.6363636363636364,0.0,0.45454545454545453,0.45454545454545453,0.36363636363636365,0.0
642,1,soft_dt_jump,28,1570,8,18,2,0.2857142857142857,0.6428571428571429,0.07142857142857142,0.39285714285714285,0.42857142857142855,0.07142857142857142,0.0
643,0,soft_dt_jump,36,270,28,8,0,0.7777777777777778,0.2222222222222222,0.0,0.8055555555555556,0.16666666666666666,0.4722222222222222,0.0
644,1,soft_dt_jump,51,3050,7,35,9,0.13725490196078433,0.6862745098039216,0.17647058823529413,0.35294117647058826,0.2549019607843137,0.17647058823529413,0.0
645,1,soft_state_jump,37,1750,7,27,3,0.1891891891891892,0.7297297297297297,0.08108108108108109,0.5135135135135135,0.24324324324324326,0.21621621621621623,0.0
646,7,soft_dt_jump,11,460,6,5,0,0.5454545454545454,0.45454545454545453,0.0,0.36363636363636365,0.5454545454545454,0.18181818181818182,0.0
647,7,soft_dt_jump,9,80,6,3,0,0.6666666666666666,0.3333333333333333,0.0,0.4444444444444444,0.4444444444444444,0.4444444444444444,0.0
648,0,soft_dt_jump,11,10,9,2,0,0.8181818181818182,0.18181818181818182,0.0,0.9090909090909091,0.09090909090909091,0.9090909090909091,0.0
649,6,soft_dt_jump,10,230,5,5,0,0.5,0.5,0.0,0.7,0.3,0.5,0.0
650,2,soft_dt_jump,16,1170,4,10,2,0.25,0.625,0.125,0.6875,0.1875,0.3125,0.0
651,1,soft_dt_jump,42,2260,11,26,5,0.2619047619047619,0.6190476190476191,0.11904761904761904,0.5238095238095238,0.19047619047619047,0.3333333333333333,0.0
652,1,soft_dt_jump,33,1880,3,27,3,0.09090909090909091,0.8181818181818182,0.09090909090909091,0.6363636363636364,0.09090909090909091,0.21212121212121213,0.0
653,3,soft_state_jump,15,920,5,6,4,0.3333333333333333,0.4,0.26666666666666666,0.4,0.13333333333333333,0.4,0.0
654,1,soft_dt_jump,29,1500,7,21,1,0.2413793103448276,0.7241379310344828,0.034482758620689655,0.6551724137931034,0.1724137931034483,0.1724137931034483,0.0
655,2,soft_dt_jump,8,300,3,5,0,0.375,0.625,0.0,0.75,0.25,0.375,0.0
656,5,soft_side_flip_with_dt_jump,19,710,5,13,1,0.2631578947368421,0.6842105263157895,0.05263157894736842,0.21052631578947367,0.21052631578947367,0.0,0.42105263157894735
657,5,soft_dt_jump,17,1030,5,12,0,0.29411764705882354,0.7058823529411765,0.0,0.29411764705882354,0.29411764705882354,0.058823529411764705,0.4117647058823529
658,5,soft_dt_jump,17,530,5,11,1,0.29411764705882354,0.6470588235294118,0.058823529411764705,0.11764705882352941,0.23529411764705882,0.0,0.47058823529411764
659,2,soft_state_jump,27,740,6,18,3,0.2222222222222222,0.6666666666666666,0.1111111111111111,0.25925925925925924,0.3333333333333333,0.07407407407407407,0.0
660,2,soft_dt_jump,24,920,7,17,0,0.2916666666666667,0.7083333333333334,0.0,0.375,0.3333333333333333,0.16666666666666666,0.0
661,2,soft_dt_jump,16,820,3,11,2,0.1875,0.6875,0.125,0.3125,0.0625,0.0625,0.0
662,1,soft_state_jump,19,590,2,16,1,0.10526315789473684,0.8421052631578947,0.05263157894736842,0.3684210526315789,0.3684210526315789,0.05263157894736842,0.0
663,1,soft_dt_jump,33,2570,5,25,3,0.15151515151515152,0.7575757575757576,0.09090909090909091,0.48484848484848486,0.36363636363636365,0.18181818181818182,0.0
664,2,soft_dt_jump,12,550,2,10,0,0.16666666666666666,0.8333333333333334,0.0,0.4166666666666667,0.4166666666666667,0.16666666666666666,0.0
665,1,soft_dt_jump,33,1510,5,27,1,0.15151515151515152,0.8181818181818182,0.030303030303030304,0.45454545454545453,0.2727272727272727,0.15151515151515152,0.0
666,1,soft_dt_jump,50,3410,12,35,3,0.24,0.7,0.06,0.3,0.48,0.08,0.0
667,2,soft_dt_jump,24,1040,12,10,2,0.5,0.4166666666666667,0.08333333333333333,0.375,0.5416666666666666,0.2916666666666667,0.0
668,1,soft_dt_jump,64,2770,18,39,7,0.28125,0.609375,0.109375,0.390625,0.421875,0.1875,0.0
669,7,max_events_per_episode,29,440,24,5,0,0.8275862068965517,0.1724137931034483,0.0,0.034482758620689655,0.5517241379310345,0.0,0.0
670,6,soft_dt_jump,9,140,5,4,0,0.5555555555555556,0.4444444444444444,0.0,0.7777777777777778,0.2222222222222222,0.5555555555555556,0.0
671,2,soft_dt_jump,10,590,3,6,1,0.3,0.6,0.1,0.5,0.2,0.3,0.0
672,5,soft_state_jump,36,1400,12,20,4,0.3333333333333333,0.5555555555555556,0.1111111111111111,0.5555555555555556,0.0,0.3333333333333333,0.2222222222222222
673,5,soft_dt_jump,16,1320,2,12,2,0.125,0.75,0.125,0.375,0.0,0.1875,0.4375
674,1,soft_state_jump,21,1200,2,15,4,0.09523809523809523,0.7142857142857143,0.19047619047619047,0.6190476190476191,0.09523809523809523,0.09523809523809523,0.0
675,6,soft_dt_jump,25,720,9,14,2,0.36,0.56,0.08,0.76,0.12,0.52,0.0
676,1,soft_dt_jump,50,2410,12,35,3,0.24,0.7,0.06,0.54,0.26,0.24,0.0
677,7,soft_side_flip_with_dt_jump,24,560,15,6,3,0.625,0.25,0.125,0.16666666666666666,0.6666666666666666,0.0,0.0
678,1,soft_dt_jump,20,430,2,14,4,0.1,0.7,0.2,0.55,0.15,0.2,0.0
679,6,soft_dt_jump,39,1150,16,22,1,0.41025641025641024,0.5641025641025641,0.02564102564102564,0.8461538461538461,0.10256410256410256,0.5128205128205128,0.0
680,1,soft_dt_jump,25,1140,5,15,5,0.2,0.6,0.2,0.68,0.04,0.32,0.0
681,2,soft_state_jump,9,90,4,5,0,0.4444444444444444,0.5555555555555556,0.0,0.0,0.2222222222222222,0.0,0.0
682,2,soft_dt_jump,19,890,4,12,3,0.21052631578947367,0.631578947368421,0.15789473684210525,0.3684210526315789,0.15789473684210525,0.05263157894736842,0.0
683,2,soft_dt_jump,18,780,3,10,5,0.16666666666666666,0.5555555555555556,0.2777777777777778,0.2222222222222222,0.2222222222222222,0.1111111111111111,0.0
684,2,soft_dt_jump,13,260,5,8,0,0.38461538461538464,0.6153846153846154,0.0,0.5384615384615384,0.15384615384615385,0.46153846153846156,0.0
685,7,soft_dt_jump,15,0,14,1,0,0.9333333333333333,0.06666666666666667,0.0,0.0,0.0,0.0,0.0
686,5,soft_dt_jump,37,2890,7,26,4,0.1891891891891892,0.7027027027027027,0.10810810810810811,0.32432432432432434,0.3783783783783784,0.05405405405405406,0.13513513513513514
687,1,soft_state_jump,23,1450,3,18,2,0.13043478260869565,0.782608695652174,0.08695652173913043,0.5217391304347826,0.21739130434782608,0.08695652173913043,0.0
688,6,soft_dt_jump,10,620,4,5,1,0.4,0.5,0.1,0.9,0.0,0.6,0.0
689,2,soft_dt_jump,16,800,3,12,1,0.1875,0.75,0.0625,0.5625,0.25,0.125,0.0
690,3,soft_dt_jump,17,660,2,11,4,0.11764705882352941,0.6470588235294118,0.23529411764705882,0.29411764705882354,0.35294117647058826,0.0,0.0
691,2,soft_dt_jump,14,650,4,9,1,0.2857142857142857,0.6428571428571429,0.07142857142857142,0.2857142857142857,0.35714285714285715,0.07142857142857142,0.0
692,3,soft_dt_jump,12,780,1,8,3,0.08333333333333333,0.6666666666666666,0.25,0.16666666666666666,0.4166666666666667,0.08333333333333333,0.0
693,1,soft_state_jump,20,1320,2,15,3,0.1,0.75,0.15,0.65,0.1,0.35,0.0
694,6,soft_dt_jump,19,520,8,8,3,0.42105263157894735,0.42105263157894735,0.15789473684210525,0.42105263157894735,0.2631578947368421,0.3157894736842105,0.0
695,0,soft_dt_jump,8,220,5,3,0,0.625,0.375,0.0,1.0,0.0,0.75,0.0
696,0,soft_dt_jump,8,50,6,2,0,0.75,0.25,0.0,1.0,0.0,0.625,0.0
697,1,soft_dt_jump,31,1600,7,22,2,0.22580645161290322,0.7096774193548387,0.06451612903225806,0.7096774193548387,0.12903225806451613,0.41935483870967744,0.0
698,1,soft_dt_jump,20,1460,2,13,5,0.1,0.65,0.25,0.7,0.0,0.3,0.0
699,2,soft_state_jump,14,670,3,11,0,0.21428571428571427,0.7857142857142857,0.0,0.5714285714285714,0.42857142857142855,0.2857142857142857,0.0
700,1,soft_dt_jump,64,4230,8,45,11,0.125,0.703125,0.171875,0.515625,0.203125,0.171875,0.0
701,2,max_events_per_episode,11,590,3,8,0,0.2727272727272727,0.7272727272727273,0.0,0.6363636363636364,0.36363636363636365,0.36363636363636365,0.0
702,1,soft_state_jump,23,1360,3,17,3,0.13043478260869565,0.7391304347826086,0.13043478260869565,0.5217391304347826,0.17391304347826086,0.17391304347826086,0.0
703,1,soft_dt_jump,32,1220,6,23,3,0.1875,0.71875,0.09375,0.59375,0.28125,0.28125,0.0
704,2,soft_state_jump,10,440,2,6,2,0.2,0.6,0.2,0.6,0.2,0.2,0.0
705,6,soft_dt_jump,15,860,4,10,1,0.26666666666666666,0.6666666666666666,0.06666666666666667,0.4666666666666667,0.3333333333333333,0.4,0.0
706,7,soft_dt_jump,15,370,9,6,0,0.6,0.4,0.0,0.2,0.7333333333333333,0.06666666666666667,0.0
707,7,soft_dt_jump,8,40,5,3,0,0.625,0.375,0.0,0.25,0.75,0.0,0.0
708,2,soft_dt_jump,12,310,4,7,1,0.3333333333333333,0.5833333333333334,0.08333333333333333,0.3333333333333333,0.5,0.16666666666666666,0.0
709,1,soft_dt_jump,45,1900,9,27,9,0.2,0.6,0.2,0.3333333333333333,0.37777777777777777,0.17777777777777778,0.0
710,2,soft_dt_jump,19,870,5,13,1,0.2631578947368421,0.6842105263157895,0.05263157894736842,0.631578947368421,0.3157894736842105,0.21052631578947367,0.0
711,4,soft_state_jump,9,70,2,7,0,0.2222222222222222,0.7777777777777778,0.0,0.3333333333333333,0.4444444444444444,0.3333333333333333,0.0
712,2,soft_dt_jump,20,570,6,13,1,0.3,0.65,0.05,0.4,0.4,0.25,0.0
713,7,soft_dt_jump,22,770,12,9,1,0.5454545454545454,0.4090909090909091,0.045454545454545456,0.2727272727272727,0.6363636363636364,0.18181818181818182,0.0
714,2,soft_dt_jump,19,660,3,15,1,0.15789473684210525,0.7894736842105263,0.05263157894736842,0.631578947368421,0.3157894736842105,0.15789473684210525,0.0
715,6,soft_dt_jump,17,660,6,7,4,0.35294117647058826,0.4117647058823529,0.23529411764705882,0.7647058823529411,0.0,0.6470588235294118,0.0
716,6,soft_dt_jump,16,1300,4,11,1,0.25,0.6875,0.0625,0.875,0.0625,0.375,0.0
717,0,soft_dt_jump,23,490,18,4,1,0.782608695652174,0.17391304347826086,0.043478260869565216,0.9565217391304348,0.0,0.0,0.0
718,1,soft_dt_jump,15,760,4,8,3,0.26666666666666666,0.5333333333333333,0.2,0.7333333333333333,0.0,0.26666666666666666,0.0
719,2,soft_state_jump,10,320,5,5,0,0.5,0.5,0.0,0.4,0.4,0.3,0.0
720,3,soft_dt_jump,25,1250,7,13,5,0.28,0.52,0.2,0.2,0.52,0.04,0.0
721,7,soft_dt_jump,44,1330,24,17,3,0.5454545454545454,0.38636363636363635,0.06818181818181818,0.20454545454545456,0.2727272727272727,0.09090909090909091,0.0
722,2,soft_dt_jump,9,210,2,7,0,0.2222222222222222,0.7777777777777778,0.0,0.3333333333333333,0.6666666666666666,0.1111111111111111,0.0
723,2,soft_dt_jump,8,370,2,4,2,0.25,0.5,0.25,0.125,0.375,0.0,0.0
724,7,soft_dt_jump,23,1050,11,11,1,0.4782608695652174,0.4782608695652174,0.043478260869565216,0.08695652173913043,0.6521739130434783,0.0,0.0
725,2,soft_dt_jump,22,750,6,15,1,0.2727272727272727,0.6818181818181818,0.045454545454545456,0.2727272727272727,0.6363636363636364,0.0,0.0
726,1,soft_dt_jump,36,2550,4,26,6,0.1111111111111111,0.7222222222222222,0.16666666666666666,0.3055555555555556,0.3611111111111111,0.027777777777777776,0.0
727,6,soft_state_jump,9,560,4,5,0,0.4444444444444444,0.5555555555555556,0.0,1.0,0.0,0.4444444444444444,0.0
728,1,soft_dt_jump,39,2270,4,30,5,0.10256410256410256,0.7692307692307693,0.1282051282051282,0.7948717948717948,0.02564102564102564,0.3076923076923077,0.0
729,1,soft_state_jump,30,2460,6,21,3,0.2,0.7,0.1,0.6,0.13333333333333333,0.3333333333333333,0.0
730,2,soft_dt_jump,13,490,2,10,1,0.15384615384615385,0.7692307692307693,0.07692307692307693,0.6153846153846154,0.3076923076923077,0.15384615384615385,0.0
731,1,soft_dt_jump,22,730,4,14,4,0.18181818181818182,0.6363636363636364,0.18181818181818182,0.6818181818181818,0.13636363636363635,0.5,0.0
732,1,soft_dt_jump,26,1510,10,14,2,0.38461538461538464,0.5384615384615384,0.07692307692307693,0.46153846153846156,0.4230769230769231,0.38461538461538464,0.0
733,2,soft_dt_jump,22,780,10,11,1,0.45454545454545453,0.5,0.045454545454545456,0.36363636363636365,0.5454545454545454,0.0,0.0
734,2,soft_dt_jump,12,430,6,5,1,0.5,0.4166666666666667,0.08333333333333333,0.4166666666666667,0.5,0.3333333333333333,0.0
735,3,soft_dt_jump,16,330,6,8,2,0.375,0.5,0.125,0.1875,0.5625,0.125,0.0
736,1,soft_dt_jump,39,2100,11,25,3,0.28205128205128205,0.6410256410256411,0.07692307692307693,0.48717948717948717,0.3333333333333333,0.2564102564102564,0.0
737,2,soft_dt_jump,11,470,2,6,3,0.18181818181818182,0.5454545454545454,0.2727272727272727,0.5454545454545454,0.18181818181818182,0.2727272727272727,0.0
738,0,soft_dt_jump,10,170,7,3,0,0.7,0.3,0.0,0.9,0.1,0.7,0.0
739,7,soft_dt_jump,8,80,4,2,2,0.5,0.25,0.25,0.0,0.625,0.0,0.0
740,2,soft_side_flip_with_dt_jump,10,260,2,8,0,0.2,0.8,0.0,0.6,0.4,0.2,0.0
741,1,soft_dt_jump,24,1540,6,17,1,0.25,0.7083333333333334,0.041666666666666664,0.5416666666666666,0.2916666666666667,0.2916666666666667,0.0
742,3,soft_dt_jump,13,930,2,8,3,0.15384615384615385,0.6153846153846154,0.23076923076923078,0.23076923076923078,0.38461538461538464,0.0,0.0
743,6,soft_state_jump,8,260,2,6,0,0.25,0.75,0.0,0.5,0.25,0.375,0.0
744,7,soft_side_flip_with_dt_jump,19,340,12,6,1,0.631578947368421,0.3157894736842105,0.05263157894736842,0.10526315789473684,0.7368421052631579,0.0,0.0
745,0,soft_dt_jump,52,1630,32,13,7,0.6153846153846154,0.25,0.1346153846153846,0.6923076923076923,0.1346153846153846,0.5961538461538461,0.0
746,7,soft_dt_jump,18,590,9,9,0,0.5,0.5,0.0,0.16666666666666666,0.7777777777777778,0.0,0.0
747,1,soft_dt_jump,16,900,5,9,2,0.3125,0.5625,0.125,0.5625,0.1875,0.3125,0.0
748,1,soft_dt_jump,31,1460,7,17,7,0.22580645161290322,0.5483870967741935,0.22580645161290322,0.3870967741935484,0.3225806451612903,0.1935483870967742,0.0
749,7,soft_dt_jump,10,480,4,4,2,0.4,0.4,0.2,0.1,0.7,0.1,0.0
750,6,soft_dt_jump,16,370,8,8,0,0.5,0.5,0.0,0.4375,0.5,0.3125,0.0
751,6,soft_dt_jump,15,620,3,11,1,0.2,0.7333333333333333,0.06666666666666667,0.8,0.06666666666666667,0.3333333333333333,0.0
752,2,soft_dt_jump,10,370,3,6,1,0.3,0.6,0.1,0.2,0.6,0.1,0.0
753,2,soft_side_flip_with_dt_jump,12,640,2,9,1,0.16666666666666666,0.75,0.08333333333333333,0.6666666666666666,0.25,0.16666666666666666,0.0
754,1,soft_state_jump,31,1880,10,18,3,0.3225806451612903,0.5806451612903226,0.0967741935483871,0.5161290322580645,0.2903225806451613,0.3225806451612903,0.0
755,6,soft_side_flip_with_dt_jump,12,420,3,9,0,0.25,0.75,0.0,0.4166666666666667,0.25,0.3333333333333333,0.0
756,1,soft_dt_jump,64,4840,8,52,4,0.125,0.8125,0.0625,0.375,0.3125,0.109375,0.0
757,1,max_events_per_episode,30,1950,8,20,2,0.26666666666666666,0.6666666666666666,0.06666666666666667,0.26666666666666666,0.5,0.1,0.0
758,3,soft_dt_jump,9,480,0,6,3,0.0,0.6666666666666666,0.3333333333333333,0.3333333333333333,0.0,0.0,0.0
759,2,soft_dt_jump,9,270,3,6,0,0.3333333333333333,0.6666666666666666,0.0,0.3333333333333333,0.4444444444444444,0.0,0.0
760,1,soft_side_flip_with_dt_jump,38,1660,11,22,5,0.2894736842105263,0.5789473684210527,0.13157894736842105,0.18421052631578946,0.39473684210526316,0.07894736842105263,0.0
761,2,soft_dt_jump,17,820,5,11,1,0.29411764705882354,0.6470588235294118,0.058823529411764705,0.47058823529411764,0.35294117647058826,0.29411764705882354,0.0
762,1,soft_dt_jump,33,1770,7,25,1,0.21212121212121213,0.7575757575757576,0.030303030303030304,0.30303030303030304,0.3939393939393939,0.09090909090909091,0.0
763,7,soft_dt_jump,26,160,23,3,0,0.8846153846153846,0.11538461538461539,0.0,0.07692307692307693,0.8846153846153846,0.07692307692307693,0.0
764,2,soft_dt_jump,15,1490,2,12,1,0.13333333333333333,0.8,0.06666666666666667,0.3333333333333333,0.4,0.06666666666666667,0.0
765,1,soft_state_jump,63,3860,17,39,7,0.2698412698412698,0.6190476190476191,0.1111111111111111,0.7142857142857143,0.047619047619047616,0.47619047619047616,0.0
766,0,soft_dt_jump,19,200,14,5,0,0.7368421052631579,0.2631578947368421,0.0,1.0,0.0,0.15789473684210525,0.0
767,6,soft_dt_jump,23,1450,2,20,1,0.08695652173913043,0.8695652173913043,0.043478260869565216,0.6956521739130435,0.0,0.34782608695652173,0.0
768,2,soft_state_jump,9,310,2,6,1,0.2222222222222222,0.6666666666666666,0.1111111111111111,0.5555555555555556,0.3333333333333333,0.2222222222222222,0.0
769,3,soft_dt_jump,16,1140,2,11,3,0.125,0.6875,0.1875,0.125,0.375,0.0,0.0
770,7,soft_dt_jump,26,720,11,14,1,0.4230769230769231,0.5384615384615384,0.038461538461538464,0.038461538461538464,0.6153846153846154,0.0,0.0
771,3,soft_dt_jump,37,3170,5,25,7,0.13513513513513514,0.6756756756756757,0.1891891891891892,0.2972972972972973,0.1891891891891892,0.10810810810810811,0.0
772,3,soft_state_jump,18,920,6,11,1,0.3333333333333333,0.6111111111111112,0.05555555555555555,0.2777777777777778,0.3888888888888889,0.2222222222222222,0.0
773,2,soft_dt_jump,11,180,4,6,1,0.36363636363636365,0.5454545454545454,0.09090909090909091,0.18181818181818182,0.7272727272727273,0.09090909090909091,0.0
774,1,soft_dt_jump,57,4080,25,24,8,0.43859649122807015,0.42105263157894735,0.14035087719298245,0.631578947368421,0.15789473684210525,0.49122807017543857,0.0
775,0,soft_dt_jump,8,210,5,2,1,0.625,0.25,0.125,0.75,0.125,0.75,0.0
776,6,soft_dt_jump,9,470,4,3,2,0.4444444444444444,0.3333333333333333,0.2222222222222222,0.7777777777777778,0.0,0.7777777777777778,0.0
777,0,soft_dt_jump,12,250,6,4,2,0.5,0.3333333333333333,0.16666666666666666,0.75,0.0,0.75,0.0
778,6,soft_dt_jump,18,1180,5,12,1,0.2777777777777778,0.6666666666666666,0.05555555555555555,0.5555555555555556,0.1111111111111111,0.5,0.0
779,6,soft_dt_jump,12,830,2,9,1,0.16666666666666666,0.75,0.08333333333333333,0.6666666666666666,0.16666666666666666,0.4166666666666667,0.0
780,3,soft_state_jump,31,1630,9,17,5,0.2903225806451613,0.5483870967741935,0.16129032258064516,0.16129032258064516,0.4838709677419355,0.0,0.0
781,1,soft_dt_jump,22,1160,4,17,1,0.18181818181818182,0.7727272727272727,0.045454545454545456,0.5,0.18181818181818182,0.18181818181818182,0.0
782,2,soft_state_jump,9,210,3,5,1,0.3333333333333333,0.5555555555555556,0.1111111111111111,0.3333333333333333,0.4444444444444444,0.0,0.0
783,3,soft_dt_jump,22,1470,2,18,2,0.09090909090909091,0.8181818181818182,0.09090909090909091,0.4090909090909091,0.18181818181818182,0.13636363636363635,0.0
784,2,soft_dt_jump,16,650,3,10,3,0.1875,0.625,0.1875,0.25,0.375,0.0625,0.0
785,3,soft_dt_jump,8,270,1,6,1,0.125,0.75,0.125,0.0,0.5,0.0,0.0
786,1,soft_state_jump,40,2040,14,23,3,0.35,0.575,0.075,0.3,0.45,0.1,0.0
787,0,soft_dt_jump,8,90,6,1,1,0.75,0.125,0.125,0.875,0.0,0.875,0.0
788,3,soft_dt_jump,16,790,4,11,1,0.25,0.6875,0.0625,0.1875,0.4375,0.0625,0.0
789,7,soft_dt_jump,14,430,7,6,1,0.5,0.42857142857142855,0.07142857142857142,0.21428571428571427,0.5714285714285714,0.21428571428571427,0.0
790,2,soft_dt_jump,14,810,4,10,0,0.2857142857142857,0.7142857142857143,0.0,0.2857142857142857,0.5714285714285714,0.07142857142857142,0.0
791,3,soft_side_flip_with_dt_jump,20,800,4,14,2,0.2,0.7,0.1,0.35,0.35,0.15,0.0
792,7,soft_state_jump,8,0,7,1,0,0.875,0.125,0.0,0.0,0.75,0.0,0.0
793,0,soft_dt_jump,16,340,11,3,2,0.6875,0.1875,0.125,0.75,0.125,0.6875,0.0
794,2,soft_dt_jump,11,160,2,8,1,0.18181818181818182,0.7272727272727273,0.09090909090909091,0.18181818181818182,0.36363636363636365,0.09090909090909091,0.0
795,2,soft_dt_jump,26,1350,8,18,0,0.3076923076923077,0.6923076923076923,0.0,0.5,0.46153846153846156,0.15384615384615385,0.0
796,0,soft_dt_jump,19,600,10,5,4,0.5263157894736842,0.2631578947368421,0.21052631578947367,0.6842105263157895,0.05263157894736842,0.5263157894736842,0.0
797,1,soft_dt_jump,43,1880,14,24,5,0.32558139534883723,0.5581395348837209,0.11627906976744186,0.4186046511627907,0.37209302325581395,0.20930232558139536,0.0
798,1,soft_dt_jump,26,1970,4,15,7,0.15384615384615385,0.5769230769230769,0.2692307692307692,0.6538461538461539,0.038461538461538464,0.3076923076923077,0.0
799,6,soft_dt_jump,8,40,3,4,1,0.375,0.5,0.125,0.75,0.125,0.625,0.0
800,6,soft_side_flip_with_dt_jump,12,600,2,10,0,0.16666666666666666,0.8333333333333334,0.0,1.0,0.0,0.5,0.0
801,0,soft_state_jump,23,760,16,7,0,0.6956521739130435,0.30434782608695654,0.0,0.9565217391304348,0.0,0.8260869565217391,0.0
802,1,soft_dt_jump,19,2020,4,13,2,0.21052631578947367,0.6842105263157895,0.10526315789473684,0.5789473684210527,0.21052631578947367,0.3684210526315789,0.0
803,6,soft_state_jump,8,50,4,4,0,0.5,0.5,0.0,0.625,0.375,0.625,0.0
804,2,soft_dt_jump,20,1990,0,17,3,0.0,0.85,0.15,0.6,0.1,0.05,0.0
805,1,soft_dt_jump,32,2050,9,20,3,0.28125,0.625,0.09375,0.5,0.25,0.3125,0.0
806,6,soft_dt_jump,15,1010,3,11,1,0.2,0.7333333333333333,0.06666666666666667,0.5333333333333333,0.2,0.4,0.0
807,6,soft_state_jump,9,240,5,3,1,0.5555555555555556,0.3333333333333333,0.1111111111111111,0.6666666666666666,0.2222222222222222,0.6666666666666666,0.0
808,3,soft_dt_jump,18,780,4,9,5,0.2222222222222222,0.5,0.2777777777777778,0.5,0.05555555555555555,0.3333333333333333,0.0
809,1,soft_dt_jump,20,1560,1,16,3,0.05,0.8,0.15,0.55,0.05,0.15,0.0
810,1,soft_state_jump,33,2820,4,24,5,0.12121212121212122,0.7272727272727273,0.15151515151515152,0.3939393939393939,0.30303030303030304,0.18181818181818182,0.0
811,1,soft_state_jump,29,2740,4,20,5,0.13793103448275862,0.6896551724137931,0.1724137931034483,0.3793103448275862,0.27586206896551724,0.13793103448275862,0.0
812,6,soft_side_flip_with_dt_jump,9,170,3,6,0,0.3333333333333333,0.6666666666666666,0.0,0.6666666666666666,0.2222222222222222,0.6666666666666666,0.0
813,3,soft_dt_jump,16,1360,5,9,2,0.3125,0.5625,0.125,0.375,0.4375,0.25,0.0
814,1,soft_dt_jump,32,2670,5,21,6,0.15625,0.65625,0.1875,0.40625,0.25,0.1875,0.0
815,6,soft_dt_jump,9,650,3,6,0,0.3333333333333333,0.6666666666666666,0.0,0.6666666666666666,0.2222222222222222,0.5555555555555556,0.0
816,1,soft_state_jump,29,2190,7,18,4,0.2413793103448276,0.6206896551724138,0.13793103448275862,0.5172413793103449,0.3103448275862069,0.27586206896551724,0.0
817,1,soft_side_flip_with_dt_jump,30,2080,5,23,2,0.16666666666666666,0.7666666666666667,0.06666666666666667,0.6,0.2,0.16666666666666666,0.0
818,6,soft_dt_jump,23,1010,6,15,2,0.2608695652173913,0.6521739130434783,0.08695652173913043,0.6521739130434783,0.17391304347826086,0.391304347826087,0.0
819,6,soft_state_jump,21,630,6,14,1,0.2857142857142857,0.6666666666666666,0.047619047619047616,0.8571428571428571,0.09523809523809523,0.5714285714285714,0.0
820,1,soft_dt_jump,50,3450,9,33,8,0.18,0.66,0.16,0.6,0.2,0.3,0.0
821,6,soft_dt_jump,9,300,3,6,0,0.3333333333333333,0.6666666666666666,0.0,0.2222222222222222,0.4444444444444444,0.2222222222222222,0.0
822,6,soft_dt_jump,11,620,3,6,2,0.2727272727272727,0.5454545454545454,0.18181818181818182,0.6363636363636364,0.18181818181818182,0.36363636363636365,0.0
823,3,soft_dt_jump,27,2100,4,19,4,0.14814814814814814,0.7037037037037037,0.14814814814814814,0.48148148148148145,0.25925925925925924,0.37037037037037035,0.0
824,1,soft_side_flip_with_dt_jump,28,2420,5,20,3,0.17857142857142858,0.7142857142857143,0.10714285714285714,0.5714285714285714,0.2857142857142857,0.32142857142857145,0.0
825,3,soft_dt_jump,9,380,0,7,2,0.0,0.7777777777777778,0.2222222222222222,0.4444444444444444,0.0,0.2222222222222222,0.0
826,2,soft_dt_jump,12,460,2,10,0,0.16666666666666666,0.8333333333333334,0.0,0.5833333333333334,0.25,0.3333333333333333,0.0
827,1,soft_dt_jump,23,1590,5,17,1,0.21739130434782608,0.7391304347826086,0.043478260869565216,0.6086956521739131,0.30434782608695654,0.30434782608695654,0.0
828,6,soft_side_flip_with_dt_jump,15,920,5,8,2,0.3333333333333333,0.5333333333333333,0.13333333333333333,0.4666666666666667,0.3333333333333333,0.4,0.0
829,1,soft_dt_jump,58,3820,11,40,7,0.1896551724137931,0.6896551724137931,0.1206896551724138,0.5172413793103449,0.22413793103448276,0.25862068965517243,0.0
830,1,soft_dt_jump,46,3360,14,26,6,0.30434782608695654,0.5652173913043478,0.13043478260869565,0.45652173913043476,0.30434782608695654,0.32608695652173914,0.0
831,6,soft_side_flip_with_dt_jump,25,900,14,9,2,0.56,0.36,0.08,0.84,0.08,0.6,0.0
832,6,soft_dt_jump,20,1280,6,13,1,0.3,0.65,0.05,0.65,0.2,0.5,0.0
833,3,soft_dt_jump,12,700,3,7,2,0.25,0.5833333333333334,0.16666666666666666,0.3333333333333333,0.3333333333333333,0.16666666666666666,0.0
834,2,soft_state_jump,9,330,0,8,1,0.0,0.8888888888888888,0.1111111111111111,0.5555555555555556,0.2222222222222222,0.4444444444444444,0.0
835,2,soft_dt_jump,18,1460,6,12,0,0.3333333333333333,0.6666666666666666,0.0,0.6111111111111112,0.3888888888888889,0.3888888888888889,0.0
836,1,soft_dt_jump,32,2760,7,22,3,0.21875,0.6875,0.09375,0.5,0.34375,0.1875,0.0
837,3,soft_state_jump,21,1820,4,16,1,0.19047619047619047,0.7619047619047619,0.047619047619047616,0.42857142857142855,0.19047619047619047,0.23809523809523808,0.0
838,2,soft_dt_jump,9,840,0,7,2,0.0,0.7777777777777778,0.2222222222222222,0.5555555555555556,0.0,0.2222222222222222,0.0
839,6,soft_state_jump,29,1460,12,17,0,0.41379310344827586,0.5862068965517241,0.0,0.6896551724137931,0.2413793103448276,0.4482758620689655,0.0
840,6,soft_dt_jump,17,620,6,9,2,0.35294117647058826,0.5294117647058824,0.11764705882352941,0.6470588235294118,0.11764705882352941,0.47058823529411764,0.0
841,0,soft_dt_jump,49,200,46,3,0,0.9387755102040817,0.061224489795918366,0.0,1.0,0.0,1.0,0.0
842,6,soft_dt_jump,10,280,3,7,0,0.3,0.7,0.0,0.8,0.2,0.6,0.0
843,2,soft_state_jump,8,230,3,5,0,0.375,0.625,0.0,0.0,0.75,0.0,0.0
844,2,soft_dt_jump,16,730,5,10,1,0.3125,0.625,0.0625,0.25,0.5,0.125,0.0
845,3,soft_dt_jump,9,650,1,7,1,0.1111111111111111,0.7777777777777778,0.1111111111111111,0.4444444444444444,0.1111111111111111,0.2222222222222222,0.0
846,2,soft_state_jump,20,1510,3,14,3,0.15,0.7,0.15,0.4,0.35,0.0,0.0
847,3,soft_dt_jump,13,1030,0,8,5,0.0,0.6153846153846154,0.38461538461538464,0.3076923076923077,0.3076923076923077,0.0,0.0
848,3,soft_state_jump,10,490,2,8,0,0.2,0.8,0.0,0.0,0.7,0.0,0.0
849,1,soft_dt_jump,31,2010,3,26,2,0.0967741935483871,0.8387096774193549,0.06451612903225806,0.41935483870967744,0.25806451612903225,0.06451612903225806,0.0
850,3,soft_state_jump,22,1560,2,16,4,0.09090909090909091,0.7272727272727273,0.18181818181818182,0.22727272727272727,0.3181818181818182,0.0,0.0
851,2,soft_dt_jump,10,660,2,7,1,0.2,0.7,0.1,0.5,0.2,0.1,0.0
852,6,soft_state_jump,18,600,11,6,1,0.6111111111111112,0.3333333333333333,0.05555555555555555,0.6666666666666666,0.2222222222222222,0.5555555555555556,0.0
853,1,soft_dt_jump,28,1870,4,19,5,0.14285714285714285,0.6785714285714286,0.17857142857142858,0.32142857142857145,0.2857142857142857,0.14285714285714285,0.0
854,6,soft_side_flip_with_dt_jump,21,1060,6,14,1,0.2857142857142857,0.6666666666666666,0.047619047619047616,0.6190476190476191,0.09523809523809523,0.38095238095238093,0.0
855,0,soft_dt_jump,37,70,34,3,0,0.918918918918919,0.08108108108108109,0.0,1.0,0.0,0.972972972972973,0.0
856,1,soft_dt_jump,21,1650,1,13,7,0.047619047619047616,0.6190476190476191,0.3333333333333333,0.47619047619047616,0.047619047619047616,0.19047619047619047,0.0
857,1,soft_state_jump,32,3310,7,20,5,0.21875,0.625,0.15625,0.53125,0.15625,0.375,0.0
858,0,soft_dt_jump,64,800,52,12,0,0.8125,0.1875,0.0,0.96875,0.0,0.859375,0.0
859,0,max_events_per_episode,34,1380,24,8,2,0.7058823529411765,0.23529411764705882,0.058823529411764705,0.7941176470588235,0.11764705882352941,0.7058823529411765,0.0
860,6,soft_dt_jump,11,680,5,6,0,0.45454545454545453,0.5454545454545454,0.0,0.9090909090909091,0.09090909090909091,0.7272727272727273,0.0
861,0,soft_side_flip_with_dt_jump,64,1060,52,8,4,0.8125,0.125,0.0625,0.90625,0.03125,0.265625,0.0
862,0,max_events_per_episode,10,0,10,0,0,1.0,0.0,0.0,1.0,0.0,0.0,0.0
863,1,soft_dt_jump,51,4010,10,31,10,0.19607843137254902,0.6078431372549019,0.19607843137254902,0.5294117647058824,0.17647058823529413,0.37254901960784315,0.0
864,2,soft_state_jump,17,820,4,10,3,0.23529411764705882,0.5882352941176471,0.17647058823529413,0.23529411764705882,0.35294117647058826,0.0,0.0
865,3,soft_dt_jump,9,190,1,6,2,0.1111111111111111,0.6666666666666666,0.2222222222222222,0.1111111111111111,0.3333333333333333,0.0,0.0
866,3,soft_side_flip_with_dt_jump,10,430,3,7,0,0.3,0.7,0.0,0.1,0.6,0.0,0.0
867,1,soft_dt_jump,45,4050,5,31,9,0.1111111111111111,0.6888888888888889,0.2,0.3111111111111111,0.35555555555555557,0.044444444444444446,0.0
868,2,soft_side_flip_with_dt_jump,8,810,1,7,0,0.125,0.875,0.0,0.375,0.375,0.25,0.0
869,1,soft_dt_jump,46,3470,10,33,3,0.21739130434782608,0.717391304347826,0.06521739130434782,0.3695652173913043,0.43478260869565216,0.13043478260869565,0.0
870,6,soft_dt_jump,9,170,4,5,0,0.4444444444444444,0.5555555555555556,0.0,0.4444444444444444,0.2222222222222222,0.4444444444444444,0.0
871,7,soft_dt_jump,8,340,4,4,0,0.5,0.5,0.0,0.125,0.625,0.125,0.0
872,7,soft_dt_jump,26,970,18,7,1,0.6923076923076923,0.2692307692307692,0.038461538461538464,0.0,0.8461538461538461,0.0,0.0
873,3,soft_dt_jump,27,1480,8,12,7,0.2962962962962963,0.4444444444444444,0.25925925925925924,0.48148148148148145,0.18518518518518517,0.4074074074074074,0.0
874,6,soft_side_flip_with_dt_jump,18,1270,5,12,1,0.2777777777777778,0.6666666666666666,0.05555555555555555,0.5555555555555556,0.3888888888888889,0.4444444444444444,0.0
875,3,soft_dt_jump,15,1280,3,10,2,0.2,0.6666666666666666,0.13333333333333333,0.26666666666666666,0.5333333333333333,0.2,0.0
876,1,soft_state_jump,27,1590,7,14,6,0.25925925925925924,0.5185185185185185,0.2222222222222222,0.5555555555555556,0.18518518518518517,0.3333333333333333,0.0
877,3,soft_dt_jump,14,1060,1,10,3,0.07142857142857142,0.7142857142857143,0.21428571428571427,0.42857142857142855,0.07142857142857142,0.14285714285714285,0.0
878,1,soft_state_jump,31,2140,4,20,7,0.12903225806451613,0.6451612903225806,0.22580645161290322,0.4838709677419355,0.16129032258064516,0.22580645161290322,0.0
879,3,soft_dt_jump,20,1020,5,12,3,0.25,0.6,0.15,0.4,0.2,0.3,0.0
880,1,soft_dt_jump,26,980,10,13,3,0.38461538461538464,0.5,0.11538461538461539,0.7307692307692307,0.11538461538461539,0.46153846153846156,0.0
881,0,soft_dt_jump,25,1090,15,10,0,0.6,0.4,0.0,0.84,0.16,0.68,0.0
882,6,soft_dt_jump,19,750,9,10,0,0.47368421052631576,0.5263157894736842,0.0,0.5263157894736842,0.3684210526315789,0.47368421052631576,0.0
883,2,soft_dt_jump,10,280,2,5,3,0.2,0.5,0.3,0.3,0.4,0.0,0.0
884,0,soft_dt_jump,30,790,21,8,1,0.7,0.26666666666666666,0.03333333333333333,0.9666666666666667,0.0,0.8333333333333334,0.0
885,3,soft_dt_jump,9,660,0,6,3,0.0,0.6666666666666666,0.3333333333333333,0.5555555555555556,0.0,0.2222222222222222,0.0
886,3,soft_state_jump,16,760,4,11,1,0.25,0.6875,0.0625,0.125,0.625,0.0,0.0
887,7,soft_dt_jump,8,20,6,1,1,0.75,0.125,0.125,0.0,0.625,0.0,0.0
888,2,soft_dt_jump,13,520,2,10,1,0.15384615384615385,0.7692307692307693,0.07692307692307693,0.23076923076923078,0.5384615384615384,0.0,0.0
889,2,soft_dt_jump,14,1100,1,10,3,0.07142857142857142,0.7142857142857143,0.21428571428571427,0.07142857142857142,0.42857142857142855,0.0,0.0
890,0,soft_state_jump,35,460,29,4,2,0.8285714285714286,0.11428571428571428,0.05714285714285714,0.8857142857142857,0.02857142857142857,0.3142857142857143,0.0
891,1,soft_dt_jump,31,2380,3,22,6,0.0967741935483871,0.7096774193548387,0.1935483870967742,0.6451612903225806,0.0967741935483871,0.25806451612903225,0.0
892,6,soft_state_jump,12,490,6,6,0,0.5,0.5,0.0,0.75,0.16666666666666666,0.5,0.0
893,1,soft_dt_jump,23,1440,4,17,2,0.17391304347826086,0.7391304347826086,0.08695652173913043,0.6956521739130435,0.17391304347826086,0.34782608695652173,0.0
894,0,soft_side_flip_with_dt_jump,9,150,5,3,1,0.5555555555555556,0.3333333333333333,0.1111111111111111,0.8888888888888888,0.0,0.7777777777777778,0.0
895,3,soft_dt_jump,13,570,3,8,2,0.23076923076923078,0.6153846153846154,0.15384615384615385,0.3076923076923077,0.46153846153846156,0.07692307692307693,0.0
896,1,soft_dt_jump,40,1650,18,20,2,0.45,0.5,0.05,0.175,0.25,0.025,0.0
897,3,soft_dt_jump,14,620,1,11,2,0.07142857142857142,0.7857142857142857,0.14285714285714285,0.2857142857142857,0.07142857142857142,0.07142857142857142,0.0
898,1,soft_state_jump,45,2830,10,29,6,0.2222222222222222,0.6444444444444445,0.13333333333333333,0.5777777777777777,0.17777777777777778,0.3111111111111111,0.0
899,6,soft_state_jump,20,910,6,13,1,0.3,0.65,0.05,0.7,0.2,0.45,0.0
900,6,soft_dt_jump,8,180,4,4,0,0.5,0.5,0.0,0.5,0.5,0.375,0.0
901,3,soft_dt_jump,9,440,3,4,2,0.3333333333333333,0.4444444444444444,0.2222222222222222,0.2222222222222222,0.4444444444444444,0.2222222222222222,0.0
902,1,soft_side_flip_with_dt_jump,36,1720,10,25,1,0.2777777777777778,0.6944444444444444,0.027777777777777776,0.4444444444444444,0.4444444444444444,0.3055555555555556,0.0
903,7,soft_dt_jump,11,60,9,1,1,0.8181818181818182,0.09090909090909091,0.09090909090909091,0.0,0.9090909090909091,0.0,0.0
904,7,soft_dt_jump,16,0,15,1,0,0.9375,0.0625,0.0,0.0,1.0,0.0,0.0
905,3,soft_dt_jump,10,330,4,5,1,0.4,0.5,0.1,0.2,0.7,0.1,0.0
906,1,soft_dt_jump,30,2280,2,24,4,0.06666666666666667,0.8,0.13333333333333333,0.7666666666666667,0.0,0.26666666666666666,0.0
907,7,soft_side_flip_with_dt_jump,9,190,6,3,0,0.6666666666666666,0.3333333333333333,0.0,0.1111111111111111,0.6666666666666666,0.0,0.0
908,6,soft_dt_jump,30,1950,13,15,2,0.43333333333333335,0.5,0.06666666666666667,0.7333333333333333,0.03333333333333333,0.3,0.0
909,1,soft_dt_jump,13,830,4,6,3,0.3076923076923077,0.46153846153846156,0.23076923076923078,0.6153846153846154,0.15384615384615385,0.3076923076923077,0.0
910,5,soft_dt_jump,43,2910,7,33,3,0.16279069767441862,0.7674418604651163,0.06976744186046512,0.5116279069767442,0.06976744186046512,0.18604651162790697,0.27906976744186046
911,4,soft_state_jump,9,80,3,5,1,0.3333333333333333,0.5555555555555556,0.1111111111111111,0.3333333333333333,0.4444444444444444,0.1111111111111111,0.0
912,1,soft_dt_jump,64,5990,12,41,11,0.1875,0.640625,0.171875,0.4375,0.25,0.203125,0.0
913,1,max_events_per_episode,39,1760,8,30,1,0.20512820512820512,0.7692307692307693,0.02564102564102564,0.48717948717948717,0.358974358974359,0.28205128205128205,0.0
914,2,soft_side_flip_with_dt_jump,13,810,4,9,0,0.3076923076923077,0.6923076923076923,0.0,0.6923076923076923,0.3076923076923077,0.46153846153846156,0.0
915,7,soft_state_jump,12,20,9,3,0,0.75,0.25,0.0,0.16666666666666666,0.8333333333333334,0.0,0.0
916,2,soft_dt_jump,14,360,5,8,1,0.35714285714285715,0.5714285714285714,0.07142857142857142,0.2857142857142857,0.21428571428571427,0.07142857142857142,0.0
917,1,soft_dt_jump,44,2430,14,28,2,0.3181818181818182,0.6363636363636364,0.045454545454545456,0.3181818181818182,0.5454545454545454,0.20454545454545456,0.0
918,1,soft_dt_jump,33,2310,5,26,2,0.15151515151515152,0.7878787878787878,0.06060606060606061,0.7575757575757576,0.06060606060606061,0.24242424242424243,0.0
919,2,soft_dt_jump,9,200,4,5,0,0.4444444444444444,0.5555555555555556,0.0,0.1111111111111111,0.7777777777777778,0.0,0.0
920,2,soft_dt_jump,12,740,4,7,1,0.3333333333333333,0.5833333333333334,0.08333333333333333,0.4166666666666667,0.5,0.16666666666666666,0.0
921,1,soft_dt_jump,32,1340,6,24,2,0.1875,0.75,0.0625,0.53125,0.34375,0.21875,0.0
922,1,soft_dt_jump,38,2900,11,23,4,0.2894736842105263,0.6052631578947368,0.10526315789473684,0.42105263157894735,0.4473684210526316,0.13157894736842105,0.0
923,1,soft_dt_jump,35,2830,8,25,2,0.22857142857142856,0.7142857142857143,0.05714285714285714,0.37142857142857144,0.37142857142857144,0.14285714285714285,0.0
924,6,soft_side_flip_with_dt_jump,18,1150,5,12,1,0.2777777777777778,0.6666666666666666,0.05555555555555555,0.7777777777777778,0.05555555555555555,0.5555555555555556,0.0
925,1,soft_dt_jump,25,1810,6,16,3,0.24,0.64,0.12,0.76,0.0,0.48,0.0
926,2,soft_side_flip_with_dt_jump,10,690,0,8,2,0.0,0.8,0.2,0.6,0.0,0.3,0.0
927,1,soft_side_flip_with_dt_jump,35,2090,10,20,5,0.2857142857142857,0.5714285714285714,0.14285714285714285,0.7428571428571429,0.05714285714285714,0.37142857142857144,0.0
928,1,soft_dt_jump,29,2440,3,25,1,0.10344827586206896,0.8620689655172413,0.034482758620689655,0.8620689655172413,0.034482758620689655,0.13793103448275862,0.0
929,6,soft_dt_jump,10,820,2,6,2,0.2,0.6,0.2,0.8,0.0,0.6,0.0
930,6,soft_dt_jump,23,1130,10,10,3,0.43478260869565216,0.43478260869565216,0.13043478260869565,0.6521739130434783,0.13043478260869565,0.5217391304347826,0.0
931,1,soft_dt_jump,41,3060,9,29,3,0.21951219512195122,0.7073170731707317,0.07317073170731707,0.7560975609756098,0.14634146341463414,0.4146341463414634,0.0
932,1,soft_state_jump,45,2950,8,32,5,0.17777777777777778,0.7111111111111111,0.1111111111111111,0.8,0.06666666666666667,0.4222222222222222,0.0
933,2,soft_state_jump,23,980,3,18,2,0.13043478260869565,0.782608695652174,0.08695652173913043,0.391304347826087,0.30434782608695654,0.13043478260869565,0.0
934,6,soft_dt_jump,8,90,4,4,0,0.5,0.5,0.0,0.75,0.25,0.75,0.0
935,6,soft_side_flip_with_dt_jump,8,290,4,4,0,0.5,0.5,0.0,0.5,0.5,0.375,0.0
936,3,soft_side_flip_with_dt_jump,14,1130,1,10,3,0.07142857142857142,0.7142857142857143,0.21428571428571427,0.35714285714285715,0.0,0.2857142857142857,0.0
937,1,soft_state_jump,46,2910,11,28,7,0.2391304347826087,0.6086956521739131,0.15217391304347827,0.41304347826086957,0.34782608695652173,0.1956521739130435,0.0
938,1,soft_state_jump,39,3460,12,24,3,0.3076923076923077,0.6153846153846154,0.07692307692307693,0.48717948717948717,0.358974358974359,0.2564102564102564,0.0
939,1,soft_dt_jump,25,1240,3,21,1,0.12,0.84,0.04,0.56,0.24,0.28,0.0
940,1,soft_dt_jump,16,960,1,12,3,0.0625,0.75,0.1875,0.75,0.0625,0.3125,0.0
941,2,soft_state_jump,16,1160,1,14,1,0.0625,0.875,0.0625,0.75,0.125,0.375,0.0
942,7,soft_dt_jump,26,0,25,1,0,0.9615384615384616,0.038461538461538464,0.0,0.0,1.0,0.0,0.0
943,2,soft_dt_jump,9,350,3,5,1,0.3333333333333333,0.5555555555555556,0.1111111111111111,0.2222222222222222,0.5555555555555556,0.1111111111111111,0.0
944,3,soft_side_flip_with_dt_jump,9,880,1,5,3,0.1111111111111111,0.5555555555555556,0.3333333333333333,0.2222222222222222,0.3333333333333333,0.0,0.0
945,6,soft_dt_jump,13,440,6,5,2,0.46153846153846156,0.38461538461538464,0.15384615384615385,0.7692307692307693,0.07692307692307693,0.5384615384615384,0.0
946,0,soft_dt_jump,8,130,5,3,0,0.625,0.375,0.0,0.75,0.25,0.5,0.0
947,2,soft_dt_jump,11,1090,0,8,3,0.0,0.7272727272727273,0.2727272727272727,0.6363636363636364,0.09090909090909091,0.2727272727272727,0.0
948,2,soft_state_jump,19,820,5,13,1,0.2631578947368421,0.6842105263157895,0.05263157894736842,0.42105263157894735,0.42105263157894735,0.2631578947368421,0.0
949,2,soft_side_flip_with_dt_jump,23,1730,5,18,0,0.21739130434782608,0.782608695652174,0.0,0.5217391304347826,0.43478260869565216,0.17391304347826086,0.0
950,2,soft_state_jump,22,1390,3,18,1,0.13636363636363635,0.8181818181818182,0.045454545454545456,0.5,0.36363636363636365,0.22727272727272727,0.0
951,1,soft_side_flip_with_dt_jump,15,1150,1,11,3,0.06666666666666667,0.7333333333333333,0.2,0.6666666666666666,0.06666666666666667,0.4,0.0
952,2,soft_state_jump,14,1240,2,10,2,0.14285714285714285,0.7142857142857143,0.14285714285714285,0.35714285714285715,0.35714285714285715,0.14285714285714285,0.0
953,2,soft_side_flip_with_dt_jump,17,1000,4,12,1,0.23529411764705882,0.7058823529411765,0.058823529411764705,0.5294117647058824,0.35294117647058826,0.17647058823529413,0.0
954,2,soft_dt_jump,17,960,1,15,1,0.058823529411764705,0.8823529411764706,0.058823529411764705,0.5882352941176471,0.17647058823529413,0.29411764705882354,0.0
955,2,soft_dt_jump,8,190,2,6,0,0.25,0.75,0.0,0.75,0.25,0.375,0.0
956,6,soft_dt_jump,18,1460,6,12,0,0.3333333333333333,0.6666666666666666,0.0,0.7777777777777778,0.05555555555555555,0.6111111111111112,0.0
957,1,soft_dt_jump,21,810,4,13,4,0.19047619047619047,0.6190476190476191,0.19047619047619047,0.5714285714285714,0.14285714285714285,0.38095238095238093,0.0
958,2,soft_dt_jump,14,750,2,11,1,0.14285714285714285,0.7857142857142857,0.07142857142857142,0.42857142857142855,0.42857142857142855,0.21428571428571427,0.0
959,3,soft_state_jump,23,2390,4,12,7,0.17391304347826086,0.5217391304347826,0.30434782608695654,0.5217391304347826,0.13043478260869565,0.34782608695652173,0.0
960,2,soft_state_jump,8,180,2,6,0,0.25,0.75,0.0,0.75,0.25,0.5,0.0
961,2,soft_dt_jump,9,250,3,5,1,0.3333333333333333,0.5555555555555556,0.1111111111111111,0.2222222222222222,0.6666666666666666,0.1111111111111111,0.0
962,6,soft_dt_jump,23,800,9,12,2,0.391304347826087,0.5217391304347826,0.08695652173913043,0.5217391304347826,0.2608695652173913,0.43478260869565216,0.0
963,2,soft_dt_jump,8,320,2,5,1,0.25,0.625,0.125,0.125,0.625,0.0,0.0
964,2,soft_dt_jump,13,1050,1,10,2,0.07692307692307693,0.7692307692307693,0.15384615384615385,0.46153846153846156,0.23076923076923078,0.23076923076923078,0.0
965,1,soft_dt_jump,44,4950,7,33,4,0.1590909090909091,0.75,0.09090909090909091,0.6590909090909091,0.1590909090909091,0.3181818181818182,0.0
966,3,soft_state_jump,21,2390,3,13,5,0.14285714285714285,0.6190476190476191,0.23809523809523808,0.38095238095238093,0.23809523809523808,0.19047619047619047,0.0
967,3,soft_dt_jump,15,1030,2,8,5,0.13333333333333333,0.5333333333333333,0.3333333333333333,0.3333333333333333,0.2,0.13333333333333333,0.0
968,3,soft_dt_jump,9,340,3,4,2,0.3333333333333333,0.4444444444444444,0.2222222222222222,0.2222222222222222,0.3333333333333333,0.2222222222222222,0.0
969,2,soft_side_flip_with_dt_jump,14,600,5,8,1,0.35714285714285715,0.5714285714285714,0.07142857142857142,0.42857142857142855,0.5,0.07142857142857142,0.0
970,1,soft_dt_jump,46,4190,6,34,6,0.13043478260869565,0.7391304347826086,0.13043478260869565,0.391304347826087,0.2826086956521739,0.10869565217391304,0.0
971,2,soft_dt_jump,15,960,1,12,2,0.06666666666666667,0.8,0.13333333333333333,0.6,0.26666666666666666,0.26666666666666666,0.0
972,1,soft_state_jump,29,1860,7,21,1,0.2413793103448276,0.7241379310344828,0.034482758620689655,0.6206896551724138,0.3448275862068966,0.27586206896551724,0.0
973,7,soft_dt_jump,10,40,7,3,0,0.7,0.3,0.0,0.1,0.9,0.0,0.0
974,1,soft_dt_jump,64,6480,6,48,10,0.09375,0.75,0.15625,0.5,0.15625,0.234375,0.0
975,2,max_events_per_episode,13,1480,1,11,1,0.07692307692307693,0.8461538461538461,0.07692307692307693,0.7692307692307693,0.15384615384615385,0.46153846153846156,0.0
976,1,soft_state_jump,39,2030,16,17,6,0.41025641025641024,0.4358974358974359,0.15384615384615385,0.6153846153846154,0.15384615384615385,0.46153846153846156,0.0
977,2,soft_dt_jump,10,570,2,7,1,0.2,0.7,0.1,0.5,0.3,0.3,0.0
978,2,soft_state_jump,29,1230,13,16,0,0.4482758620689655,0.5517241379310345,0.0,0.4482758620689655,0.5172413793103449,0.1724137931034483,0.0
979,2,soft_dt_jump,16,970,8,7,1,0.5,0.4375,0.0625,0.3125,0.625,0.3125,0.0
980,6,soft_dt_jump,12,620,4,6,2,0.3333333333333333,0.5,0.16666666666666666,0.6666666666666666,0.0,0.5,0.0
981,0,soft_state_jump,13,510,9,3,1,0.6923076923076923,0.23076923076923078,0.07692307692307693,0.9230769230769231,0.0,0.8461538461538461,0.0
982,0,soft_dt_jump,27,0,25,1,1,0.9259259259259259,0.037037037037037035,0.037037037037037035,0.9629629629629629,0.0,0.9629629629629629,0.0
983,0,soft_dt_jump,64,1250,54,10,0,0.84375,0.15625,0.0,0.953125,0.03125,0.890625,0.0
984,0,max_events_per_episode,19,0,19,0,0,1.0,0.0,0.0,1.0,0.0,1.0,0.0
985,2,soft_dt_jump,13,730,2,9,2,0.15384615384615385,0.6923076923076923,0.15384615384615385,0.6153846153846154,0.07692307692307693,0.3076923076923077,0.0
986,2,soft_dt_jump,18,1270,4,12,2,0.2222222222222222,0.6666666666666666,0.1111111111111111,0.2777777777777778,0.2777777777777778,0.0,0.0
987,2,soft_dt_jump,21,1550,6,15,0,0.2857142857142857,0.7142857142857143,0.0,0.19047619047619047,0.5714285714285714,0.047619047619047616,0.0
988,2,soft_dt_jump,19,860,8,9,2,0.42105263157894735,0.47368421052631576,0.10526315789473684,0.05263157894736842,0.6842105263157895,0.0,0.0
989,2,soft_dt_jump,8,320,2,5,1,0.25,0.625,0.125,0.25,0.375,0.125,0.0
990,7,soft_dt_jump,9,90,6,2,1,0.6666666666666666,0.2222222222222222,0.1111111111111111,0.0,0.4444444444444444,0.0,0.0
991,1,soft_dt_jump,18,1430,3,14,1,0.16666666666666666,0.7777777777777778,0.05555555555555555,0.6666666666666666,0.16666666666666666,0.3333333333333333,0.0
992,1,soft_dt_jump,52,3530,8,37,7,0.15384615384615385,0.7115384615384616,0.1346153846153846,0.5961538461538461,0.25,0.36538461538461536,0.0
993,0,soft_dt_jump,17,0,16,1,0,0.9411764705882353,0.058823529411764705,0.0,1.0,0.0,1.0,0.0
994,1,soft_dt_jump,33,2890,6,24,3,0.18181818181818182,0.7272727272727273,0.09090909090909091,0.3939393939393939,0.30303030303030304,0.030303030303030304,0.0
995,1,soft_state_jump,42,4440,9,26,7,0.21428571428571427,0.6190476190476191,0.16666666666666666,0.38095238095238093,0.2619047619047619,0.19047619047619047,0.0
996,2,soft_dt_jump,21,1570,5,14,2,0.23809523809523808,0.6666666666666666,0.09523809523809523,0.38095238095238093,0.38095238095238093,0.09523809523809523,0.0
997,2,soft_dt_jump,10,230,5,5,0,0.5,0.5,0.0,0.5,0.5,0.2,0.0
998,3,soft_dt_jump,14,1290,2,8,4,0.14285714285714285,0.5714285714285714,0.2857142857142857,0.42857142857142855,0.14285714285714285,0.21428571428571427,0.0
999,2,soft_dt_jump,23,1780,8,15,0,0.34782608695652173,0.6521739130434783,0.0,0.43478260869565216,0.4782608695652174,0.13043478260869565,0.0
1000,2,soft_dt_jump,9,660,1,5,3,0.1111111111111111,0.5555555555555556,0.3333333333333333,0.2222222222222222,0.3333333333333333,0.2222222222222222,0.0
1001,6,soft_state_jump,8,490,3,5,0,0.375,0.625,0.0,1.0,0.0,0.875,0.0
1002,1,soft_dt_jump,29,2130,7,19,3,0.2413793103448276,0.6551724137931034,0.10344827586206896,0.7931034482758621,0.06896551724137931,0.41379310344827586,0.0
1003,1,soft_dt_jump,34,2790,8,24,2,0.23529411764705882,0.7058823529411765,0.058823529411764705,0.7941176470588235,0.029411764705882353,0.4411764705882353,0.0
1004,6,soft_state_jump,12,420,6,6,0,0.5,0.5,0.0,0.9166666666666666,0.08333333333333333,0.6666666666666666,0.0
1005,3,soft_dt_jump,8,600,0,7,1,0.0,0.875,0.125,0.25,0.25,0.0,0.0
1006,0,soft_dt_jump,10,260,6,4,0,0.6,0.4,0.0,1.0,0.0,0.9,0.0
1007,6,soft_dt_jump,14,910,7,7,0,0.5,0.5,0.0,0.9285714285714286,0.0,0.8571428571428571,0.0
1008,2,soft_dt_jump,21,1980,5,15,1,0.23809523809523808,0.7142857142857143,0.047619047619047616,0.38095238095238093,0.3333333333333333,0.19047619047619047,0.0
1009,1,soft_side_flip_with_dt_jump,31,3690,4,26,1,0.12903225806451613,0.8387096774193549,0.03225806451612903,0.5483870967741935,0.3548387096774194,0.1935483870967742,0.0
1010,1,soft_state_jump,37,2840,7,25,5,0.1891891891891892,0.6756756756756757,0.13513513513513514,0.40540540540540543,0.24324324324324326,0.1891891891891892,0.0
1011,2,soft_side_flip_with_dt_jump,24,2740,5,17,2,0.20833333333333334,0.7083333333333334,0.08333333333333333,0.4166666666666667,0.4583333333333333,0.125,0.0
1012,1,soft_state_jump,41,2580,12,26,3,0.2926829268292683,0.6341463414634146,0.07317073170731707,0.5365853658536586,0.2926829268292683,0.3170731707317073,0.0
1013,7,soft_dt_jump,10,1570,6,4,0,0.6,0.4,0.0,0.2,0.7,0.0,0.0
1014,3,soft_dt_jump,9,100,2,5,2,0.2222222222222222,0.5555555555555556,0.2222222222222222,0.0,0.5555555555555556,0.0,0.0
1015,1,soft_side_flip_with_dt_jump,42,4730,6,29,7,0.14285714285714285,0.6904761904761905,0.16666666666666666,0.47619047619047616,0.19047619047619047,0.23809523809523808,0.0
1016,1,soft_dt_jump,40,2980,6,28,6,0.15,0.7,0.15,0.35,0.3,0.05,0.0
1017,0,soft_side_flip_with_dt_jump,11,250,7,4,0,0.6363636363636364,0.36363636363636365,0.0,1.0,0.0,1.0,0.0
1018,2,soft_dt_jump,10,430,3,7,0,0.3,0.7,0.0,0.7,0.2,0.3,0.0
1019,7,soft_side_flip_with_dt_jump,13,30,10,3,0,0.7692307692307693,0.23076923076923078,0.0,0.07692307692307693,0.9230769230769231,0.0,0.0
1020,1,soft_dt_jump,36,2700,7,21,8,0.19444444444444445,0.5833333333333334,0.2222222222222222,0.25,0.4444444444444444,0.05555555555555555,0.0
1021,2,soft_dt_jump,17,700,6,11,0,0.35294117647058826,0.6470588235294118,0.0,0.4117647058823529,0.47058823529411764,0.23529411764705882,0.0
1022,2,soft_side_flip_with_dt_jump,12,330,5,7,0,0.4166666666666667,0.5833333333333334,0.0,0.3333333333333333,0.6666666666666666,0.25,0.0
1023,2,soft_dt_jump,14,410,5,8,1,0.35714285714285715,0.5714285714285714,0.07142857142857142,0.14285714285714285,0.7142857142857143,0.07142857142857142,0.0
1024,7,soft_dt_jump,9,410,6,3,0,0.6666666666666666,0.3333333333333333,0.0,0.1111111111111111,0.8888888888888888,0.0,0.0
1025,3,soft_dt_jump,8,690,2,4,2,0.25,0.5,0.25,0.375,0.25,0.125,0.0
1026,0,soft_state_jump,8,150,5,3,0,0.625,0.375,0.0,0.875,0.0,0.75,0.0
1027,6,soft_dt_jump,17,590,7,9,1,0.4117647058823529,0.5294117647058824,0.058823529411764705,0.7058823529411765,0.23529411764705882,0.5294117647058824,0.0
1028,2,soft_dt_jump,22,1800,5,13,4,0.22727272727272727,0.5909090909090909,0.18181818181818182,0.3181818181818182,0.45454545454545453,0.13636363636363635,0.0
1029,2,soft_dt_jump,15,730,6,8,1,0.4,0.5333333333333333,0.06666666666666667,0.6666666666666666,0.26666666666666666,0.3333333333333333,0.0
1030,0,soft_dt_jump,8,10,6,2,0,0.75,0.25,0.0,0.75,0.25,0.75,0.0
1031,3,soft_dt_jump,19,1500,2,13,4,0.10526315789473684,0.6842105263157895,0.21052631578947367,0.3157894736842105,0.2631578947368421,0.10526315789473684,0.0
1032,3,soft_state_jump,19,1390,5,12,2,0.2631578947368421,0.631578947368421,0.10526315789473684,0.21052631578947367,0.5789473684210527,0.0,0.0
1033,6,soft_dt_jump,13,730,6,7,0,0.46153846153846156,0.5384615384615384,0.0,0.9230769230769231,0.0,0.6153846153846154,0.0
1034,6,soft_dt_jump,9,190,5,4,0,0.5555555555555556,0.4444444444444444,0.0,0.6666666666666666,0.3333333333333333,0.6666666666666666,0.0
1035,2,soft_dt_jump,9,730,3,4,2,0.3333333333333333,0.4444444444444444,0.2222222222222222,0.1111111111111111,0.6666666666666666,0.0,0.0
1036,3,soft_dt_jump,12,790,3,9,0,0.25,0.75,0.0,0.3333333333333333,0.4166666666666667,0.16666666666666666,0.0
1037,6,soft_dt_jump,23,1440,7,14,2,0.30434782608695654,0.6086956521739131,0.08695652173913043,0.6956521739130435,0.08695652173913043,0.5652173913043478,0.0
1038,3,soft_dt_jump,16,1820,2,14,0,0.125,0.875,0.0,0.4375,0.3125,0.25,0.0
1039,2,soft_state_jump,14,1450,2,10,2,0.14285714285714285,0.7142857142857143,0.14285714285714285,0.6428571428571429,0.21428571428571427,0.2857142857142857,0.0
1040,1,soft_side_flip_with_dt_jump,42,3490,15,26,1,0.35714285714285715,0.6190476190476191,0.023809523809523808,0.5,0.35714285714285715,0.30952380952380953,0.0
1041,2,soft_dt_jump,25,2360,7,18,0,0.28,0.72,0.0,0.44,0.48,0.16,0.0
1042,1,soft_dt_jump,40,2810,11,22,7,0.275,0.55,0.175,0.425,0.35,0.25,0.0
1043,0,soft_dt_jump,22,970,13,7,2,0.5909090909090909,0.3181818181818182,0.09090909090909091,0.8636363636363636,0.045454545454545456,0.7272727272727273,0.0
1044,2,soft_dt_jump,22,1910,7,14,1,0.3181818181818182,0.6363636363636364,0.045454545454545456,0.45454545454545453,0.45454545454545453,0.22727272727272727,0.0
1045,2,soft_dt_jump,8,770,2,5,1,0.25,0.625,0.125,0.375,0.5,0.125,0.0
1046,3,soft_state_jump,21,1260,4,15,2,0.19047619047619047,0.7142857142857143,0.09523809523809523,0.3333333333333333,0.47619047619047616,0.19047619047619047,0.0
1047,2,soft_dt_jump,16,1170,2,13,1,0.125,0.8125,0.0625,0.625,0.1875,0.3125,0.0
1048,1,soft_state_jump,32,2650,7,23,2,0.21875,0.71875,0.0625,0.46875,0.40625,0.25,0.0
1049,2,soft_dt_jump,17,940,3,12,2,0.17647058823529413,0.7058823529411765,0.11764705882352941,0.5882352941176471,0.23529411764705882,0.29411764705882354,0.0
1050,2,soft_side_flip_with_dt_jump,14,840,4,9,1,0.2857142857142857,0.6428571428571429,0.07142857142857142,0.5,0.42857142857142855,0.35714285714285715,0.0
1051,3,soft_dt_jump,21,950,6,12,3,0.2857142857142857,0.5714285714285714,0.14285714285714285,0.2857142857142857,0.47619047619047616,0.14285714285714285,0.0
1052,7,soft_dt_jump,29,0,28,1,0,0.9655172413793104,0.034482758620689655,0.0,0.0,1.0,0.0,0.0
1053,3,soft_dt_jump,14,1310,3,8,3,0.21428571428571427,0.5714285714285714,0.21428571428571427,0.07142857142857142,0.6428571428571429,0.0,0.0
1054,1,soft_state_jump,25,3370,7,13,5,0.28,0.52,0.2,0.72,0.04,0.4,0.0
1055,6,soft_dt_jump,8,400,2,6,0,0.25,0.75,0.0,1.0,0.0,0.875,0.0
1056,2,soft_side_flip_with_dt_jump,13,1500,2,10,1,0.15384615384615385,0.7692307692307693,0.07692307692307693,0.8461538461538461,0.07692307692307693,0.23076923076923078,0.0
1057,6,soft_state_jump,15,2250,5,9,1,0.3333333333333333,0.6,0.06666666666666667,0.6666666666666666,0.13333333333333333,0.5333333333333333,0.0
1058,1,soft_dt_jump,18,1070,4,12,2,0.2222222222222222,0.6666666666666666,0.1111111111111111,0.5,0.2222222222222222,0.2777777777777778,0.0
1059,2,soft_dt_jump,16,1710,3,12,1,0.1875,0.75,0.0625,0.5625,0.1875,0.25,0.0
1060,1,soft_state_jump,50,5560,11,29,10,0.22,0.58,0.2,0.46,0.26,0.32,0.0
1061,1,soft_state_jump,34,1840,10,16,8,0.29411764705882354,0.47058823529411764,0.23529411764705882,0.29411764705882354,0.4117647058823529,0.20588235294117646,0.0
1062,1,soft_dt_jump,35,3730,7,23,5,0.2,0.6571428571428571,0.14285714285714285,0.4857142857142857,0.2857142857142857,0.2857142857142857,0.0
1063,1,soft_state_jump,25,2740,5,17,3,0.2,0.68,0.12,0.52,0.28,0.2,0.0
1064,6,soft_state_jump,11,860,3,7,1,0.2727272727272727,0.6363636363636364,0.09090909090909091,0.5454545454545454,0.18181818181818182,0.5454545454545454,0.0
1065,1,soft_dt_jump,37,2820,6,28,3,0.16216216216216217,0.7567567567567568,0.08108108108108109,0.2972972972972973,0.40540540540540543,0.13513513513513514,0.0
1066,2,soft_dt_jump,15,1400,4,9,2,0.26666666666666666,0.6,0.13333333333333333,0.5333333333333333,0.26666666666666666,0.26666666666666666,0.0
1067,0,soft_state_jump,51,2620,31,17,3,0.6078431372549019,0.3333333333333333,0.058823529411764705,0.7843137254901961,0.11764705882352941,0.6862745098039216,0.0
1068,1,soft_dt_jump,26,3270,5,17,4,0.19230769230769232,0.6538461538461539,0.15384615384615385,0.4230769230769231,0.34615384615384615,0.2692307692307692,0.0
1069,6,soft_state_jump,41,1790,21,17,3,0.5121951219512195,0.4146341463414634,0.07317073170731707,0.7317073170731707,0.17073170731707318,0.5853658536585366,0.0
1070,0,soft_dt_jump,12,160,9,3,0,0.75,0.25,0.0,0.9166666666666666,0.0,0.8333333333333334,0.0
1071,1,soft_dt_jump,46,3310,12,32,2,0.2608695652173913,0.6956521739130435,0.043478260869565216,0.5217391304347826,0.41304347826086957,0.2826086956521739,0.0
1072,7,soft_state_jump,64,0,63,1,0,0.984375,0.015625,0.0,0.0,1.0,0.0,0.0
1073,7,max_events_per_episode,29,0,29,0,0,1.0,0.0,0.0,0.0,1.0,0.0,0.0
1074,1,soft_dt_jump,49,3640,9,35,5,0.1836734693877551,0.7142857142857143,0.10204081632653061,0.20408163265306123,0.3469387755102041,0.0,0.0
1075,3,soft_dt_jump,30,2120,6,17,7,0.2,0.5666666666666667,0.23333333333333334,0.1,0.4,0.03333333333333333,0.0
1076,3,soft_side_flip_with_dt_jump,11,540,3,7,1,0.2727272727272727,0.6363636363636364,0.09090909090909091,0.18181818181818182,0.5454545454545454,0.09090909090909091,0.0
1077,2,soft_dt_jump,19,980,7,9,3,0.3684210526315789,0.47368421052631576,0.15789473684210525,0.21052631578947367,0.5263157894736842,0.15789473684210525,0.0
1078,7,soft_dt_jump,19,720,10,9,0,0.5263157894736842,0.47368421052631576,0.0,0.42105263157894735,0.5263157894736842,0.2631578947368421,0.0
1079,2,soft_dt_jump,14,650,4,7,3,0.2857142857142857,0.5,0.21428571428571427,0.42857142857142855,0.21428571428571427,0.14285714285714285,0.0
1080,1,soft_side_flip_with_dt_jump,41,3810,12,25,4,0.2926829268292683,0.6097560975609756,0.0975609756097561,0.3902439024390244,0.34146341463414637,0.1951219512195122,0.0
1081,1,soft_dt_jump,15,1290,1,11,3,0.06666666666666667,0.7333333333333333,0.2,0.4,0.26666666666666666,0.2,0.0
1082,7,soft_dt_jump,22,470,14,8,0,0.6363636363636364,0.36363636363636365,0.0,0.45454545454545453,0.5454545454545454,0.18181818181818182,0.0
1083,6,soft_dt_jump,12,510,4,8,0,0.3333333333333333,0.6666666666666666,0.0,0.8333333333333334,0.08333333333333333,0.5833333333333334,0.0
1084,6,soft_dt_jump,25,1420,6,18,1,0.24,0.72,0.04,0.88,0.08,0.64,0.0
1085,6,soft_dt_jump,17,1110,7,9,1,0.4117647058823529,0.5294117647058824,0.058823529411764705,0.8235294117647058,0.058823529411764705,0.6470588235294118,0.0
1086,1,soft_dt_jump,44,3650,13,30,1,0.29545454545454547,0.6818181818181818,0.022727272727272728,0.8181818181818182,0.09090909090909091,0.6590909090909091,0.0
1087,1,soft_side_flip_with_dt_jump,40,4040,8,27,5,0.2,0.675,0.125,0.725,0.075,0.375,0.0
1088,7,soft_side_flip_with_dt_jump,33,1350,19,11,3,0.5757575757575758,0.3333333333333333,0.09090909090909091,0.3939393939393939,0.48484848484848486,0.2727272727272727,0.0
1089,7,soft_dt_jump,31,1300,23,7,1,0.7419354838709677,0.22580645161290322,0.03225806451612903,0.1935483870967742,0.7741935483870968,0.06451612903225806,0.0
1090,2,soft_dt_jump,18,1320,0,16,2,0.0,0.8888888888888888,0.1111111111111111,0.7777777777777778,0.0,0.2777777777777778,0.0
1091,0,soft_state_jump,14,0,13,1,0,0.9285714285714286,0.07142857142857142,0.0,1.0,0.0,1.0,0.0
1092,6,soft_dt_jump,15,990,5,9,1,0.3333333333333333,0.6,0.06666666666666667,0.5333333333333333,0.26666666666666666,0.26666666666666666,0.0
1093,3,soft_dt_jump,12,1460,1,8,3,0.08333333333333333,0.6666666666666666,0.25,0.5,0.08333333333333333,0.4166666666666667,0.0
1094,1,soft_state_jump,26,1100,9,16,1,0.34615384615384615,0.6153846153846154,0.038461538461538464,0.4230769230769231,0.38461538461538464,0.38461538461538464,0.0
1095,6,soft_dt_jump,15,1470,5,9,1,0.3333333333333333,0.6,0.06666666666666667,0.8666666666666667,0.06666666666666667,0.6666666666666666,0.0
1096,1,soft_state_jump,31,2730,2,24,5,0.06451612903225806,0.7741935483870968,0.16129032258064516,0.6451612903225806,0.06451612903225806,0.3548387096774194,0.0
1097,6,soft_dt_jump,18,880,10,8,0,0.5555555555555556,0.4444444444444444,0.0,0.9444444444444444,0.0,0.8333333333333334,0.0
1098,1,soft_dt_jump,44,4730,9,29,6,0.20454545454545456,0.6590909090909091,0.13636363636363635,0.5,0.22727272727272727,0.3181818181818182,0.0
1099,7,soft_state_jump,24,560,18,5,1,0.75,0.20833333333333334,0.041666666666666664,0.08333333333333333,0.8333333333333334,0.08333333333333333,0.0
1100,2,soft_dt_jump,17,2080,2,12,3,0.11764705882352941,0.7058823529411765,0.17647058823529413,0.5882352941176471,0.11764705882352941,0.23529411764705882,0.0
1101,1,soft_state_jump,14,2210,1,10,3,0.07142857142857142,0.7142857142857143,0.21428571428571427,0.7142857142857143,0.0,0.14285714285714285,0.0
1102,1,soft_state_jump,21,2990,3,14,4,0.14285714285714285,0.6666666666666666,0.19047619047619047,0.5238095238095238,0.14285714285714285,0.19047619047619047,0.0
1103,1,soft_state_jump,61,5540,11,43,7,0.18032786885245902,0.7049180327868853,0.11475409836065574,0.5737704918032787,0.13114754098360656,0.14754098360655737,0.0
1104,1,soft_dt_jump,31,2730,5,22,4,0.16129032258064516,0.7096774193548387,0.12903225806451613,0.6129032258064516,0.12903225806451613,0.16129032258064516,0.0
1105,2,soft_state_jump,11,350,4,7,0,0.36363636363636365,0.6363636363636364,0.0,0.5454545454545454,0.45454545454545453,0.09090909090909091,0.0
1106,1,soft_dt_jump,39,2730,2,33,4,0.05128205128205128,0.8461538461538461,0.10256410256410256,0.6153846153846154,0.20512820512820512,0.1794871794871795,0.0
1107,1,soft_side_flip_with_dt_jump,55,5800,9,41,5,0.16363636363636364,0.7454545454545455,0.09090909090909091,0.6727272727272727,0.14545454545454545,0.2909090909090909,0.0
1108,1,soft_dt_jump,41,3900,8,31,2,0.1951219512195122,0.7560975609756098,0.04878048780487805,0.6097560975609756,0.24390243902439024,0.2682926829268293,0.0
1109,6,soft_side_flip_with_dt_jump,22,1590,9,9,4,0.4090909090909091,0.4090909090909091,0.18181818181818182,0.6818181818181818,0.13636363636363635,0.5909090909090909,0.0
1110,7,soft_dt_jump,61,1830,47,12,2,0.7704918032786885,0.19672131147540983,0.03278688524590164,0.16393442622950818,0.7704918032786885,0.09836065573770492,0.0
1111,6,soft_dt_jump,14,610,7,6,1,0.5,0.42857142857142855,0.07142857142857142,0.8571428571428571,0.0,0.6428571428571429,0.0
1112,1,soft_dt_jump,45,3780,12,28,5,0.26666666666666666,0.6222222222222222,0.1111111111111111,0.6222222222222222,0.2222222222222222,0.3333333333333333,0.0
1113,1,soft_side_flip_with_dt_jump,54,5140,15,34,5,0.2777777777777778,0.6296296296296297,0.09259259259259259,0.6851851851851852,0.14814814814814814,0.4074074074074074,0.0
1114,0,soft_dt_jump,26,20,24,2,0,0.9230769230769231,0.07692307692307693,0.0,1.0,0.0,1.0,0.0
1115,6,soft_dt_jump,8,350,3,5,0,0.375,0.625,0.0,0.75,0.125,0.5,0.0
1116,6,soft_side_flip_with_dt_jump,17,1100,4,11,2,0.23529411764705882,0.6470588235294118,0.11764705882352941,0.8235294117647058,0.0,0.5882352941176471,0.0
1117,6,soft_side_flip_with_dt_jump,16,460,4,12,0,0.25,0.75,0.0,0.625,0.25,0.375,0.0
1118,6,soft_side_flip_with_dt_jump,11,270,5,5,1,0.45454545454545453,0.45454545454545453,0.09090909090909091,0.7272727272727273,0.18181818181818182,0.6363636363636364,0.0
1119,2,soft_dt_jump,10,400,1,8,1,0.1,0.8,0.1,0.6,0.2,0.0,0.0
1120,1,soft_dt_jump,35,3290,5,25,5,0.14285714285714285,0.7142857142857143,0.14285714285714285,0.6285714285714286,0.14285714285714285,0.2857142857142857,0.0
1121,6,soft_dt_jump,10,510,2,7,1,0.2,0.7,0.1,0.9,0.0,0.5,0.0
1122,6,soft_dt_jump,8,360,3,4,1,0.375,0.5,0.125,0.875,0.0,0.75,0.0
1123,6,soft_dt_jump,12,450,3,9,0,0.25,0.75,0.0,0.6666666666666666,0.16666666666666666,0.4166666666666667,0.0
1124,2,soft_dt_jump,13,1030,4,9,0,0.3076923076923077,0.6923076923076923,0.0,0.5384615384615384,0.38461538461538464,0.23076923076923078,0.0
1125,6,soft_state_jump,10,500,3,7,0,0.3,0.7,0.0,0.8,0.1,0.7,0.0
1126,2,soft_dt_jump,9,170,3,5,1,0.3333333333333333,0.5555555555555556,0.1111111111111111,0.3333333333333333,0.5555555555555556,0.1111111111111111,0.0
1127,0,soft_side_flip_with_dt_jump,16,0,14,2,0,0.875,0.125,0.0,1.0,0.0,0.9375,0.0
1128,1,soft_dt_jump,21,1020,5,15,1,0.23809523809523808,0.7142857142857143,0.047619047619047616,0.6666666666666666,0.19047619047619047,0.42857142857142855,0.0
1129,7,soft_dt_jump,28,1380,19,8,1,0.6785714285714286,0.2857142857142857,0.03571428571428571,0.25,0.6071428571428571,0.14285714285714285,0.0
1130,6,soft_dt_jump,13,1340,8,5,0,0.6153846153846154,0.38461538461538464,0.0,0.7692307692307693,0.15384615384615385,0.7692307692307693,0.0
1131,1,soft_dt_jump,21,2040,5,10,6,0.23809523809523808,0.47619047619047616,0.2857142857142857,0.2857142857142857,0.19047619047619047,0.09523809523809523,0.0
1132,2,soft_dt_jump,8,240,2,4,2,0.25,0.5,0.25,0.125,0.5,0.0,0.0
1133,3,soft_dt_jump,10,670,1,9,0,0.1,0.8888888888888888,0.0,0.2,0.4,0.0,0.0
1134,2,soft_side_flip_with_dt_jump,20,1850,5,11,4,0.25,0.55,0.2,0.2,0.45,0.05,0.0
1135,1,soft_dt_jump,64,5250,32,25,7,0.5,0.390625,0.109375,0.578125,0.234375,0.4375,0.0
1136,0,max_events_per_episode,21,0,21,0,0,1.0,0.0,0.0,1.0,0.0,1.0,0.0
1137,7,soft_dt_jump,27,1470,12,13,2,0.4444444444444444,0.48148148148148145,0.07407407407407407,0.037037037037037035,0.7777777777777778,0.037037037037037035,0.0
1138,1,soft_dt_jump,33,3180,7,23,3,0.21212121212121213,0.696969696969697,0.09090909090909091,0.5151515151515151,0.2727272727272727,0.18181818181818182,0.0
1139,1,soft_dt_jump,55,5580,8,44,3,0.14545454545454545,0.8,0.05454545454545454,0.8,0.09090909090909091,0.4727272727272727,0.0
1140,1,soft_dt_jump,57,5710,8,41,8,0.14035087719298245,0.7192982456140351,0.14035087719298245,0.631578947368421,0.14035087719298245,0.2982456140350877,0.0
1141,1,soft_dt_jump,64,6210,14,42,8,0.21875,0.65625,0.125,0.546875,0.25,0.234375,0.0
1142,1,max_events_per_episode,34,3110,5,27,2,0.14705882352941177,0.7941176470588235,0.058823529411764705,0.6470588235294118,0.23529411764705882,0.17647058823529413,0.0
1143,0,soft_state_jump,12,140,9,3,0,0.75,0.25,0.0,1.0,0.0,0.8333333333333334,0.0
1144,2,soft_dt_jump,18,1180,4,12,2,0.2222222222222222,0.6666666666666666,0.1111111111111111,0.5555555555555556,0.2222222222222222,0.16666666666666666,0.0
1145,1,soft_dt_jump,23,2270,2,19,2,0.08695652173913043,0.8260869565217391,0.08695652173913043,0.6521739130434783,0.21739130434782608,0.30434782608695654,0.0
1146,2,soft_side_flip_with_dt_jump,12,620,3,7,2,0.25,0.5833333333333334,0.16666666666666666,0.4166666666666667,0.4166666666666667,0.16666666666666666,0.0
1147,1,soft_dt_jump,20,2170,3,15,2,0.15,0.75,0.1,0.55,0.25,0.2,0.0
1148,6,soft_dt_jump,37,1580,17,19,1,0.4594594594594595,0.5135135135135135,0.02702702702702703,0.7837837837837838,0.16216216216216217,0.4864864864864865,0.0
1149,1,soft_dt_jump,47,3950,12,29,6,0.2553191489361702,0.6170212765957447,0.1276595744680851,0.5106382978723404,0.3191489361702128,0.23404255319148937,0.0
1150,6,soft_dt_jump,12,1190,5,4,3,0.4166666666666667,0.3333333333333333,0.25,0.5833333333333334,0.16666666666666666,0.5,0.0
1151,2,soft_dt_jump,10,150,3,7,0,0.3,0.7,0.0,0.3,0.7,0.0,0.0
1152,7,soft_side_flip_with_dt_jump,20,530,11,9,0,0.55,0.45,0.0,0.15,0.75,0.0,0.0
1153,1,soft_dt_jump,15,1410,4,8,3,0.26666666666666666,0.5333333333333333,0.2,0.6,0.13333333333333333,0.4,0.0
1154,1,soft_dt_jump,18,950,4,11,3,0.2222222222222222,0.6111111111111112,0.16666666666666666,0.6111111111111112,0.16666666666666666,0.3888888888888889,0.0
1155,3,soft_side_flip_with_dt_jump,19,1440,7,10,2,0.3684210526315789,0.5263157894736842,0.10526315789473684,0.3684210526315789,0.42105263157894735,0.2631578947368421,0.0
1156,6,soft_dt_jump,15,740,4,10,1,0.26666666666666666,0.6666666666666666,0.06666666666666667,0.7333333333333333,0.13333333333333333,0.5333333333333333,0.0
1157,7,soft_side_flip_with_dt_jump,9,320,5,4,0,0.5555555555555556,0.4444444444444444,0.0,0.3333333333333333,0.5555555555555556,0.1111111111111111,0.0
1158,6,soft_dt_jump,18,1500,4,14,0,0.2222222222222222,0.7777777777777778,0.0,0.7777777777777778,0.16666666666666666,0.4444444444444444,0.0
1159,1,soft_dt_jump,25,1860,7,14,4,0.28,0.56,0.16,0.4,0.36,0.32,0.0
1160,2,soft_dt_jump,14,1100,4,9,1,0.2857142857142857,0.6428571428571429,0.07142857142857142,0.5714285714285714,0.35714285714285715,0.21428571428571427,0.0
1161,1,soft_dt_jump,28,1560,9,13,6,0.32142857142857145,0.4642857142857143,0.21428571428571427,0.2857142857142857,0.35714285714285715,0.10714285714285714,0.0
1162,2,soft_dt_jump,21,1880,4,16,1,0.19047619047619047,0.7619047619047619,0.047619047619047616,0.6190476190476191,0.23809523809523808,0.3333333333333333,0.0
1163,2,soft_dt_jump,26,1750,4,21,1,0.15384615384615385,0.8076923076923077,0.038461538461538464,0.34615384615384615,0.46153846153846156,0.23076923076923078,0.0
1164,1,soft_state_jump,51,5330,13,36,2,0.2549019607843137,0.7058823529411765,0.0392156862745098,0.8235294117647058,0.058823529411764705,0.39215686274509803,0.0
1165,1,soft_dt_jump,27,1360,6,19,2,0.2222222222222222,0.7037037037037037,0.07407407407407407,0.5925925925925926,0.25925925925925924,0.25925925925925924,0.0
1166,1,soft_dt_jump,18,1430,0,14,4,0.0,0.7777777777777778,0.2222222222222222,0.6111111111111112,0.0,0.05555555555555555,0.0
1167,1,soft_side_flip_with_dt_jump,22,2530,3,16,3,0.13636363636363635,0.7272727272727273,0.13636363636363635,0.8181818181818182,0.0,0.4090909090909091,0.0
1168,1,soft_dt_jump,24,1700,4,16,4,0.16666666666666666,0.6666666666666666,0.16666666666666666,0.5416666666666666,0.20833333333333334,0.25,0.0
1169,1,soft_dt_jump,16,1270,2,10,4,0.125,0.625,0.25,0.5625,0.1875,0.125,0.0
1170,7,soft_side_flip_with_dt_jump,17,280,13,4,0,0.7647058823529411,0.23529411764705882,0.0,0.17647058823529413,0.7647058823529411,0.11764705882352941,0.0
1171,1,soft_dt_jump,47,3440,11,31,5,0.23404255319148937,0.6595744680851063,0.10638297872340426,0.44680851063829785,0.2978723404255319,0.0851063829787234,0.0
1172,2,soft_dt_jump,13,330,5,7,1,0.38461538461538464,0.5384615384615384,0.07692307692307693,0.23076923076923078,0.6153846153846154,0.23076923076923078,0.0
1173,7,soft_dt_jump,11,20,9,2,0,0.8181818181818182,0.18181818181818182,0.0,0.0,1.0,0.0,0.0
1174,3,soft_dt_jump,13,1050,5,6,2,0.38461538461538464,0.46153846153846156,0.15384615384615385,0.3076923076923077,0.46153846153846156,0.07692307692307693,0.0
1175,2,soft_dt_jump,18,920,4,14,0,0.2222222222222222,0.7777777777777778,0.0,0.4444444444444444,0.2222222222222222,0.2222222222222222,0.0
1176,3,soft_dt_jump,25,2510,8,9,8,0.32,0.36,0.32,0.32,0.32,0.16,0.0
1177,7,soft_dt_jump,13,550,8,4,1,0.6153846153846154,0.3076923076923077,0.07692307692307693,0.23076923076923078,0.6153846153846154,0.15384615384615385,0.0
1178,7,soft_dt_jump,12,160,10,2,0,0.8333333333333334,0.16666666666666666,0.0,0.16666666666666666,0.8333333333333334,0.08333333333333333,0.0
1179,7,soft_dt_jump,15,40,13,1,1,0.8666666666666667,0.06666666666666667,0.06666666666666667,0.0,0.9333333333333333,0.0,0.0
1180,7,soft_dt_jump,42,2640,24,15,3,0.5714285714285714,0.35714285714285715,0.07142857142857142,0.19047619047619047,0.5952380952380952,0.047619047619047616,0.0
1181,6,soft_dt_jump,22,1330,5,16,1,0.22727272727272727,0.7272727272727273,0.045454545454545456,0.7727272727272727,0.13636363636363635,0.45454545454545453,0.0
1182,1,soft_dt_jump,35,4290,5,25,5,0.14285714285714285,0.7142857142857143,0.14285714285714285,0.7142857142857143,0.05714285714285714,0.3142857142857143,0.0
1183,2,soft_dt_jump,10,270,2,8,0,0.2,0.8,0.0,0.5,0.3,0.2,0.0
1184,6,soft_dt_jump,10,810,4,6,0,0.4,0.6,0.0,1.0,0.0,0.7,0.0
1185,6,soft_dt_jump,8,280,2,5,1,0.25,0.625,0.125,0.75,0.0,0.5,0.0
1186,1,soft_side_flip_with_dt_jump,23,1570,4,16,3,0.17391304347826086,0.6956521739130435,0.13043478260869565,0.6521739130434783,0.08695652173913043,0.34782608695652173,0.0
1187,1,soft_side_flip_with_dt_jump,25,1210,12,8,5,0.48,0.32,0.2,0.32,0.48,0.12,0.0
1188,6,soft_dt_jump,11,420,5,5,1,0.45454545454545453,0.45454545454545453,0.09090909090909091,0.5454545454545454,0.2727272727272727,0.36363636363636365,0.0
1189,3,soft_dt_jump,24,2060,4,15,5,0.16666666666666666,0.625,0.20833333333333334,0.3333333333333333,0.16666666666666666,0.125,0.0
1190,1,soft_dt_jump,20,2450,0,14,6,0.0,0.7,0.3,0.65,0.05,0.15,0.0
1191,1,soft_dt_jump,43,3010,9,30,4,0.20930232558139536,0.6976744186046512,0.09302325581395349,0.627906976744186,0.23255813953488372,0.32558139534883723,0.0
1192,7,soft_dt_jump,44,890,34,8,2,0.7727272727272727,0.18181818181818182,0.045454545454545456,0.11363636363636363,0.8181818181818182,0.022727272727272728,0.0
1193,2,soft_dt_jump,11,1210,0,10,1,0.0,0.8888888888888888,0.09090909090909091,0.7272727272727273,0.09090909090909091,0.0,0.0
1194,2,soft_state_jump,9,510,1,6,2,0.1111111111111111,0.6666666666666666,0.2222222222222222,0.3333333333333333,0.2222222222222222,0.0,0.0
1195,0,soft_side_flip_with_dt_jump,23,60,20,3,0,0.8695652173913043,0.13043478260869565,0.0,0.9130434782608695,0.08695652173913043,0.9130434782608695,0.0
1196,3,soft_dt_jump,19,1810,3,12,4,0.15789473684210525,0.631578947368421,0.21052631578947367,0.10526315789473684,0.2631578947368421,0.0,0.0
1197,1,soft_state_jump,24,1100,8,13,3,0.3333333333333333,0.5416666666666666,0.125,0.4166666666666667,0.375,0.25,0.0
1198,7,soft_dt_jump,21,520,17,4,0,0.8095238095238095,0.19047619047619047,0.0,0.09523809523809523,0.9047619047619048,0.09523809523809523,0.0
1199,3,soft_dt_jump,31,3340,7,19,5,0.22580645161290322,0.6129032258064516,0.16129032258064516,0.3548387096774194,0.1935483870967742,0.12903225806451613,0.0
1200,1,soft_state_jump,58,5780,10,35,13,0.1724137931034483,0.603448275862069,0.22413793103448276,0.5172413793103449,0.1896551724137931,0.27586206896551724,0.0
1201,3,soft_state_jump,22,2810,1,17,4,0.045454545454545456,0.7727272727272727,0.18181818181818182,0.4090909090909091,0.13636363636363635,0.0,0.0
1202,2,soft_state_jump,10,370,3,5,2,0.3,0.5,0.2,0.4,0.3,0.1,0.0
1203,3,soft_dt_jump,15,580,4,9,2,0.26666666666666666,0.6,0.13333333333333333,0.4666666666666667,0.26666666666666666,0.3333333333333333,0.0
1204,1,soft_dt_jump,46,3510,19,21,6,0.41304347826086957,0.45652173913043476,0.13043478260869565,0.2608695652173913,0.5,0.10869565217391304,0.0
1205,1,soft_dt_jump,24,3630,2,15,7,0.08333333333333333,0.625,0.2916666666666667,0.4583333333333333,0.16666666666666666,0.16666666666666666,0.0
1206,2,soft_state_jump,29,1100,13,13,3,0.4482758620689655,0.4482758620689655,0.10344827586206896,0.3103448275862069,0.5517241379310345,0.1724137931034483,0.0
1207,3,soft_dt_jump,16,1730,2,11,3,0.125,0.6875,0.1875,0.25,0.3125,0.0,0.0
1208,1,soft_state_jump,25,2410,3,20,2,0.12,0.8,0.08,0.72,0.16,0.24,0.0
1209,3,soft_dt_jump,12,870,1,10,1,0.08333333333333333,0.8333333333333334,0.08333333333333333,0.3333333333333333,0.4166666666666667,0.0,0.0
1210,0,soft_side_flip_with_dt_jump,8,200,5,2,1,0.625,0.25,0.125,0.875,0.0,0.875,0.0
1211,6,soft_dt_jump,9,490,2,7,0,0.2222222222222222,0.7777777777777778,0.0,0.7777777777777778,0.1111111111111111,0.3333333333333333,0.0
1212,6,soft_dt_jump,10,650,2,7,1,0.2,0.7,0.1,0.6,0.2,0.3,0.0
1213,6,soft_dt_jump,14,1040,5,8,1,0.35714285714285715,0.5714285714285714,0.07142857142857142,0.8571428571428571,0.0,0.5,0.0
1214,6,soft_dt_jump,13,900,4,8,1,0.3076923076923077,0.6153846153846154,0.07692307692307693,0.7692307692307693,0.07692307692307693,0.6153846153846154,0.0
1215,6,soft_dt_jump,8,420,3,5,0,0.375,0.625,0.0,0.875,0.125,0.5,0.0
1216,2,soft_dt_jump,12,420,4,5,3,0.3333333333333333,0.4166666666666667,0.25,0.4166666666666667,0.3333333333333333,0.16666666666666666,0.0
1217,6,soft_dt_jump,11,620,3,7,1,0.2727272727272727,0.6363636363636364,0.09090909090909091,0.9090909090909091,0.0,0.6363636363636364,0.0
1218,6,soft_dt_jump,12,440,5,6,1,0.4166666666666667,0.5,0.08333333333333333,0.75,0.0,0.6666666666666666,0.0
1219,1,soft_side_flip_with_dt_jump,32,3360,7,20,5,0.21875,0.625,0.15625,0.625,0.15625,0.34375,0.0
1220,6,soft_state_jump,19,1090,4,14,1,0.21052631578947367,0.7368421052631579,0.05263157894736842,0.7894736842105263,0.10526315789473684,0.3157894736842105,0.0
1221,3,soft_dt_jump,13,830,1,7,5,0.07692307692307693,0.5384615384615384,0.38461538461538464,0.46153846153846156,0.07692307692307693,0.15384615384615385,0.0
1222,1,soft_dt_jump,35,3530,9,23,3,0.2571428571428571,0.6571428571428571,0.08571428571428572,0.6857142857142857,0.08571428571428572,0.45714285714285713,0.0
1223,1,soft_dt_jump,51,5700,10,32,9,0.19607843137254902,0.6274509803921569,0.17647058823529413,0.6078431372549019,0.13725490196078433,0.21568627450980393,0.0
1224,6,soft_dt_jump,11,930,3,7,1,0.2727272727272727,0.6363636363636364,0.09090909090909091,0.5454545454545454,0.2727272727272727,0.18181818181818182,0.0
1225,7,soft_dt_jump,8,270,4,3,1,0.5,0.375,0.125,0.125,0.75,0.0,0.0
1226,6,soft_dt_jump,9,680,2,6,1,0.2222222222222222,0.6666666666666666,0.1111111111111111,0.7777777777777778,0.0,0.5555555555555556,0.0
1227,2,soft_state_jump,13,920,4,9,0,0.3076923076923077,0.6923076923076923,0.0,0.3076923076923077,0.6153846153846154,0.0,0.0
1228,3,soft_dt_jump,10,450,4,5,1,0.4,0.5,0.1,0.0,0.0,0.0,0.0
1229,6,soft_dt_jump,14,1220,6,6,2,0.42857142857142855,0.42857142857142855,0.14285714285714285,0.35714285714285715,0.35714285714285715,0.21428571428571427,0.0
1230,6,soft_dt_jump,11,440,5,6,0,0.45454545454545453,0.5454545454545454,0.0,0.45454545454545453,0.36363636363636365,0.2727272727272727,0.0
1231,6,soft_dt_jump,13,1340,3,9,1,0.23076923076923078,0.6923076923076923,0.07692307692307693,0.8461538461538461,0.0,0.6923076923076923,0.0
1232,3,soft_dt_jump,10,500,3,6,1,0.3,0.6,0.1,0.1,0.6,0.0,0.0
1233,3,soft_dt_jump,26,1620,10,14,2,0.38461538461538464,0.5384615384615384,0.07692307692307693,0.23076923076923078,0.5,0.15384615384615385,0.0
1234,7,soft_dt_jump,9,360,5,3,1,0.5555555555555556,0.3333333333333333,0.1111111111111111,0.1111111111111111,0.2222222222222222,0.0,0.0
1235,5,soft_dt_jump,17,3220,2,11,4,0.11764705882352941,0.6470588235294118,0.23529411764705882,0.23529411764705882,0.058823529411764705,0.058823529411764705,0.29411764705882354
1236,1,soft_state_jump,27,2960,6,17,4,0.2222222222222222,0.6296296296296297,0.14814814814814814,0.6296296296296297,0.2222222222222222,0.37037037037037035,0.0
1237,7,soft_state_jump,64,0,63,1,0,0.984375,0.015625,0.0,0.0,0.984375,0.0,0.0
1238,7,max_events_per_episode,21,0,21,0,0,1.0,0.0,0.0,0.0,1.0,0.0,0.0
1239,1,soft_dt_jump,29,2380,4,20,5,0.13793103448275862,0.6896551724137931,0.1724137931034483,0.6551724137931034,0.13793103448275862,0.3793103448275862,0.0
1240,1,soft_state_jump,25,2910,2,20,3,0.08,0.8,0.12,0.56,0.2,0.2,0.0
1241,7,soft_state_jump,21,1320,12,9,0,0.5714285714285714,0.42857142857142855,0.0,0.2857142857142857,0.6190476190476191,0.14285714285714285,0.0
1242,3,soft_dt_jump,26,3010,9,15,2,0.34615384615384615,0.5769230769230769,0.07692307692307693,0.34615384615384615,0.4230769230769231,0.19230769230769232,0.0
1243,2,soft_dt_jump,11,860,2,9,0,0.18181818181818182,0.8181818181818182,0.0,0.5454545454545454,0.45454545454545453,0.18181818181818182,0.0
1244,1,soft_dt_jump,23,1810,7,12,4,0.30434782608695654,0.5217391304347826,0.17391304347826086,0.5217391304347826,0.2608695652173913,0.34782608695652173,0.0
1245,1,soft_dt_jump,29,3700,9,18,2,0.3103448275862069,0.6206896551724138,0.06896551724137931,0.3448275862068966,0.5172413793103449,0.06896551724137931,0.0
1246,0,soft_dt_jump,31,0,30,1,0,0.967741935483871,0.03225806451612903,0.0,1.0,0.0,0.2903225806451613,0.0
1247,5,soft_dt_jump,26,1930,10,16,0,0.38461538461538464,0.6153846153846154,0.0,0.2692307692307692,0.4230769230769231,0.0,0.15384615384615385
1248,5,soft_dt_jump,17,1610,6,10,1,0.35294117647058826,0.5882352941176471,0.058823529411764705,0.5882352941176471,0.11764705882352941,0.17647058823529413,0.17647058823529413
1249,3,soft_dt_jump,17,1330,3,11,3,0.17647058823529413,0.6470588235294118,0.17647058823529413,0.5882352941176471,0.11764705882352941,0.29411764705882354,0.0
1250,3,soft_dt_jump,12,940,2,8,2,0.16666666666666666,0.6666666666666666,0.16666666666666666,0.3333333333333333,0.25,0.25,0.0
1251,3,soft_state_jump,20,2280,4,14,2,0.2,0.7,0.1,0.3,0.25,0.2,0.0
1252,3,soft_dt_jump,31,1800,8,20,3,0.25806451612903225,0.6451612903225806,0.0967741935483871,0.25806451612903225,0.1935483870967742,0.06451612903225806,0.0
1253,2,soft_dt_jump,14,580,8,6,0,0.5714285714285714,0.42857142857142855,0.0,0.21428571428571427,0.07142857142857142,0.14285714285714285,0.0
1254,3,soft_dt_jump,9,520,1,7,1,0.1111111111111111,0.7777777777777778,0.1111111111111111,0.3333333333333333,0.3333333333333333,0.2222222222222222,0.0
1255,5,soft_side_flip_with_dt_jump,9,510,1,7,1,0.1111111111111111,0.7777777777777778,0.1111111111111111,0.5555555555555556,0.0,0.3333333333333333,0.1111111111111111
1256,5,soft_dt_jump,9,590,2,5,2,0.2222222222222222,0.5555555555555556,0.2222222222222222,0.1111111111111111,0.1111111111111111,0.0,0.4444444444444444
1257,1,soft_dt_jump,25,2280,3,18,4,0.12,0.72,0.16,0.44,0.16,0.16,0.0
1258,3,soft_state_jump,21,2750,3,14,4,0.14285714285714285,0.6666666666666666,0.19047619047619047,0.47619047619047616,0.23809523809523808,0.2857142857142857,0.0
1259,1,soft_state_jump,29,2380,7,21,1,0.2413793103448276,0.7241379310344828,0.034482758620689655,0.5172413793103449,0.3448275862068966,0.3448275862068966,0.0
1260,6,soft_dt_jump,23,880,13,9,1,0.5652173913043478,0.391304347826087,0.043478260869565216,0.7391304347826086,0.043478260869565216,0.6086956521739131,0.0
1261,6,soft_dt_jump,19,2350,4,15,0,0.21052631578947367,0.7894736842105263,0.0,0.47368421052631576,0.15789473684210525,0.21052631578947367,0.0
1262,3,soft_state_jump,21,1270,7,13,1,0.3333333333333333,0.6190476190476191,0.047619047619047616,0.0,0.09523809523809523,0.0,0.0
1263,3,soft_dt_jump,14,1080,1,8,5,0.07142857142857142,0.5714285714285714,0.35714285714285715,0.2857142857142857,0.14285714285714285,0.0,0.0
1264,1,soft_state_jump,36,2960,6,26,4,0.16666666666666666,0.7222222222222222,0.1111111111111111,0.4166666666666667,0.25,0.19444444444444445,0.0
1265,3,soft_state_jump,13,2320,1,7,5,0.07692307692307693,0.5384615384615384,0.38461538461538464,0.3076923076923077,0.07692307692307693,0.07692307692307693,0.0
1266,3,soft_state_jump,13,980,4,8,1,0.3076923076923077,0.6153846153846154,0.07692307692307693,0.3076923076923077,0.38461538461538464,0.3076923076923077,0.0
1267,3,soft_dt_jump,10,730,3,5,2,0.3,0.5,0.2,0.2,0.3,0.0,0.0
1268,3,soft_dt_jump,11,820,0,9,2,0.0,0.8181818181818182,0.18181818181818182,0.2727272727272727,0.09090909090909091,0.0,0.0
1269,3,soft_state_jump,24,2850,4,16,4,0.16666666666666666,0.6666666666666666,0.16666666666666666,0.4583333333333333,0.08333333333333333,0.25,0.0
1270,3,soft_dt_jump,21,3060,4,12,5,0.19047619047619047,0.5714285714285714,0.23809523809523808,0.42857142857142855,0.09523809523809523,0.2857142857142857,0.0
1271,1,soft_dt_jump,20,2400,2,17,1,0.1,0.85,0.05,0.55,0.15,0.25,0.0
1272,6,soft_state_jump,10,660,6,3,1,0.6,0.3,0.1,0.5,0.4,0.5,0.0
1273,3,soft_dt_jump,13,1880,3,7,3,0.23076923076923078,0.5384615384615384,0.23076923076923078,0.23076923076923078,0.23076923076923078,0.15384615384615385,0.0
1274,6,soft_state_jump,14,920,5,7,2,0.35714285714285715,0.5,0.14285714285714285,0.7857142857142857,0.0,0.42857142857142855,0.0
1275,7,soft_dt_jump,11,90,7,3,1,0.6363636363636364,0.2727272727272727,0.09090909090909091,0.09090909090909091,0.8181818181818182,0.0,0.0
1276,3,soft_dt_jump,10,1740,0,9,1,0.0,0.8888888888888888,0.1,0.3,0.0,0.0,0.0
1277,0,soft_state_jump,14,400,9,3,2,0.6428571428571429,0.21428571428571427,0.14285714285714285,0.7857142857142857,0.0,0.7142857142857143,0.0
1278,1,soft_dt_jump,27,2030,9,13,5,0.3333333333333333,0.48148148148148145,0.18518518518518517,0.37037037037037035,0.37037037037037035,0.25925925925925924,0.0
1279,0,soft_dt_jump,29,1280,19,9,1,0.6551724137931034,0.3103448275862069,0.034482758620689655,0.8275862068965517,0.034482758620689655,0.6551724137931034,0.0
1280,2,soft_dt_jump,11,1390,1,8,2,0.09090909090909091,0.7272727272727273,0.18181818181818182,0.6363636363636364,0.18181818181818182,0.09090909090909091,0.0
1281,6,soft_state_jump,12,960,4,7,1,0.3333333333333333,0.5833333333333334,0.08333333333333333,0.4166666666666667,0.25,0.3333333333333333,0.0
1282,6,soft_side_flip_with_dt_jump,9,520,5,4,0,0.5555555555555556,0.4444444444444444,0.0,0.7777777777777778,0.0,0.6666666666666666,0.0
1283,6,soft_dt_jump,13,1060,3,8,2,0.23076923076923078,0.6153846153846154,0.15384615384615385,0.6923076923076923,0.07692307692307693,0.38461538461538464,0.0
1284,3,soft_state_jump,12,1140,1,8,3,0.08333333333333333,0.6666666666666666,0.25,0.25,0.25,0.16666666666666666,0.0
1285,0,soft_dt_jump,39,800,35,2,2,0.8974358974358975,0.05128205128205128,0.05128205128205128,0.8974358974358975,0.05128205128205128,0.8717948717948718,0.0
1286,7,soft_dt_jump,9,110,4,5,0,0.4444444444444444,0.5555555555555556,0.0,0.2222222222222222,0.7777777777777778,0.1111111111111111,0.0
1287,7,soft_side_flip_with_dt_jump,8,510,4,4,0,0.5,0.5,0.0,0.125,0.875,0.125,0.0
1288,2,soft_dt_jump,15,1930,1,12,2,0.06666666666666667,0.8,0.13333333333333333,0.26666666666666666,0.2,0.0,0.0
1289,0,soft_state_jump,64,0,63,1,0,0.984375,0.015625,0.0,1.0,0.0,0.078125,0.0
1290,0,max_events_per_episode,64,0,64,0,0,1.0,0.0,0.0,1.0,0.0,0.0,0.0
1291,0,max_events_per_episode,25,0,25,0,0,1.0,0.0,0.0,1.0,0.0,0.0,0.0
1292,3,soft_dt_jump,20,2370,5,11,4,0.25,0.55,0.2,0.6,0.1,0.2,0.0
1293,1,soft_state_jump,47,4950,11,31,5,0.23404255319148937,0.6595744680851063,0.10638297872340426,0.5531914893617021,0.2127659574468085,0.2978723404255319,0.0
1294,6,soft_dt_jump,18,760,11,7,0,0.6111111111111112,0.3888888888888889,0.0,0.8333333333333334,0.1111111111111111,0.3333333333333333,0.0
1295,2,soft_dt_jump,10,920,3,7,0,0.3,0.7,0.0,0.2,0.5,0.0,0.0
1296,3,soft_dt_jump,12,1990,1,7,4,0.08333333333333333,0.5833333333333334,0.3333333333333333,0.16666666666666666,0.25,0.0,0.0
1297,3,soft_state_jump,13,770,3,8,2,0.23076923076923078,0.6153846153846154,0.15384615384615385,0.5384615384615384,0.15384615384615385,0.15384615384615385,0.0
1298,3,soft_dt_jump,15,1600,1,11,3,0.06666666666666667,0.7333333333333333,0.2,0.5333333333333333,0.06666666666666667,0.2,0.0
1299,1,soft_state_jump,26,2930,7,14,5,0.2692307692307692,0.5384615384615384,0.19230769230769232,0.5384615384615384,0.19230769230769232,0.38461538461538464,0.0
1300,1,soft_dt_jump,59,4810,17,37,5,0.288135593220339,0.6271186440677966,0.0847457627118644,0.6610169491525424,0.1016949152542373,0.4915254237288136,0.0
1301,3,soft_dt_jump,9,490,1,6,2,0.1111111111111111,0.6666666666666666,0.2222222222222222,0.4444444444444444,0.1111111111111111,0.2222222222222222,0.0
1302,6,soft_dt_jump,14,1250,3,9,2,0.21428571428571427,0.6428571428571429,0.14285714285714285,0.5714285714285714,0.14285714285714285,0.2857142857142857,0.0
1303,6,soft_side_flip_with_dt_jump,20,1440,6,14,0,0.3,0.7,0.0,0.85,0.15,0.55,0.0
1304,1,soft_dt_jump,64,3950,30,27,7,0.46875,0.421875,0.109375,0.78125,0.03125,0.3125,0.0
1305,0,max_events_per_episode,19,0,19,0,0,1.0,0.0,0.0,1.0,0.0,0.0,0.0
1306,3,soft_dt_jump,17,1720,2,12,3,0.11764705882352941,0.7058823529411765,0.17647058823529413,0.5882352941176471,0.0,0.29411764705882354,0.0
1307,3,soft_state_jump,14,920,3,8,3,0.21428571428571427,0.5714285714285714,0.21428571428571427,0.14285714285714285,0.35714285714285715,0.0,0.0
1308,1,soft_dt_jump,63,3240,28,27,8,0.4444444444444444,0.42857142857142855,0.12698412698412698,0.5079365079365079,0.1111111111111111,0.3968253968253968,0.0
1309,0,soft_dt_jump,62,600,55,7,0,0.8870967741935484,0.11290322580645161,0.0,0.9032258064516129,0.016129032258064516,0.8709677419354839,0.0
1310,0,soft_dt_jump,18,60,16,1,1,0.8888888888888888,0.05555555555555555,0.05555555555555555,0.9444444444444444,0.0,0.9444444444444444,0.0
1311,1,soft_dt_jump,31,2710,6,21,4,0.1935483870967742,0.6774193548387096,0.12903225806451613,0.2903225806451613,0.22580645161290322,0.06451612903225806,0.0
1312,0,soft_state_jump,38,870,27,9,2,0.7105263157894737,0.23684210526315788,0.05263157894736842,0.868421052631579,0.02631578947368421,0.7894736842105263,0.0
1313,1,soft_dt_jump,19,1910,5,10,4,0.2631578947368421,0.5263157894736842,0.21052631578947367,0.5789473684210527,0.10526315789473684,0.3684210526315789,0.0
1314,3,soft_state_jump,13,760,2,9,2,0.15384615384615385,0.6923076923076923,0.15384615384615385,0.46153846153846156,0.15384615384615385,0.07692307692307693,0.0
1315,0,soft_side_flip_with_dt_jump,15,360,10,4,1,0.6666666666666666,0.26666666666666666,0.06666666666666667,0.8,0.13333333333333333,0.7333333333333333,0.0
1316,0,soft_dt_jump,26,230,23,1,2,0.8846153846153846,0.038461538461538464,0.07692307692307693,0.9230769230769231,0.0,0.9230769230769231,0.0
1317,3,soft_dt_jump,8,400,2,4,2,0.25,0.5,0.25,0.375,0.25,0.25,0.0
1318,3,soft_state_jump,17,2470,4,11,2,0.23529411764705882,0.6470588235294118,0.11764705882352941,0.29411764705882354,0.4117647058823529,0.23529411764705882,0.0
1319,0,soft_state_jump,33,170,27,4,2,0.8181818181818182,0.12121212121212122,0.06060606060606061,0.9090909090909091,0.0,0.8484848484848485,0.0
1320,0,soft_dt_jump,8,170,6,1,1,0.75,0.125,0.125,0.875,0.0,0.875,0.0
1321,0,soft_dt_jump,29,1030,15,9,5,0.5172413793103449,0.3103448275862069,0.1724137931034483,0.6206896551724138,0.034482758620689655,0.5862068965517241,0.0
1322,6,soft_dt_jump,12,640,3,7,2,0.25,0.5833333333333334,0.16666666666666666,0.5833333333333334,0.08333333333333333,0.5,0.0
1323,0,soft_state_jump,11,270,7,3,1,0.6363636363636364,0.2727272727272727,0.09090909090909091,0.9090909090909091,0.0,0.7272727272727273,0.0
1324,6,soft_dt_jump,9,440,4,3,2,0.4444444444444444,0.3333333333333333,0.2222222222222222,0.6666666666666666,0.1111111111111111,0.5555555555555556,0.0
1325,0,soft_dt_jump,25,800,14,7,4,0.56,0.28,0.16,0.64,0.16,0.56,0.0
1326,0,soft_dt_jump,12,940,10,2,0,0.8333333333333334,0.16666666666666666,0.0,1.0,0.0,0.9166666666666666,0.0
1327,3,soft_dt_jump,13,650,2,6,5,0.15384615384615385,0.46153846153846156,0.38461538461538464,0.5384615384615384,0.0,0.38461538461538464,0.0
1328,1,soft_dt_jump,50,3000,13,25,12,0.26,0.5,0.24,0.4,0.28,0.18,0.0
1329,3,soft_dt_jump,19,1030,2,8,9,0.10526315789473684,0.42105263157894735,0.4,0.47368421052631576,0.05263157894736842,0.21052631578947367,0.0
1330,6,soft_dt_jump,14,440,6,6,2,0.42857142857142855,0.42857142857142855,0.14285714285714285,0.6428571428571429,0.14285714285714285,0.5,0.0
1331,3,soft_dt_jump,12,540,3,5,4,0.25,0.4166666666666667,0.3333333333333333,0.5,0.08333333333333333,0.3333333333333333,0.0
1332,2,soft_dt_jump,8,290,2,6,0,0.25,0.75,0.0,0.625,0.375,0.375,0.0
1333,2,soft_side_flip_with_dt_jump,8,510,2,4,2,0.25,0.5,0.25,0.25,0.375,0.0,0.0
1334,0,soft_state_jump,29,860,19,8,2,0.6551724137931034,0.27586206896551724,0.06896551724137931,0.7586206896551724,0.10344827586206896,0.6551724137931034,0.0
1335,7,soft_dt_jump,8,90,5,2,1,0.625,0.25,0.125,0.0,0.875,0.0,0.0
1336,6,soft_dt_jump,11,650,5,5,1,0.45454545454545453,0.45454545454545453,0.09090909090909091,0.8181818181818182,0.0,0.8181818181818182,0.0
1337,3,soft_dt_jump,15,1040,4,9,2,0.26666666666666666,0.6,0.13333333333333333,0.6,0.13333333333333333,0.4666666666666667,0.0
1338,7,soft_state_jump,8,250,6,2,0,0.75,0.25,0.0,0.0,1.0,0.0,0.0
1339,1,soft_side_flip_with_dt_jump,31,1610,8,19,4,0.25806451612903225,0.6129032258064516,0.12903225806451613,0.5483870967741935,0.2903225806451613,0.1935483870967742,0.0
1340,2,soft_dt_jump,13,590,3,10,0,0.23076923076923078,0.7692307692307693,0.0,0.7692307692307693,0.23076923076923078,0.38461538461538464,0.0
1341,1,soft_dt_jump,18,1450,3,10,5,0.16666666666666666,0.5555555555555556,0.2777777777777778,0.6111111111111112,0.0,0.2777777777777778,0.0
1342,1,soft_dt_jump,19,1300,1,12,6,0.05263157894736842,0.631578947368421,0.3157894736842105,0.5263157894736842,0.05263157894736842,0.10526315789473684,0.0
1343,1,soft_dt_jump,38,2580,9,26,3,0.23684210526315788,0.6842105263157895,0.07894736842105263,0.8157894736842105,0.02631578947368421,0.42105263157894735,0.0
1344,1,soft_dt_jump,64,5360,10,41,13,0.15625,0.640625,0.203125,0.640625,0.078125,0.25,0.0
1345,1,max_events_per_episode,41,3050,7,32,2,0.17073170731707318,0.7804878048780488,0.04878048780487805,0.6097560975609756,0.12195121951219512,0.21951219512195122,0.0
1346,1,soft_dt_jump,19,870,3,13,3,0.15789473684210525,0.6842105263157895,0.15789473684210525,0.6842105263157895,0.05263157894736842,0.3684210526315789,0.0
1347,1,soft_side_flip_with_dt_jump,64,5040,10,45,9,0.15625,0.703125,0.140625,0.578125,0.15625,0.28125,0.0
1348,1,max_events_per_episode,64,4410,13,44,7,0.203125,0.6875,0.109375,0.609375,0.171875,0.3125,0.0
1349,1,max_events_per_episode,64,3740,13,39,12,0.203125,0.609375,0.1875,0.640625,0.078125,0.3125,0.0
1350,1,max_events_per_episode,33,2270,6,22,5,0.18181818181818182,0.6666666666666666,0.15151515151515152,0.5757575757575758,0.12121212121212122,0.2727272727272727,0.0
1351,0,soft_state_jump,9,30,6,2,1,0.6666666666666666,0.2222222222222222,0.1111111111111111,0.7777777777777778,0.1111111111111111,0.7777777777777778,0.0
1352,1,soft_dt_jump,40,2540,7,25,8,0.175,0.625,0.2,0.65,0.1,0.325,0.0
1353,1,soft_state_jump,64,4640,12,46,6,0.1875,0.71875,0.09375,0.640625,0.171875,0.28125,0.0
1354,0,max_events_per_episode,9,100,8,1,0,0.8888888888888888,0.1111111111111111,0.0,0.8888888888888888,0.1111111111111111,0.8888888888888888,0.0
1355,6,soft_dt_jump,23,1170,7,15,1,0.30434782608695654,0.6521739130434783,0.043478260869565216,0.7391304347826086,0.0,0.5652173913043478,0.0
1356,6,soft_side_flip_with_dt_jump,9,290,3,5,1,0.3333333333333333,0.5555555555555556,0.1111111111111111,0.7777777777777778,0.0,0.7777777777777778,0.0
1357,6,soft_dt_jump,13,280,4,9,0,0.3076923076923077,0.6923076923076923,0.0,0.6923076923076923,0.23076923076923078,0.3076923076923077,0.0
1358,6,soft_dt_jump,14,560,7,7,0,0.5,0.5,0.0,0.9285714285714286,0.0,0.8571428571428571,0.0
1359,6,soft_dt_jump,9,1010,2,6,1,0.2222222222222222,0.6666666666666666,0.1111111111111111,0.7777777777777778,0.0,0.6666666666666666,0.0
1360,6,soft_state_jump,22,920,7,13,2,0.3181818181818182,0.5909090909090909,0.09090909090909091,0.6818181818181818,0.13636363636363635,0.5909090909090909,0.0
1361,1,soft_dt_jump,22,1410,4,17,1,0.18181818181818182,0.7727272727272727,0.045454545454545456,0.7727272727272727,0.09090909090909091,0.36363636363636365,0.0
1362,6,soft_dt_jump,28,900,13,12,3,0.4642857142857143,0.42857142857142855,0.10714285714285714,0.75,0.10714285714285714,0.5714285714285714,0.0
1363,1,soft_dt_jump,26,1980,5,18,3,0.19230769230769232,0.6923076923076923,0.11538461538461539,0.6923076923076923,0.07692307692307693,0.38461538461538464,0.0
1364,1,soft_state_jump,24,1640,4,19,1,0.16666666666666666,0.7916666666666666,0.041666666666666664,0.7916666666666666,0.08333333333333333,0.5416666666666666,0.0
1365,2,soft_dt_jump,18,1130,2,16,0,0.1111111111111111,0.8888888888888888,0.0,0.5555555555555556,0.2222222222222222,0.2777777777777778,0.0
1366,2,soft_state_jump,14,1290,3,10,1,0.21428571428571427,0.7142857142857143,0.07142857142857142,0.7142857142857143,0.14285714285714285,0.5,0.0
1367,6,soft_dt_jump,8,160,4,3,1,0.5,0.375,0.125,0.875,0.0,0.75,0.0
1368,6,soft_dt_jump,11,860,2,7,2,0.18181818181818182,0.6363636363636364,0.18181818181818182,0.8181818181818182,0.0,0.5454545454545454,0.0
1369,2,soft_state_jump,16,960,2,11,3,0.125,0.6875,0.1875,0.5625,0.125,0.375,0.0
1370,6,soft_dt_jump,26,1790,7,18,1,0.2692307692307692,0.6923076923076923,0.038461538461538464,0.6923076923076923,0.0,0.5,0.0
1371,0,soft_dt_jump,12,60,10,2,0,0.8333333333333334,0.16666666666666666,0.0,1.0,0.0,1.0,0.0
1372,6,soft_dt_jump,27,1100,9,18,0,0.3333333333333333,0.6666666666666666,0.0,0.8518518518518519,0.1111111111111111,0.7037037037037037,0.0
1373,6,soft_side_flip_with_dt_jump,18,1120,4,13,1,0.2222222222222222,0.7222222222222222,0.05555555555555555,0.6666666666666666,0.1111111111111111,0.5,0.0
1374,0,soft_state_jump,17,0,16,1,0,0.9411764705882353,0.058823529411764705,0.0,1.0,0.0,1.0,0.0
1375,1,soft_dt_jump,19,910,4,12,3,0.21052631578947367,0.631578947368421,0.15789473684210525,0.5789473684210527,0.05263157894736842,0.21052631578947367,0.0
1376,6,soft_side_flip_with_dt_jump,22,1560,8,12,2,0.36363636363636365,0.5454545454545454,0.09090909090909091,0.6363636363636364,0.22727272727272727,0.4090909090909091,0.0
1377,6,soft_dt_jump,13,650,6,7,0,0.46153846153846156,0.5384615384615384,0.0,0.6923076923076923,0.23076923076923078,0.5384615384615384,0.0
1378,1,soft_dt_jump,30,2100,6,20,4,0.2,0.6666666666666666,0.13333333333333333,0.6333333333333333,0.2,0.3333333333333333,0.0
1379,2,soft_state_jump,8,370,1,6,1,0.125,0.75,0.125,0.375,0.25,0.0,0.0
1380,7,soft_dt_jump,17,550,11,5,1,0.6470588235294118,0.29411764705882354,0.058823529411764705,0.17647058823529413,0.7058823529411765,0.0,0.0
1381,2,soft_dt_jump,12,370,5,6,1,0.4166666666666667,0.5,0.08333333333333333,0.5,0.4166666666666667,0.25,0.0
1382,0,soft_dt_jump,8,140,5,3,0,0.625,0.375,0.0,0.875,0.125,0.75,0.0
1383,1,soft_side_flip_with_dt_jump,42,2460,6,32,4,0.14285714285714285,0.7619047619047619,0.09523809523809523,0.5714285714285714,0.14285714285714285,0.16666666666666666,0.0
1384,2,soft_side_flip_with_dt_jump,9,1150,0,9,0,0.0,0.8888888888888888,0.0,0.5555555555555556,0.3333333333333333,0.2222222222222222,0.0
1385,6,soft_state_jump,18,920,9,8,1,0.5,0.4444444444444444,0.05555555555555555,0.8888888888888888,0.0,0.7777777777777778,0.0
1386,1,soft_dt_jump,48,4950,6,37,5,0.125,0.7708333333333334,0.10416666666666667,0.6666666666666666,0.14583333333333334,0.1875,0.0
1387,7,soft_state_jump,24,1210,13,9,2,0.5416666666666666,0.375,0.08333333333333333,0.25,0.5833333333333334,0.041666666666666664,0.0
1388,2,soft_dt_jump,14,900,4,9,1,0.2857142857142857,0.6428571428571429,0.07142857142857142,0.6428571428571429,0.2857142857142857,0.42857142857142855,0.0
1389,6,soft_dt_jump,9,580,3,5,1,0.3333333333333333,0.5555555555555556,0.1111111111111111,0.7777777777777778,0.0,0.6666666666666666,0.0
1390,5,soft_state_jump,34,2910,6,23,5,0.17647058823529413,0.6764705882352942,0.14705882352941177,0.47058823529411764,0.058823529411764705,0.29411764705882354,0.14705882352941177
1391,2,soft_state_jump,8,300,2,5,1,0.25,0.625,0.125,0.25,0.5,0.125,0.0
1392,1,soft_dt_jump,28,2440,5,19,4,0.17857142857142858,0.6785714285714286,0.14285714285714285,0.6428571428571429,0.17857142857142858,0.39285714285714285,0.0
1393,6,soft_dt_jump,18,920,7,8,3,0.3888888888888889,0.4444444444444444,0.16666666666666666,0.8333333333333334,0.0,0.6666666666666666,0.0
1394,6,soft_dt_jump,27,1890,12,13,2,0.4444444444444444,0.48148148148148145,0.07407407407407407,0.6666666666666666,0.14814814814814814,0.5185185185185185,0.0
1395,6,soft_dt_jump,13,860,3,10,0,0.23076923076923078,0.7692307692307693,0.0,0.7692307692307693,0.07692307692307693,0.5384615384615384,0.0
1396,6,soft_dt_jump,11,440,5,5,1,0.45454545454545453,0.45454545454545453,0.09090909090909091,0.7272727272727273,0.09090909090909091,0.6363636363636364,0.0
1397,6,soft_dt_jump,8,640,5,3,0,0.625,0.375,0.0,0.875,0.0,0.75,0.0
1398,1,soft_side_flip_with_dt_jump,18,940,2,14,2,0.1111111111111111,0.7777777777777778,0.1111111111111111,0.6666666666666666,0.16666666666666666,0.2222222222222222,0.0
1399,0,soft_dt_jump,8,50,5,1,2,0.625,0.125,0.25,0.75,0.0,0.75,0.0
1400,6,soft_dt_jump,28,1430,10,16,2,0.35714285714285715,0.5714285714285714,0.07142857142857142,0.8214285714285714,0.03571428571428571,0.6785714285714286,0.0
1401,1,soft_dt_jump,43,3160,9,28,6,0.20930232558139536,0.6511627906976745,0.13953488372093023,0.6511627906976745,0.06976744186046512,0.4883720930232558,0.0
1402,2,soft_state_jump,13,1810,1,10,2,0.07692307692307693,0.7692307692307693,0.15384615384615385,0.6153846153846154,0.15384615384615385,0.23076923076923078,0.0
1403,2,soft_dt_jump,20,1250,6,13,1,0.3,0.65,0.05,0.2,0.55,0.0,0.0
1404,7,soft_dt_jump,11,120,6,4,1,0.5454545454545454,0.36363636363636365,0.09090909090909091,0.2727272727272727,0.6363636363636364,0.2727272727272727,0.0
1405,1,soft_dt_jump,29,2750,11,13,5,0.3793103448275862,0.4482758620689655,0.1724137931034483,0.27586206896551724,0.4482758620689655,0.034482758620689655,0.0
1406,6,soft_dt_jump,22,950,9,12,1,0.4090909090909091,0.5454545454545454,0.045454545454545456,0.5909090909090909,0.18181818181818182,0.45454545454545453,0.0
1407,2,soft_dt_jump,20,500,6,13,1,0.3,0.65,0.05,0.15,0.55,0.0,0.0
1408,1,soft_dt_jump,17,1130,3,10,4,0.17647058823529413,0.5882352941176471,0.23529411764705882,0.47058823529411764,0.23529411764705882,0.35294117647058826,0.0
1409,1,soft_dt_jump,31,3150,2,22,7,0.06451612903225806,0.7096774193548387,0.22580645161290322,0.45161290322580644,0.16129032258064516,0.1935483870967742,0.0
1410,1,soft_dt_jump,43,2760,9,27,7,0.20930232558139536,0.627906976744186,0.16279069767441862,0.7441860465116279,0.023255813953488372,0.5348837209302325,0.0
1411,6,soft_dt_jump,13,420,3,10,0,0.23076923076923078,0.7692307692307693,0.0,0.8461538461538461,0.07692307692307693,0.38461538461538464,0.0
1412,1,soft_dt_jump,49,5910,12,34,3,0.24489795918367346,0.6938775510204082,0.061224489795918366,0.7346938775510204,0.08163265306122448,0.4897959183673469,0.0
1413,6,soft_dt_jump,17,680,7,10,0,0.4117647058823529,0.5882352941176471,0.0,0.8235294117647058,0.17647058823529413,0.6470588235294118,0.0
1414,1,soft_dt_jump,28,2430,7,17,4,0.25,0.6071428571428571,0.14285714285714285,0.8571428571428571,0.0,0.4642857142857143,0.0
1415,6,soft_dt_jump,13,700,3,9,1,0.23076923076923078,0.6923076923076923,0.07692307692307693,0.7692307692307693,0.0,0.46153846153846156,0.0
1416,3,soft_dt_jump,15,860,2,8,5,0.13333333333333333,0.5333333333333333,0.3333333333333333,0.5333333333333333,0.06666666666666667,0.4,0.0
1417,0,soft_side_flip_with_dt_jump,9,120,5,4,0,0.5555555555555556,0.4444444444444444,0.0,0.8888888888888888,0.0,0.7777777777777778,0.0
1418,6,soft_dt_jump,18,590,9,8,1,0.5,0.4444444444444444,0.05555555555555555,0.6666666666666666,0.16666666666666666,0.5555555555555556,0.0
1419,1,soft_dt_jump,52,3630,20,26,6,0.38461538461538464,0.5,0.11538461538461539,0.7692307692307693,0.038461538461538464,0.5,0.0
1420,1,soft_dt_jump,24,1760,5,13,6,0.20833333333333334,0.5416666666666666,0.25,0.5833333333333334,0.16666666666666666,0.3333333333333333,0.0
1421,2,soft_dt_jump,17,900,3,14,0,0.17647058823529413,0.8235294117647058,0.0,0.4117647058823529,0.5294117647058824,0.23529411764705882,0.0
1422,1,soft_dt_jump,29,2290,11,14,4,0.3793103448275862,0.4827586206896552,0.13793103448275862,0.5517241379310345,0.2413793103448276,0.3448275862068966,0.0
1423,1,soft_dt_jump,23,2600,4,18,1,0.17391304347826086,0.782608695652174,0.043478260869565216,0.4782608695652174,0.30434782608695654,0.2608695652173913,0.0
1424,2,soft_state_jump,17,1220,4,12,1,0.23529411764705882,0.7058823529411765,0.058823529411764705,0.23529411764705882,0.6470588235294118,0.058823529411764705,0.0
1425,2,soft_dt_jump,14,1230,3,9,2,0.21428571428571427,0.6428571428571429,0.14285714285714285,0.42857142857142855,0.35714285714285715,0.21428571428571427,0.0
1426,1,soft_state_jump,36,3440,17,18,1,0.4722222222222222,0.5,0.027777777777777776,0.6666666666666666,0.19444444444444445,0.5,0.0
1427,1,soft_dt_jump,35,2810,13,18,4,0.37142857142857144,0.5142857142857142,0.11428571428571428,0.5428571428571428,0.22857142857142856,0.3142857142857143,0.0
1428,1,soft_dt_jump,26,2360,5,17,4,0.19230769230769232,0.6538461538461539,0.15384615384615385,0.46153846153846156,0.34615384615384615,0.23076923076923078,0.0
1429,1,soft_state_jump,21,2660,2,12,7,0.09523809523809523,0.5714285714285714,0.3333333333333333,0.42857142857142855,0.19047619047619047,0.23809523809523808,0.0
1430,2,soft_dt_jump,15,600,4,10,1,0.26666666666666666,0.6666666666666666,0.06666666666666667,0.4,0.4666666666666667,0.13333333333333333,0.0
1431,1,soft_dt_jump,64,4570,24,31,9,0.375,0.484375,0.140625,0.53125,0.234375,0.390625,0.0
1432,0,max_events_per_episode,64,0,64,0,0,1.0,0.0,0.0,1.0,0.0,1.0,0.0
1433,0,max_events_per_episode,64,0,64,0,0,1.0,0.0,0.0,1.0,0.0,1.0,0.0
1434,0,max_events_per_episode,29,0,29,0,0,1.0,0.0,0.0,1.0,0.0,1.0,0.0
1435,2,soft_dt_jump,10,200,3,6,1,0.3,0.6,0.1,0.7,0.2,0.5,0.0
1436,0,soft_dt_jump,31,930,20,6,5,0.6451612903225806,0.1935483870967742,0.16129032258064516,0.6129032258064516,0.16129032258064516,0.5806451612903226,0.0
1437,1,soft_dt_jump,61,4180,21,34,6,0.3442622950819672,0.5573770491803278,0.09836065573770492,0.47540983606557374,0.2459016393442623,0.32786885245901637,0.0
1438,0,soft_dt_jump,8,430,5,1,2,0.625,0.125,0.25,0.75,0.0,0.75,0.0
1439,3,soft_dt_jump,35,2410,10,21,4,0.2857142857142857,0.6,0.11428571428571428,0.17142857142857143,0.5714285714285714,0.14285714285714285,0.0
1440,0,soft_state_jump,20,1690,13,5,2,0.65,0.25,0.1,0.8,0.1,0.65,0.0
1441,3,soft_dt_jump,9,450,2,3,4,0.2222222222222222,0.3333333333333333,0.4,0.5555555555555556,0.0,0.3333333333333333,0.0
1442,2,soft_dt_jump,12,570,6,5,1,0.5,0.4166666666666667,0.08333333333333333,0.4166666666666667,0.5,0.3333333333333333,0.0
1443,0,soft_dt_jump,10,60,6,3,1,0.6,0.3,0.1,0.6,0.2,0.6,0.0
1444,0,soft_dt_jump,49,2070,26,18,5,0.5306122448979592,0.3673469387755102,0.10204081632653061,0.7142857142857143,0.14285714285714285,0.6326530612244898,0.0
1445,0,soft_dt_jump,20,900,14,6,0,0.7,0.3,0.0,0.85,0.1,0.75,0.0
1446,1,soft_dt_jump,22,1160,6,12,4,0.2727272727272727,0.5454545454545454,0.18181818181818182,0.5,0.22727272727272727,0.2727272727272727,0.0
1447,6,soft_dt_jump,8,380,4,4,0,0.5,0.5,0.0,0.75,0.25,0.625,0.0
1448,1,soft_dt_jump,20,500,4,8,8,0.2,0.4,0.4,0.45,0.1,0.2,0.0
1449,3,soft_dt_jump,26,2270,3,16,7,0.11538461538461539,0.6153846153846154,0.2692307692307692,0.46153846153846156,0.15384615384615385,0.23076923076923078,0.0
1450,1,soft_state_jump,27,1810,6,17,4,0.2222222222222222,0.6296296296296297,0.14814814814814814,0.5185185185185185,0.25925925925925924,0.4444444444444444,0.0
1451,2,soft_dt_jump,9,480,0,8,1,0.0,0.8888888888888888,0.1111111111111111,0.7777777777777778,0.0,0.2222222222222222,0.0
1452,0,soft_dt_jump,37,1160,26,6,5,0.7027027027027027,0.16216216216216217,0.13513513513513514,0.8108108108108109,0.02702702702702703,0.7837837837837838,0.0
1453,6,soft_dt_jump,21,1390,6,14,1,0.2857142857142857,0.6666666666666666,0.047619047619047616,0.6666666666666666,0.19047619047619047,0.47619047619047616,0.0
1454,6,soft_dt_jump,20,1690,5,14,1,0.25,0.7,0.05,0.75,0.1,0.55,0.0
1455,0,soft_dt_jump,64,640,57,6,1,0.890625,0.09375,0.015625,0.96875,0.0,0.953125,0.0
1456,0,max_events_per_episode,63,0,63,0,0,1.0,0.0,0.0,1.0,0.0,1.0,0.0
1457,0,soft_dt_jump,9,190,6,3,0,0.6666666666666666,0.3333333333333333,0.0,0.6666666666666666,0.2222222222222222,0.6666666666666666,0.0
1458,2,soft_dt_jump,8,310,3,5,0,0.375,0.625,0.0,0.5,0.5,0.375,0.0
1459,0,soft_side_flip_with_dt_jump,59,0,58,1,0,0.9830508474576272,0.01694915254237288,0.0,1.0,0.0,1.0,0.0
1460,0,soft_dt_jump,44,590,34,9,1,0.7727272727272727,0.20454545454545456,0.022727272727272728,0.8863636363636364,0.09090909090909091,0.7954545454545454,0.0
1461,0,soft_dt_jump,20,170,16,3,1,0.8,0.15,0.05,0.95,0.0,0.9,0.0
1462,0,soft_dt_jump,14,400,9,5,0,0.6428571428571429,0.35714285714285715,0.0,0.9285714285714286,0.07142857142857142,0.8571428571428571,0.0
1463,6,soft_dt_jump,13,620,4,9,0,0.3076923076923077,0.6923076923076923,0.0,0.7692307692307693,0.15384615384615385,0.6153846153846154,0.0
1464,6,soft_side_flip_with_dt_jump,10,420,2,7,1,0.2,0.7,0.1,0.7,0.1,0.6,0.0
1465,3,soft_state_jump,11,590,1,8,2,0.09090909090909091,0.7272727272727273,0.18181818181818182,0.2727272727272727,0.36363636363636365,0.18181818181818182,0.0
1466,0,soft_side_flip_with_dt_jump,64,170,59,4,1,0.921875,0.0625,0.015625,0.9375,0.015625,0.9375,0.0
1467,0,max_events_per_episode,64,0,64,0,0,1.0,0.0,0.0,1.0,0.0,1.0,0.0
1468,0,max_events_per_episode,64,0,64,0,0,1.0,0.0,0.0,1.0,0.0,1.0,0.0
1469,0,max_events_per_episode,64,0,64,0,0,1.0,0.0,0.0,1.0,0.0,1.0,0.0
1470,0,max_events_per_episode,64,0,64,0,0,1.0,0.0,0.0,1.0,0.0,1.0,0.0
1471,0,max_events_per_episode,39,0,39,0,0,1.0,0.0,0.0,1.0,0.0,1.0,0.0
1472,2,soft_dt_jump,18,480,6,10,2,0.3333333333333333,0.5555555555555556,0.1111111111111111,0.3333333333333333,0.5,0.05555555555555555,0.0
1473,0,soft_dt_jump,27,410,23,4,0,0.8518518518518519,0.14814814814814814,0.0,0.7777777777777778,0.14814814814814814,0.7777777777777778,0.0
1474,0,soft_dt_jump,19,140,15,3,1,0.7894736842105263,0.15789473684210525,0.05263157894736842,0.8421052631578947,0.05263157894736842,0.7894736842105263,0.0
1475,6,soft_dt_jump,12,440,3,8,1,0.25,0.6666666666666666,0.08333333333333333,0.5833333333333334,0.25,0.4166666666666667,0.0
1476,0,soft_dt_jump,64,0,63,1,0,0.984375,0.015625,0.0,1.0,0.0,1.0,0.0
1477,0,max_events_per_episode,64,0,64,0,0,1.0,0.0,0.0,1.0,0.0,1.0,0.0
1478,0,max_events_per_episode,64,0,64,0,0,1.0,0.0,0.0,1.0,0.0,1.0,0.0
1479,0,max_events_per_episode,35,410,29,6,0,0.8285714285714286,0.17142857142857143,0.0,0.8571428571428571,0.11428571428571428,0.2571428571428571,0.0
1480,6,soft_dt_jump,17,770,4,11,2,0.23529411764705882,0.6470588235294118,0.11764705882352941,0.5294117647058824,0.17647058823529413,0.4117647058823529,0.0
1481,3,soft_dt_jump,25,890,6,14,5,0.24,0.56,0.2,0.4,0.28,0.28,0.0
1482,0,soft_state_jump,17,0,16,1,0,0.9411764705882353,0.058823529411764705,0.0,0.9411764705882353,0.0,0.9411764705882353,0.058823529411764705
1483,5,soft_dt_jump,28,1570,6,17,5,0.21428571428571427,0.6071428571428571,0.17857142857142858,0.07142857142857142,0.17857142857142858,0.03571428571428571,0.5
1484,5,soft_dt_jump,10,280,4,4,2,0.4,0.4,0.2,0.2,0.2,0.1,0.4
1485,3,soft_dt_jump,24,1220,10,10,4,0.4166666666666667,0.4166666666666667,0.16666666666666666,0.08333333333333333,0.5416666666666666,0.0,0.08333333333333333
1486,3,soft_dt_jump,21,740,8,7,6,0.38095238095238093,0.3333333333333333,0.2857142857142857,0.0,0.14285714285714285,0.0,0.0
1487,3,soft_dt_jump,18,1120,5,8,5,0.2777777777777778,0.4444444444444444,0.2777777777777778,0.2222222222222222,0.3333333333333333,0.05555555555555555,0.0
1488,3,soft_side_flip_with_dt_jump,18,880,3,13,2,0.16666666666666666,0.7222222222222222,0.1111111111111111,0.4444444444444444,0.3888888888888889,0.2777777777777778,0.0
1489,6,soft_dt_jump,15,300,6,7,2,0.4,0.4666666666666667,0.13333333333333333,0.7333333333333333,0.13333333333333333,0.5333333333333333,0.0
1490,6,soft_dt_jump,12,640,3,9,0,0.25,0.75,0.0,0.8333333333333334,0.16666666666666666,0.3333333333333333,0.0
1491,0,soft_dt_jump,31,390,22,4,5,0.7096774193548387,0.12903225806451613,0.16129032258064516,0.8387096774193549,0.0,0.0967741935483871,0.0
1492,6,soft_dt_jump,21,1100,5,11,5,0.23809523809523808,0.5238095238095238,0.23809523809523808,0.6666666666666666,0.047619047619047616,0.42857142857142855,0.0
1493,3,soft_dt_jump,23,1310,3,17,3,0.13043478260869565,0.7391304347826086,0.13043478260869565,0.5652173913043478,0.2608695652173913,0.21739130434782608,0.0
1494,3,soft_state_jump,21,940,3,12,6,0.14285714285714285,0.5714285714285714,0.2857142857142857,0.3333333333333333,0.2857142857142857,0.19047619047619047,0.0
1495,1,soft_dt_jump,34,1870,5,20,9,0.14705882352941177,0.5882352941176471,0.2647058823529412,0.29411764705882354,0.3235294117647059,0.11764705882352941,0.0
1496,1,soft_state_jump,31,1680,9,20,2,0.2903225806451613,0.6451612903225806,0.06451612903225806,0.3870967741935484,0.41935483870967744,0.16129032258064516,0.0
1497,2,soft_side_flip_with_dt_jump,13,930,2,11,0,0.15384615384615385,0.8461538461538461,0.0,0.5384615384615384,0.3076923076923077,0.3076923076923077,0.0
1498,0,soft_state_jump,64,710,49,13,2,0.765625,0.203125,0.03125,0.890625,0.03125,0.625,0.0
1499,0,max_events_per_episode,64,0,64,0,0,1.0,0.0,0.0,1.0,0.0,0.0,0.0
1500,0,max_events_per_episode,8,120,7,0,1,0.875,0.0,0.125,0.875,0.0,0.0,0.0
1501,1,soft_dt_jump,36,1950,6,24,6,0.16666666666666666,0.6666666666666666,0.16666666666666666,0.5,0.2777777777777778,0.2777777777777778,0.0
1502,2,soft_state_jump,12,390,4,8,0,0.3333333333333333,0.6666666666666666,0.0,0.08333333333333333,0.75,0.0,0.0
1503,3,soft_dt_jump,12,340,2,8,2,0.16666666666666666,0.6666666666666666,0.16666666666666666,0.16666666666666666,0.5,0.0,0.0
1504,1,soft_dt_jump,25,1680,4,19,2,0.16,0.76,0.08,0.56,0.32,0.24,0.0
1505,6,soft_state_jump,21,550,7,14,0,0.3333333333333333,0.6666666666666666,0.0,0.6190476190476191,0.19047619047619047,0.42857142857142855,0.0
1506,6,soft_dt_jump,16,630,5,11,0,0.3125,0.6875,0.0,0.875,0.0625,0.8125,0.0
1507,6,soft_dt_jump,17,640,5,10,2,0.29411764705882354,0.5882352941176471,0.11764705882352941,0.5882352941176471,0.11764705882352941,0.4117647058823529,0.0
1508,3,soft_dt_jump,16,480,2,10,4,0.125,0.625,0.25,0.5,0.1875,0.1875,0.0
1509,0,soft_state_jump,14,80,10,4,0,0.7142857142857143,0.2857142857142857,0.0,0.6428571428571429,0.35714285714285715,0.5,0.0
1510,3,soft_dt_jump,18,800,6,10,2,0.3333333333333333,0.5555555555555556,0.1111111111111111,0.2222222222222222,0.4444444444444444,0.05555555555555555,0.0
1511,3,soft_dt_jump,35,1970,1,24,10,0.02857142857142857,0.6857142857142857,0.2857142857142857,0.3142857142857143,0.22857142857142856,0.11428571428571428,0.0
1512,2,soft_state_jump,10,200,2,8,0,0.2,0.8,0.0,0.2,0.8,0.1,0.0
1513,3,soft_dt_jump,25,1190,3,16,6,0.12,0.64,0.24,0.28,0.16,0.08,0.0
1514,1,soft_dt_jump,14,430,2,9,3,0.14285714285714285,0.6428571428571429,0.21428571428571427,0.5,0.07142857142857142,0.2857142857142857,0.0
1515,1,soft_dt_jump,30,1830,4,20,6,0.13333333333333333,0.6666666666666666,0.2,0.36666666666666664,0.23333333333333334,0.2,0.0
1516,2,soft_dt_jump,19,650,3,16,0,0.15789473684210525,0.8421052631578947,0.0,0.631578947368421,0.2631578947368421,0.2631578947368421,0.0
1517,6,soft_side_flip_with_dt_jump,11,420,3,6,2,0.2727272727272727,0.5454545454545454,0.18181818181818182,0.7272727272727273,0.09090909090909091,0.5454545454545454,0.0
1518,6,soft_state_jump,11,220,4,6,1,0.36363636363636365,0.5454545454545454,0.09090909090909091,0.7272727272727273,0.0,0.5454545454545454,0.0
1519,6,soft_dt_jump,14,290,5,8,1,0.35714285714285715,0.5714285714285714,0.07142857142857142,0.7857142857142857,0.07142857142857142,0.7142857142857143,0.0
1520,6,soft_dt_jump,26,650,13,13,0,0.5,0.5,0.0,0.8461538461538461,0.07692307692307693,0.8076923076923077,0.0
1521,6,soft_dt_jump,14,390,6,7,1,0.42857142857142855,0.5,0.07142857142857142,0.8571428571428571,0.0,0.7142857142857143,0.0
1522,2,soft_dt_jump,10,210,4,6,0,0.4,0.6,0.0,0.3,0.5,0.2,0.0
1523,2,soft_dt_jump,12,400,3,7,2,0.25,0.5833333333333334,0.16666666666666666,0.25,0.4166666666666667,0.0,0.0
1524,6,soft_state_jump,14,300,3,8,3,0.21428571428571427,0.5714285714285714,0.21428571428571427,0.5714285714285714,0.14285714285714285,0.42857142857142855,0.0
1525,1,soft_dt_jump,62,2000,28,26,8,0.45161290322580644,0.41935483870967744,0.12903225806451613,0.7258064516129032,0.08064516129032258,0.6290322580645161,0.0
1526,1,soft_dt_jump,19,780,4,10,5,0.21052631578947367,0.5263157894736842,0.2631578947368421,0.5789473684210527,0.10526315789473684,0.47368421052631576,0.0
1527,6,soft_dt_jump,27,1150,9,16,2,0.3333333333333333,0.5925925925925926,0.07407407407407407,0.7037037037037037,0.1111111111111111,0.5185185185185185,0.0
1528,2,soft_dt_jump,8,250,2,5,1,0.25,0.625,0.125,0.625,0.25,0.25,0.0
1529,6,soft_dt_jump,19,860,5,11,3,0.2631578947368421,0.5789473684210527,0.15789473684210525,0.7368421052631579,0.05263157894736842,0.631578947368421,0.0
1530,6,soft_state_jump,23,770,8,12,3,0.34782608695652173,0.5217391304347826,0.13043478260869565,0.6521739130434783,0.21739130434782608,0.4782608695652174,0.0
1531,2,soft_dt_jump,16,570,5,11,0,0.3125,0.6875,0.0,0.5,0.3125,0.3125,0.0
1532,6,soft_dt_jump,12,340,5,7,0,0.4166666666666667,0.5833333333333334,0.0,0.9166666666666666,0.0,0.6666666666666666,0.0
1533,1,soft_dt_jump,28,1000,8,17,3,0.2857142857142857,0.6071428571428571,0.10714285714285714,0.6785714285714286,0.17857142857142858,0.39285714285714285,0.0
1534,1,soft_dt_jump,26,690,7,15,4,0.2692307692307692,0.5769230769230769,0.15384615384615385,0.7692307692307693,0.0,0.5,0.0
1535,7,soft_dt_jump,39,640,27,10,2,0.6923076923076923,0.2564102564102564,0.05128205128205128,0.1794871794871795,0.717948717948718,0.05128205128205128,0.0
1536,1,soft_dt_jump,31,1410,6,21,4,0.1935483870967742,0.6774193548387096,0.12903225806451613,0.7096774193548387,0.0967741935483871,0.4838709677419355,0.0
1537,2,soft_state_jump,10,390,2,6,2,0.2,0.6,0.2,0.8,0.0,0.4,0.0
1538,1,soft_side_flip_with_dt_jump,32,1060,9,20,3,0.28125,0.625,0.09375,0.5625,0.21875,0.375,0.0
1539,2,soft_dt_jump,16,240,5,8,3,0.3125,0.5,0.1875,0.375,0.4375,0.1875,0.0
1540,2,soft_dt_jump,15,660,2,10,3,0.13333333333333333,0.6666666666666666,0.2,0.4666666666666667,0.26666666666666666,0.26666666666666666,0.0
1541,1,soft_state_jump,38,1140,12,21,5,0.3157894736842105,0.5526315789473685,0.13157894736842105,0.7894736842105263,0.0,0.42105263157894735,0.0
1542,6,soft_dt_jump,9,330,3,6,0,0.3333333333333333,0.6666666666666666,0.0,1.0,0.0,0.0,0.0
1543,6,soft_dt_jump,14,370,5,7,2,0.35714285714285715,0.5,0.14285714285714285,0.8571428571428571,0.0,0.2857142857142857,0.0
1544,2,soft_dt_jump,19,880,1,18,0,0.05263157894736842,0.8888888888888888,0.0,0.9473684210526315,0.0,0.15789473684210525,0.0
1545,1,soft_state_jump,53,2900,8,43,2,0.1509433962264151,0.8113207547169812,0.03773584905660377,0.6226415094339622,0.20754716981132076,0.32075471698113206,0.0
1546,1,soft_state_jump,28,1240,6,18,4,0.21428571428571427,0.6428571428571429,0.14285714285714285,0.5,0.32142857142857145,0.32142857142857145,0.0
1547,1,soft_dt_jump,31,860,12,15,4,0.3870967741935484,0.4838709677419355,0.12903225806451613,0.3548387096774194,0.4838709677419355,0.16129032258064516,0.0
1548,7,soft_dt_jump,22,390,16,6,0,0.7272727272727273,0.2727272727272727,0.0,0.13636363636363635,0.13636363636363635,0.09090909090909091,0.0
1549,1,soft_dt_jump,22,910,5,13,4,0.22727272727272727,0.5909090909090909,0.18181818181818182,0.7727272727272727,0.045454545454545456,0.4090909090909091,0.0
1550,6,soft_dt_jump,25,740,7,16,2,0.28,0.64,0.08,0.72,0.08,0.32,0.0
1551,1,soft_side_flip_with_dt_jump,29,1130,6,21,2,0.20689655172413793,0.7241379310344828,0.06896551724137931,0.896551724137931,0.034482758620689655,0.5172413793103449,0.0
1552,2,soft_state_jump,15,730,0,14,1,0.0,0.8888888888888888,0.06666666666666667,0.6666666666666666,0.13333333333333333,0.0,0.0
1553,0,soft_side_flip_with_dt_jump,8,90,5,3,0,0.625,0.375,0.0,1.0,0.0,0.875,0.0
1554,7,soft_dt_jump,27,840,15,11,1,0.5555555555555556,0.4074074074074074,0.037037037037037035,0.3333333333333333,0.5185185185185185,0.07407407407407407,0.0
1555,0,soft_dt_jump,8,80,6,1,1,0.75,0.125,0.125,0.875,0.0,0.75,0.0
1556,4,soft_dt_jump,11,240,1,10,0,0.09090909090909091,0.8888888888888888,0.0,0.8181818181818182,0.09090909090909091,0.2727272727272727,0.0
1557,1,soft_dt_jump,29,1040,8,19,2,0.27586206896551724,0.6551724137931034,0.06896551724137931,0.5517241379310345,0.3448275862068966,0.27586206896551724,0.0
1558,1,soft_dt_jump,38,2130,2,28,8,0.05263157894736842,0.7368421052631579,0.21052631578947367,0.5263157894736842,0.15789473684210525,0.05263157894736842,0.0
1559,6,soft_state_jump,25,480,8,15,2,0.32,0.6,0.08,0.52,0.28,0.32,0.0
1560,1,soft_dt_jump,27,1080,8,14,5,0.2962962962962963,0.5185185185185185,0.18518518518518517,0.6666666666666666,0.1111111111111111,0.4074074074074074,0.0
1561,1,soft_dt_jump,25,1250,6,16,3,0.24,0.64,0.12,0.84,0.04,0.52,0.0
1562,1,soft_dt_jump,61,2100,19,38,4,0.3114754098360656,0.6229508196721312,0.06557377049180328,0.26229508196721313,0.5573770491803278,0.08196721311475409,0.0
1563,2,soft_dt_jump,20,810,6,11,3,0.3,0.55,0.15,0.45,0.35,0.25,0.0
1564,2,soft_state_jump,18,510,6,11,1,0.3333333333333333,0.6111111111111112,0.05555555555555555,0.3888888888888889,0.5,0.0,0.0
1565,1,soft_dt_jump,28,680,6,20,2,0.21428571428571427,0.7142857142857143,0.07142857142857142,0.35714285714285715,0.35714285714285715,0.14285714285714285,0.0
1566,2,soft_dt_jump,11,190,2,8,1,0.18181818181818182,0.7272727272727273,0.09090909090909091,0.36363636363636365,0.45454545454545453,0.18181818181818182,0.0
1567,7,soft_dt_jump,28,470,14,10,4,0.5,0.35714285714285715,0.14285714285714285,0.17857142857142858,0.17857142857142858,0.07142857142857142,0.0
1568,2,soft_dt_jump,13,660,0,12,1,0.0,0.8888888888888888,0.07692307692307693,0.6153846153846154,0.23076923076923078,0.07692307692307693,0.0
1569,0,soft_state_jump,25,620,18,6,1,0.72,0.24,0.04,0.96,0.0,0.56,0.0
1570,1,soft_dt_jump,31,2010,2,26,3,0.06451612903225806,0.8387096774193549,0.0967741935483871,0.7741935483870968,0.06451612903225806,0.16129032258064516,0.0
1571,6,soft_side_flip_with_dt_jump,9,100,4,5,0,0.4444444444444444,0.5555555555555556,0.0,0.8888888888888888,0.1111111111111111,0.4444444444444444,0.0
1572,6,soft_dt_jump,15,330,6,8,1,0.4,0.5333333333333333,0.06666666666666667,0.8666666666666667,0.0,0.2,0.0
1573,1,soft_dt_jump,39,1730,6,31,2,0.15384615384615385,0.7948717948717948,0.05128205128205128,0.717948717948718,0.1794871794871795,0.2564102564102564,0.0
1574,2,soft_dt_jump,9,360,1,6,2,0.1111111111111111,0.6666666666666666,0.2222222222222222,0.3333333333333333,0.2222222222222222,0.1111111111111111,0.0
1575,1,soft_state_jump,64,3370,7,49,8,0.109375,0.765625,0.125,0.703125,0.09375,0.203125,0.0
1576,4,max_events_per_episode,9,200,0,8,1,0.0,0.8888888888888888,0.1111111111111111,0.4444444444444444,0.3333333333333333,0.2222222222222222,0.0
1577,6,soft_side_flip_with_dt_jump,12,190,2,8,2,0.16666666666666666,0.6666666666666666,0.16666666666666666,0.8333333333333334,0.0,0.4166666666666667,0.0
1578,2,soft_side_flip_with_dt_jump,20,420,6,13,1,0.3,0.65,0.05,0.5,0.4,0.2,0.0
1579,1,soft_dt_jump,64,3220,5,51,8,0.078125,0.796875,0.125,0.671875,0.1875,0.234375,0.0
1580,3,max_events_per_episode,18,790,4,11,3,0.2222222222222222,0.6111111111111112,0.16666666666666666,0.5555555555555556,0.2222222222222222,0.2777777777777778,0.0
1581,2,soft_dt_jump,14,250,3,9,2,0.21428571428571427,0.6428571428571429,0.14285714285714285,0.5,0.35714285714285715,0.14285714285714285,0.0
1582,7,soft_dt_jump,33,340,30,2,1,0.9090909090909091,0.06060606060606061,0.030303030303030304,0.030303030303030304,0.9393939393939394,0.0,0.0
1583,2,soft_dt_jump,25,620,5,19,1,0.2,0.76,0.04,0.44,0.4,0.12,0.0
1584,7,soft_dt_jump,14,200,7,7,0,0.5,0.5,0.0,0.5,0.5,0.21428571428571427,0.0
1585,7,soft_dt_jump,35,0,33,2,0,0.9428571428571428,0.05714285714285714,0.0,0.02857142857142857,0.34285714285714286,0.02857142857142857,0.0
1586,1,soft_dt_jump,28,1300,4,21,3,0.14285714285714285,0.75,0.10714285714285714,0.6785714285714286,0.21428571428571427,0.2857142857142857,0.0
1587,2,soft_state_jump,16,400,4,10,2,0.25,0.625,0.125,0.625,0.25,0.3125,0.0
1588,2,soft_dt_jump,18,750,6,11,1,0.3333333333333333,0.6111111111111112,0.05555555555555555,0.5,0.3888888888888889,0.2777777777777778,0.0
1589,1,soft_dt_jump,27,1610,5,18,4,0.18518518518518517,0.6666666666666666,0.14814814814814814,0.4444444444444444,0.3333333333333333,0.07407407407407407,0.0
1590,1,soft_state_jump,64,4130,8,49,7,0.125,0.765625,0.109375,0.859375,0.0,0.265625,0.0
1591,6,max_events_per_episode,20,500,8,11,1,0.4,0.55,0.05,0.85,0.0,0.45,0.0
1592,2,soft_dt_jump,10,700,1,9,0,0.1,0.8888888888888888,0.0,0.8,0.0,0.2,0.0
1593,6,soft_state_jump,9,80,3,4,2,0.3333333333333333,0.4444444444444444,0.2222222222222222,0.7777777777777778,0.0,0.5555555555555556,0.0
1594,1,soft_dt_jump,31,1220,7,21,3,0.22580645161290322,0.6774193548387096,0.0967741935483871,0.3870967741935484,0.41935483870967744,0.12903225806451613,0.0
1595,1,soft_dt_jump,33,1680,12,18,3,0.36363636363636365,0.5454545454545454,0.09090909090909091,0.5454545454545454,0.3333333333333333,0.30303030303030304,0.0
1596,2,soft_dt_jump,20,820,6,10,4,0.3,0.5,0.2,0.35,0.4,0.2,0.0
1597,2,soft_dt_jump,12,600,3,8,1,0.25,0.6666666666666666,0.08333333333333333,0.5,0.4166666666666667,0.16666666666666666,0.0
1598,2,soft_side_flip_with_dt_jump,12,670,2,10,0,0.16666666666666666,0.8333333333333334,0.0,0.25,0.5,0.0,0.0
1599,6,soft_state_jump,18,820,6,12,0,0.3333333333333333,0.6666666666666666,0.0,0.8888888888888888,0.05555555555555555,0.6666666666666666,0.0
1600,1,soft_dt_jump,33,1940,6,20,7,0.18181818181818182,0.6060606060606061,0.21212121212121213,0.6363636363636364,0.030303030303030304,0.36363636363636365,0.0
1601,1,soft_dt_jump,64,4330,8,45,11,0.125,0.703125,0.171875,0.65625,0.109375,0.296875,0.0
1602,6,max_events_per_episode,11,590,5,5,1,0.45454545454545453,0.45454545454545453,0.09090909090909091,0.9090909090909091,0.0,0.8181818181818182,0.0
1603,6,soft_dt_jump,9,510,1,6,2,0.1111111111111111,0.6666666666666666,0.2222222222222222,0.6666666666666666,0.0,0.4444444444444444,0.0
1604,2,soft_state_jump,14,590,1,11,2,0.07142857142857142,0.7857142857142857,0.14285714285714285,0.7857142857142857,0.0,0.14285714285714285,0.0
1605,0,soft_dt_jump,18,410,11,7,0,0.6111111111111112,0.3888888888888889,0.0,0.9444444444444444,0.0,0.7222222222222222,0.0
1606,2,soft_dt_jump,19,910,2,16,1,0.10526315789473684,0.8421052631578947,0.05263157894736842,0.5263157894736842,0.21052631578947367,0.15789473684210525,0.0
1607,1,soft_side_flip_with_dt_jump,30,1360,11,15,4,0.36666666666666664,0.5,0.13333333333333333,0.7666666666666667,0.06666666666666667,0.4666666666666667,0.0
1608,6,soft_dt_jump,10,150,4,6,0,0.4,0.6,0.0,0.8,0.1,0.6,0.0
1609,1,soft_side_flip_with_dt_jump,18,1470,1,14,3,0.05555555555555555,0.7777777777777778,0.16666666666666666,0.7222222222222222,0.0,0.3333333333333333,0.0
1610,1,soft_state_jump,34,3000,3,25,6,0.08823529411764706,0.7352941176470589,0.17647058823529413,0.6764705882352942,0.08823529411764706,0.35294117647058826,0.0
1611,0,soft_dt_jump,12,80,10,2,0,0.8333333333333334,0.16666666666666666,0.0,0.8333333333333334,0.16666666666666666,0.8333333333333334,0.0
1612,0,soft_dt_jump,8,90,5,2,1,0.625,0.25,0.125,0.875,0.0,0.875,0.0
1613,1,soft_dt_jump,47,2020,10,33,4,0.2127659574468085,0.7021276595744681,0.0851063829787234,0.7659574468085106,0.0851063829787234,0.40425531914893614,0.0
1614,1,soft_dt_jump,39,1890,9,21,9,0.23076923076923078,0.5384615384615384,0.23076923076923078,0.5384615384615384,0.07692307692307693,0.38461538461538464,0.0
1615,1,soft_dt_jump,30,1690,6,22,2,0.2,0.7333333333333333,0.06666666666666667,0.5666666666666667,0.23333333333333334,0.26666666666666666,0.0
1616,1,soft_side_flip_with_dt_jump,30,1610,5,19,6,0.16666666666666666,0.6333333333333333,0.2,0.6,0.13333333333333333,0.4666666666666667,0.0
1617,1,soft_dt_jump,64,3470,13,45,6,0.203125,0.703125,0.09375,0.75,0.125,0.484375,0.0
1618,0,max_events_per_episode,12,0,11,1,0,0.9166666666666666,0.08333333333333333,0.0,1.0,0.0,0.9166666666666666,0.0
1619,2,soft_dt_jump,18,790,2,14,2,0.1111111111111111,0.7777777777777778,0.1111111111111111,0.6666666666666666,0.16666666666666666,0.2222222222222222,0.0
1620,1,soft_dt_jump,42,2200,6,31,5,0.14285714285714285,0.7380952380952381,0.11904761904761904,0.7857142857142857,0.047619047619047616,0.4523809523809524,0.0
1621,1,soft_dt_jump,21,620,5,13,3,0.23809523809523808,0.6190476190476191,0.14285714285714285,0.6666666666666666,0.14285714285714285,0.42857142857142855,0.0
1622,6,soft_dt_jump,10,270,5,5,0,0.5,0.5,0.0,0.7,0.3,0.7,0.0
1623,0,soft_dt_jump,47,510,39,7,1,0.8297872340425532,0.14893617021276595,0.02127659574468085,0.9574468085106383,0.02127659574468085,0.9148936170212766,0.0
1624,1,soft_dt_jump,64,3730,14,41,9,0.21875,0.640625,0.140625,0.234375,0.515625,0.046875,0.0
1625,1,max_events_per_episode,31,1410,10,18,3,0.3225806451612903,0.5806451612903226,0.0967741935483871,0.4838709677419355,0.41935483870967744,0.1935483870967742,0.0
1626,1,soft_dt_jump,52,3010,14,32,6,0.2692307692307692,0.6153846153846154,0.11538461538461539,0.28846153846153844,0.5192307692307693,0.11538461538461539,0.0
1627,2,soft_dt_jump,17,520,3,13,1,0.17647058823529413,0.7647058823529411,0.058823529411764705,0.35294117647058826,0.4117647058823529,0.11764705882352941,0.0
1628,2,soft_dt_jump,12,540,2,7,3,0.16666666666666666,0.5833333333333334,0.25,0.25,0.4166666666666667,0.0,0.0
1629,2,soft_dt_jump,15,210,6,7,2,0.4,0.4666666666666667,0.13333333333333333,0.26666666666666666,0.5333333333333333,0.13333333333333333,0.0
1630,6,soft_dt_jump,18,900,7,11,0,0.3888888888888889,0.6111111111111112,0.0,0.7222222222222222,0.1111111111111111,0.3333333333333333,0.0
1631,7,soft_dt_jump,15,400,9,6,0,0.6,0.4,0.0,0.2,0.8,0.13333333333333333,0.0
1632,2,soft_dt_jump,11,490,3,8,0,0.2727272727272727,0.7272727272727273,0.0,0.2727272727272727,0.5454545454545454,0.0,0.0
1633,1,soft_dt_jump,48,2420,17,30,1,0.3541666666666667,0.625,0.020833333333333332,0.3958333333333333,0.5,0.25,0.0
1634,2,soft_dt_jump,11,110,4,6,1,0.36363636363636365,0.5454545454545454,0.09090909090909091,0.2727272727272727,0.6363636363636364,0.18181818181818182,0.0
1635,2,soft_dt_jump,9,170,2,5,2,0.2222222222222222,0.5555555555555556,0.2222222222222222,0.2222222222222222,0.5555555555555556,0.1111111111111111,0.0
1636,7,soft_dt_jump,19,150,14,5,0,0.7368421052631579,0.2631578947368421,0.0,0.10526315789473684,0.8947368421052632,0.0,0.0
1637,2,soft_dt_jump,18,560,9,8,1,0.5,0.4444444444444444,0.05555555555555555,0.5,0.3888888888888889,0.2777777777777778,0.0
1638,1,soft_dt_jump,38,2190,5,27,6,0.13157894736842105,0.7105263157894737,0.15789473684210525,0.42105263157894735,0.3684210526315789,0.07894736842105263,0.0
1639,1,soft_side_flip_with_dt_jump,57,2790,12,38,7,0.21052631578947367,0.6666666666666666,0.12280701754385964,0.7192982456140351,0.05263157894736842,0.42105263157894735,0.0
1640,6,soft_dt_jump,27,760,13,13,1,0.48148148148148145,0.48148148148148145,0.037037037037037035,0.9259259259259259,0.0,0.6296296296296297,0.0
1641,6,soft_dt_jump,22,750,7,14,1,0.3181818181818182,0.6363636363636364,0.045454545454545456,0.7727272727272727,0.13636363636363635,0.45454545454545453,0.0
1642,6,soft_dt_jump,23,980,6,12,5,0.2608695652173913,0.5217391304347826,0.21739130434782608,0.6521739130434783,0.0,0.43478260869565216,0.0
1643,5,soft_state_jump,27,1390,5,20,2,0.18518518518518517,0.7407407407407407,0.07407407407407407,0.2962962962962963,0.037037037037037035,0.14814814814814814,0.5555555555555556
1644,5,soft_dt_jump,13,390,6,7,0,0.46153846153846156,0.5384615384615384,0.0,0.15384615384615385,0.07692307692307693,0.0,0.7692307692307693
1645,5,soft_dt_jump,10,610,0,10,0,0.0,0.8888888888888888,0.0,0.3,0.0,0.0,0.6
1646,7,soft_state_jump,11,180,7,4,0,0.6363636363636364,0.36363636363636365,0.0,0.0,0.9090909090909091,0.0,0.0
1647,2,soft_dt_jump,31,1700,10,18,3,0.3225806451612903,0.5806451612903226,0.0967741935483871,0.25806451612903225,0.5483870967741935,0.03225806451612903,0.0
1648,1,soft_dt_jump,39,2670,7,29,3,0.1794871794871795,0.7435897435897436,0.07692307692307693,0.8205128205128205,0.0,0.3333333333333333,0.0
1649,0,soft_dt_jump,34,720,28,4,2,0.8235294117647058,0.11764705882352941,0.058823529411764705,0.9411764705882353,0.0,0.8823529411764706,0.0
1650,2,soft_dt_jump,25,880,6,19,0,0.24,0.76,0.0,0.44,0.52,0.2,0.0
1651,3,soft_dt_jump,17,640,4,10,3,0.23529411764705882,0.5882352941176471,0.17647058823529413,0.35294117647058826,0.47058823529411764,0.23529411764705882,0.0
1652,3,soft_dt_jump,12,850,3,6,3,0.25,0.5,0.25,0.25,0.3333333333333333,0.16666666666666666,0.0
1653,1,soft_state_jump,35,1560,10,24,1,0.2857142857142857,0.6857142857142857,0.02857142857142857,0.37142857142857144,0.42857142857142855,0.2,0.0
1654,2,soft_dt_jump,8,310,2,6,0,0.25,0.75,0.0,0.75,0.25,0.125,0.0
1655,3,soft_side_flip_with_dt_jump,13,600,2,9,2,0.15384615384615385,0.6923076923076923,0.15384615384615385,0.23076923076923078,0.3076923076923077,0.0,0.0
1656,1,soft_state_jump,64,3410,18,41,5,0.28125,0.640625,0.078125,0.359375,0.515625,0.125,0.0
1657,7,max_events_per_episode,13,0,13,0,0,1.0,0.0,0.0,0.0,1.0,0.0,0.0
1658,2,soft_dt_jump,11,320,2,7,2,0.18181818181818182,0.6363636363636364,0.18181818181818182,0.2727272727272727,0.5454545454545454,0.09090909090909091,0.0
1659,7,soft_dt_jump,8,230,5,3,0,0.625,0.375,0.0,0.125,0.875,0.0,0.0
1660,0,soft_dt_jump,44,300,33,10,1,0.75,0.22727272727272727,0.022727272727272728,0.8181818181818182,0.06818181818181818,0.7954545454545454,0.0
1661,1,soft_dt_jump,47,3020,15,30,2,0.3191489361702128,0.6382978723404256,0.0425531914893617,0.5319148936170213,0.3617021276595745,0.3617021276595745,0.0
1662,0,soft_dt_jump,13,310,10,3,0,0.7692307692307693,0.23076923076923078,0.0,1.0,0.0,0.9230769230769231,0.0
1663,2,soft_dt_jump,17,1070,5,11,1,0.29411764705882354,0.6470588235294118,0.058823529411764705,0.4117647058823529,0.47058823529411764,0.11764705882352941,0.0
1664,1,soft_state_jump,64,3900,14,45,5,0.21875,0.703125,0.078125,0.484375,0.34375,0.21875,0.0
1665,0,max_events_per_episode,39,390,28,6,5,0.717948717948718,0.15384615384615385,0.1282051282051282,0.8205128205128205,0.0,0.7948717948717948,0.0
1666,1,soft_dt_jump,35,2220,8,26,1,0.22857142857142856,0.7428571428571429,0.02857142857142857,0.6857142857142857,0.14285714285714285,0.37142857142857144,0.0
1667,1,soft_side_flip_with_dt_jump,35,1680,11,21,3,0.3142857142857143,0.6,0.08571428571428572,0.08571428571428572,0.4,0.0,0.0
1668,1,soft_state_jump,64,2440,38,21,5,0.59375,0.328125,0.078125,0.859375,0.015625,0.265625,0.0
1669,0,max_events_per_episode,64,0,64,0,0,1.0,0.0,0.0,1.0,0.0,0.0,0.0
1670,0,max_events_per_episode,64,0,64,0,0,1.0,0.0,0.0,1.0,0.0,0.0,0.0
1671,0,max_events_per_episode,13,0,13,0,0,1.0,0.0,0.0,1.0,0.0,0.0,0.0
1672,2,soft_dt_jump,13,390,5,8,0,0.38461538461538464,0.6153846153846154,0.0,0.7692307692307693,0.23076923076923078,0.07692307692307693,0.0
1673,2,soft_state_jump,17,990,5,11,1,0.29411764705882354,0.6470588235294118,0.058823529411764705,0.058823529411764705,0.29411764705882354,0.0,0.0
1674,2,soft_dt_jump,22,1510,3,17,2,0.13636363636363635,0.7727272727272727,0.09090909090909091,0.13636363636363635,0.18181818181818182,0.0,0.0
1675,1,soft_state_jump,35,2810,6,24,5,0.17142857142857143,0.6857142857142857,0.14285714285714285,0.5142857142857142,0.3142857142857143,0.2571428571428571,0.0
1676,1,soft_state_jump,64,4000,10,50,4,0.15625,0.78125,0.0625,0.640625,0.171875,0.15625,0.0
1677,1,max_events_per_episode,31,1440,7,22,2,0.22580645161290322,0.7096774193548387,0.06451612903225806,0.7741935483870968,0.0967741935483871,0.45161290322580644,0.0
1678,1,soft_dt_jump,45,1790,13,27,5,0.28888888888888886,0.6,0.1111111111111111,0.6222222222222222,0.2,0.3333333333333333,0.0
1679,6,soft_dt_jump,11,450,3,8,0,0.2727272727272727,0.7272727272727273,0.0,0.9090909090909091,0.09090909090909091,0.36363636363636365,0.0
1680,3,soft_side_flip_with_dt_jump,8,680,0,5,3,0.0,0.625,0.375,0.375,0.125,0.0,0.0
1681,1,soft_state_jump,60,2910,7,45,8,0.11666666666666667,0.75,0.13333333333333333,0.36666666666666664,0.21666666666666667,0.2,0.0
1682,1,soft_state_jump,38,1490,5,25,8,0.13157894736842105,0.6578947368421053,0.21052631578947367,0.3684210526315789,0.23684210526315788,0.15789473684210525,0.0
1683,0,soft_dt_jump,20,350,12,6,2,0.6,0.3,0.1,0.7,0.2,0.65,0.0
1684,2,soft_dt_jump,10,710,1,8,1,0.1,0.8,0.1,0.5,0.2,0.3,0.0
1685,2,soft_state_jump,14,360,5,7,2,0.35714285714285715,0.5,0.14285714285714285,0.14285714285714285,0.5,0.07142857142857142,0.0
1686,3,soft_dt_jump,14,270,7,5,2,0.5,0.35714285714285715,0.14285714285714285,0.14285714285714285,0.21428571428571427,0.07142857142857142,0.0
1687,2,soft_dt_jump,14,470,1,9,4,0.07142857142857142,0.6428571428571429,0.2857142857142857,0.42857142857142855,0.21428571428571427,0.2857142857142857,0.0
1688,1,soft_dt_jump,21,1750,1,13,7,0.047619047619047616,0.6190476190476191,0.3333333333333333,0.5238095238095238,0.0,0.23809523809523808,0.0
1689,1,soft_state_jump,46,2750,4,36,6,0.08695652173913043,0.782608695652174,0.13043478260869565,0.2608695652173913,0.3695652173913043,0.08695652173913043,0.0
1690,3,soft_dt_jump,9,390,0,7,2,0.0,0.7777777777777778,0.2222222222222222,0.4444444444444444,0.3333333333333333,0.1111111111111111,0.0
1691,0,soft_side_flip_with_dt_jump,8,40,6,2,0,0.75,0.25,0.0,1.0,0.0,0.75,0.0
1692,2,soft_dt_jump,12,360,5,7,0,0.4166666666666667,0.5833333333333334,0.0,0.5,0.5,0.16666666666666666,0.0
1693,6,soft_dt_jump,18,690,9,9,0,0.5,0.5,0.0,1.0,0.0,0.7222222222222222,0.0
1694,1,soft_dt_jump,56,2550,16,33,7,0.2857142857142857,0.5892857142857143,0.125,0.7678571428571429,0.05357142857142857,0.4642857142857143,0.0
1695,1,soft_dt_jump,39,2100,12,24,3,0.3076923076923077,0.6153846153846154,0.07692307692307693,0.9230769230769231,0.0,0.5128205128205128,0.0
1696,6,soft_dt_jump,30,810,12,17,1,0.4,0.5666666666666667,0.03333333333333333,0.8,0.13333333333333333,0.4666666666666667,0.0
1697,1,soft_dt_jump,27,1830,7,17,3,0.25925925925925924,0.6296296296296297,0.1111111111111111,0.7407407407407407,0.1111111111111111,0.2962962962962963,0.0
1698,6,soft_dt_jump,15,760,3,10,2,0.2,0.6666666666666666,0.13333333333333333,0.7333333333333333,0.13333333333333333,0.5333333333333333,0.0
1699,1,soft_dt_jump,20,1110,2,16,2,0.1,0.8,0.1,0.7,0.1,0.3,0.0
1700,2,soft_state_jump,21,440,8,11,2,0.38095238095238093,0.5238095238095238,0.09523809523809523,0.3333333333333333,0.5714285714285714,0.19047619047619047,0.0
1701,7,soft_dt_jump,8,50,6,2,0,0.75,0.25,0.0,0.25,0.75,0.125,0.0
1702,2,soft_dt_jump,15,620,4,10,1,0.26666666666666666,0.6666666666666666,0.06666666666666667,0.13333333333333333,0.7333333333333333,0.0,0.0
1703,3,soft_dt_jump,15,930,4,9,2,0.26666666666666666,0.6,0.13333333333333333,0.5333333333333333,0.26666666666666666,0.3333333333333333,0.0
1704,1,soft_dt_jump,38,2030,9,24,5,0.23684210526315788,0.631578947368421,0.13157894736842105,0.34210526315789475,0.39473684210526316,0.15789473684210525,0.0
1705,2,soft_dt_jump,11,340,3,8,0,0.2727272727272727,0.7272727272727273,0.0,0.45454545454545453,0.5454545454545454,0.09090909090909091,0.0
1706,3,soft_state_jump,13,1220,4,7,2,0.3076923076923077,0.5384615384615384,0.15384615384615385,0.15384615384615385,0.6153846153846154,0.07692307692307693,0.0
1707,7,soft_dt_jump,9,80,7,2,0,0.7777777777777778,0.2222222222222222,0.0,0.0,1.0,0.0,0.0
1708,2,soft_dt_jump,19,830,5,13,1,0.2631578947368421,0.6842105263157895,0.05263157894736842,0.42105263157894735,0.42105263157894735,0.15789473684210525,0.0
1709,7,soft_dt_jump,9,60,7,1,1,0.7777777777777778,0.1111111111111111,0.1111111111111111,0.0,0.8888888888888888,0.0,0.0
1710,7,soft_dt_jump,10,150,5,4,1,0.5,0.4,0.1,0.4,0.5,0.2,0.0
1711,6,soft_dt_jump,10,520,3,5,2,0.3,0.5,0.2,0.5,0.3,0.4,0.0
1712,6,soft_dt_jump,16,350,8,7,1,0.5,0.4375,0.0625,0.9375,0.0,0.375,0.0
1713,6,soft_dt_jump,9,100,4,5,0,0.4444444444444444,0.5555555555555556,0.0,1.0,0.0,0.6666666666666666,0.0
1714,6,soft_dt_jump,13,370,4,8,1,0.3076923076923077,0.6153846153846154,0.07692307692307693,0.6923076923076923,0.07692307692307693,0.07692307692307693,0.0
1715,3,soft_dt_jump,10,610,4,5,1,0.4,0.5,0.1,0.6,0.2,0.0,0.0
1716,6,soft_dt_jump,11,760,3,8,0,0.2727272727272727,0.7272727272727273,0.0,0.9090909090909091,0.0,0.18181818181818182,0.0
1717,5,soft_state_jump,31,870,8,20,3,0.25806451612903225,0.6451612903225806,0.0967741935483871,0.3870967741935484,0.12903225806451613,0.2903225806451613,0.3225806451612903
1718,5,soft_dt_jump,16,610,7,9,0,0.4375,0.5625,0.0,0.75,0.0625,0.4375,0.125
1719,5,soft_dt_jump,14,1030,2,10,2,0.14285714285714285,0.7142857142857143,0.14285714285714285,0.21428571428571427,0.14285714285714285,0.07142857142857142,0.35714285714285715
1720,1,soft_state_jump,54,2480,16,36,2,0.2962962962962963,0.6666666666666666,0.037037037037037035,0.8148148148148148,0.1111111111111111,0.4444444444444444,0.0
1721,6,soft_dt_jump,13,350,6,7,0,0.46153846153846156,0.5384615384615384,0.0,0.9230769230769231,0.0,0.38461538461538464,0.0
1722,5,soft_dt_jump,17,500,7,9,1,0.4117647058823529,0.5294117647058824,0.058823529411764705,0.5294117647058824,0.058823529411764705,0.29411764705882354,0.35294117647058826
1723,5,soft_dt_jump,11,260,4,7,0,0.36363636363636365,0.6363636363636364,0.0,0.2727272727272727,0.18181818181818182,0.09090909090909091,0.5454545454545454
1724,5,soft_dt_jump,31,1500,6,23,2,0.1935483870967742,0.7419354838709677,0.06451612903225806,0.45161290322580644,0.1935483870967742,0.0967741935483871,0.12903225806451613
1725,5,soft_dt_jump,21,690,13,7,1,0.6190476190476191,0.3333333333333333,0.047619047619047616,0.6190476190476191,0.19047619047619047,0.19047619047619047,0.14285714285714285
1726,6,soft_dt_jump,18,1370,2,15,1,0.1111111111111111,0.8333333333333334,0.05555555555555555,0.7777777777777778,0.05555555555555555,0.2222222222222222,0.0
1727,6,soft_side_flip_with_dt_jump,8,290,4,4,0,0.5,0.5,0.0,1.0,0.0,0.375,0.0
1728,7,soft_dt_jump,43,520,37,6,0,0.8604651162790697,0.13953488372093023,0.0,0.09302325581395349,0.8837209302325582,0.023255813953488372,0.0
1729,3,soft_dt_jump,14,650,4,7,3,0.2857142857142857,0.5,0.21428571428571427,0.42857142857142855,0.2857142857142857,0.14285714285714285,0.0
1730,6,soft_dt_jump,39,1730,11,28,0,0.28205128205128205,0.717948717948718,0.0,0.8461538461538461,0.1282051282051282,0.38461538461538464,0.0
1731,6,soft_dt_jump,13,580,3,9,1,0.23076923076923078,0.6923076923076923,0.07692307692307693,0.7692307692307693,0.15384615384615385,0.46153846153846156,0.0
1732,2,soft_dt_jump,18,1010,3,15,0,0.16666666666666666,0.8333333333333334,0.0,0.6666666666666666,0.2222222222222222,0.2777777777777778,0.0
1733,2,soft_dt_jump,8,420,2,6,0,0.25,0.75,0.0,0.5,0.375,0.125,0.0
1734,2,soft_side_flip_with_dt_jump,11,420,2,9,0,0.18181818181818182,0.8181818181818182,0.0,0.5454545454545454,0.36363636363636365,0.36363636363636365,0.0
1735,1,soft_state_jump,46,2880,11,32,3,0.2391304347826087,0.6956521739130435,0.06521739130434782,0.6521739130434783,0.2608695652173913,0.2608695652173913,0.0
1736,1,soft_dt_jump,41,2110,10,25,6,0.24390243902439024,0.6097560975609756,0.14634146341463414,0.6829268292682927,0.14634146341463414,0.3170731707317073,0.0
1737,0,soft_dt_jump,10,160,7,3,0,0.7,0.3,0.0,0.8,0.2,0.7,0.0
1738,6,soft_dt_jump,13,500,6,7,0,0.46153846153846156,0.5384615384615384,0.0,0.6153846153846154,0.23076923076923078,0.46153846153846156,0.0
1739,6,soft_dt_jump,19,710,10,8,1,0.5263157894736842,0.42105263157894735,0.05263157894736842,0.9473684210526315,0.0,0.8947368421052632,0.0
1740,6,soft_dt_jump,9,550,2,7,0,0.2222222222222222,0.7777777777777778,0.0,0.7777777777777778,0.0,0.4444444444444444,0.0
1741,7,soft_dt_jump,9,90,6,3,0,0.6666666666666666,0.3333333333333333,0.0,0.2222222222222222,0.7777777777777778,0.2222222222222222,0.0
1742,6,soft_dt_jump,9,260,5,4,0,0.5555555555555556,0.4444444444444444,0.0,0.5555555555555556,0.4444444444444444,0.4444444444444444,0.0
1743,6,soft_dt_jump,11,640,2,7,2,0.18181818181818182,0.6363636363636364,0.18181818181818182,0.6363636363636364,0.09090909090909091,0.2727272727272727,0.0
1744,2,soft_state_jump,20,880,10,10,0,0.5,0.5,0.0,0.3,0.65,0.1,0.0
1745,1,soft_dt_jump,28,1330,8,19,1,0.2857142857142857,0.6785714285714286,0.03571428571428571,0.75,0.14285714285714285,0.35714285714285715,0.0
1746,0,soft_dt_jump,17,380,12,5,0,0.7058823529411765,0.29411764705882354,0.0,0.8823529411764706,0.11764705882352941,0.8235294117647058,0.0
1747,2,soft_dt_jump,11,180,4,6,1,0.36363636363636365,0.5454545454545454,0.09090909090909091,0.6363636363636364,0.2727272727272727,0.5454545454545454,0.0
1748,7,soft_dt_jump,14,230,6,8,0,0.42857142857142855,0.5714285714285714,0.0,0.07142857142857142,0.8571428571428571,0.0,0.0
1749,2,soft_dt_jump,29,1930,4,25,0,0.13793103448275862,0.8620689655172413,0.0,0.4482758620689655,0.2413793103448276,0.10344827586206896,0.0
1750,1,soft_dt_jump,64,4180,9,51,4,0.140625,0.796875,0.0625,0.703125,0.140625,0.421875,0.0
1751,1,max_events_per_episode,50,3130,13,34,3,0.26,0.68,0.06,0.66,0.22,0.34,0.0
1752,2,soft_dt_jump,11,580,1,9,1,0.09090909090909091,0.8181818181818182,0.09090909090909091,0.45454545454545453,0.2727272727272727,0.2727272727272727,0.0
1753,2,soft_dt_jump,12,660,3,8,1,0.25,0.6666666666666666,0.08333333333333333,0.3333333333333333,0.5,0.08333333333333333,0.0
1754,6,soft_state_jump,17,890,5,11,1,0.29411764705882354,0.6470588235294118,0.058823529411764705,0.5882352941176471,0.23529411764705882,0.35294117647058826,0.0
1755,7,soft_dt_jump,52,290,45,4,3,0.8653846153846154,0.07692307692307693,0.057692307692307696,0.038461538461538464,0.9038461538461539,0.019230769230769232,0.0
1756,2,soft_dt_jump,18,1130,6,12,0,0.3333333333333333,0.6666666666666666,0.0,0.5,0.5,0.16666666666666666,0.0
1757,1,soft_state_jump,33,2790,4,26,3,0.12121212121212122,0.7878787878787878,0.09090909090909091,0.8181818181818182,0.09090909090909091,0.15151515151515152,0.0
1758,7,soft_state_jump,10,0,9,1,0,0.9,0.1,0.0,0.0,0.3,0.0,0.0
1759,1,soft_dt_jump,54,3540,14,33,7,0.25925925925925924,0.6111111111111112,0.12962962962962962,0.48148148148148145,0.35185185185185186,0.24074074074074073,0.0
1760,3,soft_dt_jump,25,1440,6,17,2,0.24,0.68,0.08,0.48,0.28,0.32,0.0
1761,2,soft_dt_jump,20,600,6,13,1,0.3,0.65,0.05,0.5,0.35,0.15,0.0
1762,5,soft_dt_jump,17,760,5,12,0,0.29411764705882354,0.7058823529411765,0.0,0.8235294117647058,0.0,0.5294117647058824,0.17647058823529413
1763,5,soft_dt_jump,23,1610,8,12,3,0.34782608695652173,0.5217391304347826,0.13043478260869565,0.391304347826087,0.0,0.17391304347826086,0.43478260869565216
1764,1,soft_dt_jump,26,1800,5,18,3,0.19230769230769232,0.6923076923076923,0.11538461538461539,0.6923076923076923,0.0,0.4230769230769231,0.15384615384615385
1765,6,soft_dt_jump,17,1190,5,10,2,0.29411764705882354,0.5882352941176471,0.11764705882352941,0.6470588235294118,0.11764705882352941,0.35294117647058826,0.0
1766,6,soft_dt_jump,29,920,9,20,0,0.3103448275862069,0.6896551724137931,0.0,0.7586206896551724,0.10344827586206896,0.5172413793103449,0.0
1767,6,soft_dt_jump,15,550,3,11,1,0.2,0.7333333333333333,0.06666666666666667,0.8666666666666667,0.06666666666666667,0.4666666666666667,0.0
1768,2,soft_dt_jump,10,900,1,8,1,0.1,0.8,0.1,0.8,0.0,0.3,0.0
1769,1,soft_state_jump,25,1480,6,17,2,0.24,0.68,0.08,0.72,0.16,0.44,0.0
1770,6,soft_dt_jump,20,1330,5,15,0,0.25,0.75,0.0,0.7,0.2,0.4,0.0
1771,6,soft_side_flip_with_dt_jump,11,260,6,5,0,0.5454545454545454,0.45454545454545453,0.0,0.9090909090909091,0.09090909090909091,0.7272727272727273,0.0
1772,6,soft_dt_jump,25,950,13,11,1,0.52,0.44,0.04,0.96,0.0,0.72,0.0
1773,2,soft_dt_jump,14,890,3,10,1,0.21428571428571427,0.7142857142857143,0.07142857142857142,0.7857142857142857,0.14285714285714285,0.35714285714285715,0.0
1774,1,soft_dt_jump,53,1450,23,29,1,0.4339622641509434,0.5471698113207547,0.018867924528301886,0.5283018867924528,0.41509433962264153,0.18867924528301888,0.0
1775,6,soft_dt_jump,20,900,8,12,0,0.4,0.6,0.0,1.0,0.0,0.6,0.0
1776,1,soft_dt_jump,64,3700,14,42,8,0.21875,0.65625,0.125,0.734375,0.09375,0.46875,0.0
1777,0,max_events_per_episode,8,290,5,2,1,0.625,0.25,0.125,0.875,0.0,0.5,0.0
1778,5,soft_dt_jump,9,100,4,4,1,0.4444444444444444,0.4444444444444444,0.1111111111111111,0.0,0.5555555555555556,0.0,0.3333333333333333
1779,5,soft_dt_jump,29,1710,6,16,7,0.20689655172413793,0.5517241379310345,0.2413793103448276,0.41379310344827586,0.06896551724137931,0.10344827586206896,0.27586206896551724
1780,5,soft_dt_jump,8,260,1,6,1,0.125,0.75,0.125,0.375,0.0,0.0,0.25
1781,1,soft_state_jump,45,2960,14,26,5,0.3111111111111111,0.5777777777777777,0.1111111111111111,0.7777777777777778,0.044444444444444446,0.5111111111111111,0.0
1782,1,soft_dt_jump,35,2880,9,23,3,0.2571428571428571,0.6571428571428571,0.08571428571428572,0.4,0.4857142857142857,0.2571428571428571,0.0
1783,6,soft_state_jump,28,1140,7,21,0,0.25,0.75,0.0,0.8928571428571429,0.10714285714285714,0.5357142857142857,0.0
1784,6,soft_dt_jump,15,450,7,7,1,0.4666666666666667,0.4666666666666667,0.06666666666666667,0.9333333333333333,0.0,0.8,0.0
1785,6,soft_dt_jump,21,780,10,10,1,0.47619047619047616,0.47619047619047616,0.047619047619047616,0.8571428571428571,0.047619047619047616,0.6190476190476191,0.0
1786,6,soft_dt_jump,11,440,3,5,3,0.2727272727272727,0.45454545454545453,0.2727272727272727,0.5454545454545454,0.0,0.2727272727272727,0.0
1787,6,soft_dt_jump,8,440,1,7,0,0.125,0.875,0.0,0.875,0.125,0.375,0.0
1788,7,soft_dt_jump,11,190,6,4,1,0.5454545454545454,0.36363636363636365,0.09090909090909091,0.2727272727272727,0.5454545454545454,0.09090909090909091,0.0
1789,1,soft_dt_jump,64,5160,17,37,10,0.265625,0.578125,0.15625,0.71875,0.09375,0.4375,0.0
1790,0,max_events_per_episode,14,450,8,4,2,0.5714285714285714,0.2857142857142857,0.14285714285714285,0.6428571428571429,0.21428571428571427,0.5714285714285714,0.0
1791,2,soft_dt_jump,9,320,3,6,0,0.3333333333333333,0.6666666666666666,0.0,0.7777777777777778,0.2222222222222222,0.4444444444444444,0.0
1792,2,soft_dt_jump,13,1070,2,8,3,0.15384615384615385,0.6153846153846154,0.23076923076923078,0.6153846153846154,0.07692307692307693,0.23076923076923078,0.0
1793,1,soft_state_jump,15,1450,3,10,2,0.2,0.6666666666666666,0.13333333333333333,0.7333333333333333,0.13333333333333333,0.5333333333333333,0.0
1794,6,soft_dt_jump,14,1050,3,11,0,0.21428571428571427,0.7857142857142857,0.0,0.9285714285714286,0.0,0.42857142857142855,0.0
1795,1,soft_state_jump,30,1420,9,20,1,0.3,0.6666666666666666,0.03333333333333333,0.5,0.36666666666666664,0.3333333333333333,0.0
1796,6,soft_dt_jump,16,320,8,8,0,0.5,0.5,0.0,1.0,0.0,0.75,0.0
1797,2,soft_dt_jump,9,760,0,7,2,0.0,0.7777777777777778,0.2222222222222222,0.6666666666666666,0.0,0.3333333333333333,0.0
1798,1,soft_state_jump,42,2390,10,29,3,0.23809523809523808,0.6904761904761905,0.07142857142857142,0.8333333333333334,0.07142857142857142,0.47619047619047616,0.0
1799,6,soft_dt_jump,19,880,8,10,1,0.42105263157894735,0.5263157894736842,0.05263157894736842,0.8947368421052632,0.0,0.631578947368421,0.0
1800,6,soft_dt_jump,12,500,6,5,1,0.5,0.4166666666666667,0.08333333333333333,0.8333333333333334,0.08333333333333333,0.75,0.0
1801,1,soft_dt_jump,27,1660,7,17,3,0.25925925925925924,0.6296296296296297,0.1111111111111111,0.6296296296296297,0.2222222222222222,0.5185185185185185,0.0
1802,1,soft_state_jump,57,2890,27,26,4,0.47368421052631576,0.45614035087719296,0.07017543859649122,0.6666666666666666,0.24561403508771928,0.543859649122807,0.0
1803,6,soft_dt_jump,8,280,4,3,1,0.5,0.375,0.125,0.625,0.25,0.625,0.0
1804,1,soft_dt_jump,16,1120,4,10,2,0.25,0.625,0.125,0.625,0.1875,0.375,0.0
1805,6,soft_dt_jump,13,620,3,9,1,0.23076923076923078,0.6923076923076923,0.07692307692307693,0.8461538461538461,0.0,0.6153846153846154,0.0
1806,7,soft_dt_jump,9,80,6,3,0,0.6666666666666666,0.3333333333333333,0.0,0.4444444444444444,0.5555555555555556,0.4444444444444444,0.0
1807,1,soft_dt_jump,22,1780,6,12,4,0.2727272727272727,0.5454545454545454,0.18181818181818182,0.5909090909090909,0.13636363636363635,0.4090909090909091,0.0
1808,2,soft_dt_jump,16,870,3,12,1,0.1875,0.75,0.0625,0.6875,0.1875,0.3125,0.0
1809,6,soft_side_flip_with_dt_jump,12,550,3,9,0,0.25,0.75,0.0,0.75,0.08333333333333333,0.5833333333333334,0.0
1810,2,soft_dt_jump,15,570,6,8,1,0.4,0.5333333333333333,0.06666666666666667,0.3333333333333333,0.4,0.2,0.0
1811,0,soft_dt_jump,12,220,7,5,0,0.5833333333333334,0.4166666666666667,0.0,0.75,0.16666666666666666,0.6666666666666666,0.0
1812,2,soft_dt_jump,13,610,4,8,1,0.3076923076923077,0.6153846153846154,0.07692307692307693,0.6153846153846154,0.3076923076923077,0.46153846153846156,0.0
1813,1,soft_state_jump,35,2030,8,23,4,0.22857142857142856,0.6571428571428571,0.11428571428571428,0.7428571428571429,0.08571428571428572,0.37142857142857144,0.0
1814,1,soft_dt_jump,29,2150,4,21,4,0.13793103448275862,0.7241379310344828,0.13793103448275862,0.5862068965517241,0.1724137931034483,0.3103448275862069,0.0
1815,1,soft_dt_jump,20,1440,4,13,3,0.2,0.65,0.15,0.65,0.2,0.45,0.0
1816,7,soft_dt_jump,38,1010,29,8,1,0.7631578947368421,0.21052631578947367,0.02631578947368421,0.18421052631578946,0.7894736842105263,0.07894736842105263,0.0
1817,3,soft_dt_jump,10,740,2,5,3,0.2,0.5,0.3,0.5,0.2,0.2,0.0
1818,7,soft_state_jump,24,100,22,2,0,0.9166666666666666,0.08333333333333333,0.0,0.041666666666666664,0.9583333333333334,0.041666666666666664,0.0
1819,1,soft_dt_jump,35,3030,2,29,4,0.05714285714285714,0.8285714285714286,0.11428571428571428,0.7714285714285715,0.05714285714285714,0.2571428571428571,0.0
1820,6,soft_side_flip_with_dt_jump,8,90,2,5,1,0.25,0.625,0.125,0.625,0.125,0.625,0.0
1821,1,soft_dt_jump,30,1820,2,25,3,0.06666666666666667,0.8333333333333334,0.1,0.4666666666666667,0.4,0.1,0.0
1822,1,soft_dt_jump,25,840,6,12,7,0.24,0.48,0.28,0.52,0.2,0.28,0.0
1823,7,soft_dt_jump,12,200,9,3,0,0.75,0.25,0.0,0.16666666666666666,0.8333333333333334,0.0,0.0
1824,1,soft_dt_jump,64,4310,16,40,8,0.25,0.625,0.125,0.46875,0.359375,0.25,0.0
1825,0,max_events_per_episode,8,200,5,2,1,0.625,0.25,0.125,0.75,0.125,0.75,0.0
1826,1,soft_dt_jump,20,810,7,11,2,0.35,0.55,0.1,0.6,0.25,0.25,0.0
1827,1,soft_dt_jump,28,2690,2,19,7,0.07142857142857142,0.6785714285714286,0.25,0.5714285714285714,0.17857142857142858,0.14285714285714285,0.0
1828,2,soft_dt_jump,13,820,5,7,1,0.38461538461538464,0.5384615384615384,0.07692307692307693,0.5384615384615384,0.38461538461538464,0.23076923076923078,0.0
1829,1,soft_dt_jump,64,6020,12,40,12,0.1875,0.625,0.1875,0.609375,0.109375,0.265625,0.0
1830,6,max_events_per_episode,21,980,8,12,1,0.38095238095238093,0.5714285714285714,0.047619047619047616,0.6666666666666666,0.19047619047619047,0.3333333333333333,0.0
1831,3,soft_dt_jump,18,2260,1,14,3,0.05555555555555555,0.7777777777777778,0.16666666666666666,0.3888888888888889,0.2222222222222222,0.16666666666666666,0.0
1832,6,soft_state_jump,8,580,4,3,1,0.5,0.375,0.125,0.75,0.0,0.75,0.0
1833,2,soft_dt_jump,18,1140,3,14,1,0.16666666666666666,0.7777777777777778,0.05555555555555555,0.6111111111111112,0.2777777777777778,0.2777777777777778,0.0
1834,1,soft_dt_jump,29,2340,8,19,2,0.27586206896551724,0.6551724137931034,0.06896551724137931,0.6551724137931034,0.2413793103448276,0.3103448275862069,0.0
1835,6,soft_dt_jump,22,1040,6,15,1,0.2727272727272727,0.6818181818181818,0.045454545454545456,0.8636363636363636,0.09090909090909091,0.5,0.0
1836,7,soft_dt_jump,29,840,22,7,0,0.7586206896551724,0.2413793103448276,0.0,0.13793103448275862,0.7931034482758621,0.10344827586206896,0.0
1837,1,soft_dt_jump,22,1500,5,14,3,0.22727272727272727,0.6363636363636364,0.13636363636363635,0.5909090909090909,0.22727272727272727,0.2727272727272727,0.0
1838,2,soft_state_jump,11,300,4,6,1,0.36363636363636365,0.5454545454545454,0.09090909090909091,0.45454545454545453,0.45454545454545453,0.2727272727272727,0.0
1839,0,soft_dt_jump,12,450,8,4,0,0.6666666666666666,0.3333333333333333,0.0,0.9166666666666666,0.0,0.8333333333333334,0.0
1840,2,soft_dt_jump,10,790,3,5,2,0.3,0.5,0.2,0.2,0.5,0.1,0.0
1841,2,soft_dt_jump,19,660,5,14,0,0.2631578947368421,0.7368421052631579,0.0,0.47368421052631576,0.47368421052631576,0.15789473684210525,0.0
1842,7,soft_dt_jump,48,1530,26,18,4,0.5416666666666666,0.375,0.08333333333333333,0.16666666666666666,0.6666666666666666,0.041666666666666664,0.0
1843,7,soft_dt_jump,8,110,4,3,1,0.5,0.375,0.125,0.125,0.75,0.0,0.0
1844,2,soft_dt_jump,10,460,4,6,0,0.4,0.6,0.0,0.1,0.8,0.0,0.0
1845,1,soft_dt_jump,42,3660,2,34,6,0.047619047619047616,0.8095238095238095,0.14285714285714285,0.38095238095238093,0.30952380952380953,0.16666666666666666,0.0
1846,1,soft_state_jump,29,2850,4,22,3,0.13793103448275862,0.7586206896551724,0.10344827586206896,0.4482758620689655,0.2413793103448276,0.10344827586206896,0.0
1847,3,soft_state_jump,19,1030,5,11,3,0.2631578947368421,0.5789473684210527,0.15789473684210525,0.42105263157894735,0.3157894736842105,0.21052631578947367,0.0
1848,1,soft_dt_jump,35,1950,7,24,4,0.2,0.6857142857142857,0.11428571428571428,0.5428571428571428,0.22857142857142856,0.3142857142857143,0.0
1849,2,soft_dt_jump,9,130,3,6,0,0.3333333333333333,0.6666666666666666,0.0,0.3333333333333333,0.5555555555555556,0.1111111111111111,0.0
1850,6,soft_dt_jump,12,500,2,10,0,0.16666666666666666,0.8333333333333334,0.0,0.4166666666666667,0.3333333333333333,0.25,0.0
1851,3,soft_dt_jump,26,1370,4,21,1,0.15384615384615385,0.8076923076923077,0.038461538461538464,0.5,0.19230769230769232,0.2692307692307692,0.0
1852,1,soft_state_jump,22,1040,3,16,3,0.13636363636363635,0.7272727272727273,0.13636363636363635,0.5,0.2727272727272727,0.09090909090909091,0.0
1853,1,soft_dt_jump,38,3660,9,23,6,0.23684210526315788,0.6052631578947368,0.15789473684210525,0.47368421052631576,0.34210526315789475,0.18421052631578946,0.0
1854,2,soft_dt_jump,13,540,1,11,1,0.07692307692307693,0.8461538461538461,0.07692307692307693,0.46153846153846156,0.3076923076923077,0.0,0.0
1855,6,soft_state_jump,11,400,3,6,2,0.2727272727272727,0.5454545454545454,0.18181818181818182,0.5454545454545454,0.18181818181818182,0.36363636363636365,0.0
1856,6,soft_dt_jump,13,770,5,6,2,0.38461538461538464,0.46153846153846156,0.15384615384615385,0.5384615384615384,0.23076923076923078,0.46153846153846156,0.0
1857,6,soft_dt_jump,11,620,6,5,0,0.5454545454545454,0.45454545454545453,0.0,1.0,0.0,0.7272727272727273,0.0
1858,2,soft_dt_jump,14,780,1,12,1,0.07142857142857142,0.8571428571428571,0.07142857142857142,0.7142857142857143,0.14285714285714285,0.21428571428571427,0.0
1859,6,soft_state_jump,8,320,4,4,0,0.5,0.5,0.0,0.625,0.25,0.5,0.0
1860,1,soft_dt_jump,32,2410,9,19,4,0.28125,0.59375,0.125,0.46875,0.375,0.0625,0.0
1861,1,soft_dt_jump,40,3610,3,35,2,0.075,0.875,0.05,0.45,0.25,0.225,0.0
1862,6,soft_dt_jump,27,1690,5,21,1,0.18518518518518517,0.7777777777777778,0.037037037037037035,0.7037037037037037,0.14814814814814814,0.3333333333333333,0.0
1863,1,soft_dt_jump,64,6040,11,41,12,0.171875,0.640625,0.1875,0.53125,0.203125,0.234375,0.0
1864,7,max_events_per_episode,17,210,14,3,0,0.8235294117647058,0.17647058823529413,0.0,0.11764705882352941,0.8823529411764706,0.11764705882352941,0.0
1865,3,soft_dt_jump,8,820,1,5,2,0.125,0.625,0.25,0.25,0.25,0.0,0.0
1866,2,soft_dt_jump,9,640,4,5,0,0.4444444444444444,0.5555555555555556,0.0,0.0,0.7777777777777778,0.0,0.0
1867,1,soft_state_jump,34,2660,8,23,3,0.23529411764705882,0.6764705882352942,0.08823529411764706,0.4117647058823529,0.38235294117647056,0.20588235294117646,0.0
1868,0,soft_dt_jump,17,20,15,2,0,0.8823529411764706,0.11764705882352941,0.0,0.9411764705882353,0.058823529411764705,0.9411764705882353,0.0
1869,0,soft_dt_jump,23,240,19,2,2,0.8260869565217391,0.08695652173913043,0.08695652173913043,0.8695652173913043,0.0,0.782608695652174,0.0
1870,0,soft_dt_jump,14,220,10,2,2,0.7142857142857143,0.14285714285714285,0.14285714285714285,0.8571428571428571,0.0,0.0,0.0
1871,3,soft_dt_jump,16,1980,3,10,3,0.1875,0.625,0.1875,0.5625,0.1875,0.1875,0.0
1872,2,soft_state_jump,26,1680,5,20,1,0.19230769230769232,0.7692307692307693,0.038461538461538464,0.38461538461538464,0.3076923076923077,0.11538461538461539,0.0
1873,7,soft_side_flip_with_dt_jump,22,120,20,2,0,0.9090909090909091,0.09090909090909091,0.0,0.0,0.0,0.0,0.0
1874,1,soft_dt_jump,34,2690,10,18,6,0.29411764705882354,0.5294117647058824,0.17647058823529413,0.6470588235294118,0.17647058823529413,0.47058823529411764,0.0
1875,2,soft_dt_jump,22,1220,6,13,3,0.2727272727272727,0.5909090909090909,0.13636363636363635,0.5454545454545454,0.3181818181818182,0.3181818181818182,0.0
1876,1,soft_dt_jump,30,2100,6,20,4,0.2,0.6666666666666666,0.13333333333333333,0.26666666666666666,0.4,0.06666666666666667,0.0
1877,7,soft_dt_jump,9,60,6,3,0,0.6666666666666666,0.3333333333333333,0.0,0.0,0.8888888888888888,0.0,0.0
1878,0,soft_dt_jump,64,320,61,2,1,0.953125,0.03125,0.015625,0.96875,0.015625,0.953125,0.0
1879,0,max_events_per_episode,8,0,8,0,0,1.0,0.0,0.0,1.0,0.0,1.0,0.0
1880,0,soft_dt_jump,18,390,13,5,0,0.7222222222222222,0.2777777777777778,0.0,0.8333333333333334,0.16666666666666666,0.8333333333333334,0.0
1881,3,soft_dt_jump,18,940,1,13,4,0.05555555555555555,0.7222222222222222,0.2222222222222222,0.2777777777777778,0.16666666666666666,0.1111111111111111,0.0
1882,3,soft_dt_jump,14,1280,1,11,2,0.07142857142857142,0.7857142857142857,0.14285714285714285,0.35714285714285715,0.14285714285714285,0.14285714285714285,0.0
1883,2,soft_side_flip_with_dt_jump,8,340,2,5,1,0.25,0.625,0.125,0.5,0.25,0.25,0.0
1884,3,soft_dt_jump,10,880,3,7,0,0.3,0.7,0.0,0.5,0.4,0.4,0.0
1885,0,soft_dt_jump,11,0,10,1,0,0.9090909090909091,0.09090909090909091,0.0,1.0,0.0,1.0,0.0
1886,0,soft_dt_jump,22,380,17,4,1,0.7727272727272727,0.18181818181818182,0.045454545454545456,0.7727272727272727,0.18181818181818182,0.6818181818181818,0.0
1887,3,soft_dt_jump,18,1600,3,12,3,0.16666666666666666,0.6666666666666666,0.16666666666666666,0.4444444444444444,0.2777777777777778,0.3333333333333333,0.0
1888,3,soft_side_flip_with_dt_jump,29,3120,2,26,1,0.06896551724137931,0.8888888888888888,0.034482758620689655,0.3448275862068966,0.20689655172413793,0.06896551724137931,0.0
1889,3,soft_dt_jump,12,540,1,8,3,0.08333333333333333,0.6666666666666666,0.25,0.0,0.4166666666666667,0.0,0.0
1890,3,soft_dt_jump,12,390,4,6,2,0.3333333333333333,0.5,0.16666666666666666,0.3333333333333333,0.25,0.3333333333333333,0.0
1891,2,soft_dt_jump,11,550,2,8,1,0.18181818181818182,0.7272727272727273,0.09090909090909091,0.36363636363636365,0.5454545454545454,0.09090909090909091,0.0
1892,3,soft_dt_jump,9,600,1,8,0,0.1111111111111111,0.8888888888888888,0.0,0.2222222222222222,0.4444444444444444,0.1111111111111111,0.0
1893,3,soft_side_flip_with_dt_jump,33,2100,8,18,7,0.24242424242424243,0.5454545454545454,0.21212121212121213,0.12121212121212122,0.5454545454545454,0.030303030303030304,0.0
1894,3,soft_dt_jump,16,530,4,10,2,0.25,0.625,0.125,0.3125,0.375,0.3125,0.0
1895,2,soft_dt_jump,8,120,3,4,1,0.375,0.5,0.125,0.0,0.75,0.0,0.0
1896,3,soft_dt_jump,18,960,5,10,3,0.2777777777777778,0.5555555555555556,0.16666666666666666,0.3888888888888889,0.2222222222222222,0.2222222222222222,0.0
1897,2,soft_dt_jump,10,180,4,4,2,0.4,0.4,0.2,0.1,0.7,0.0,0.0
1898,6,soft_side_flip_with_dt_jump,9,450,3,6,0,0.3333333333333333,0.6666666666666666,0.0,0.4444444444444444,0.2222222222222222,0.3333333333333333,0.0
1899,2,soft_dt_jump,18,1290,2,14,2,0.1111111111111111,0.7777777777777778,0.1111111111111111,0.5555555555555556,0.16666666666666666,0.16666666666666666,0.0
1900,2,soft_state_jump,14,990,3,9,2,0.21428571428571427,0.6428571428571429,0.14285714285714285,0.5,0.2857142857142857,0.21428571428571427,0.0
1901,6,soft_side_flip_with_dt_jump,17,1430,6,9,2,0.35294117647058826,0.5294117647058824,0.11764705882352941,0.7058823529411765,0.11764705882352941,0.5882352941176471,0.0
1902,3,soft_state_jump,29,1400,11,13,5,0.3793103448275862,0.4482758620689655,0.1724137931034483,0.3793103448275862,0.3448275862068966,0.27586206896551724,0.0
1903,1,soft_dt_jump,34,2190,15,12,7,0.4411764705882353,0.35294117647058826,0.20588235294117646,0.5882352941176471,0.17647058823529413,0.5,0.0
1904,1,soft_dt_jump,29,2310,8,17,4,0.27586206896551724,0.5862068965517241,0.13793103448275862,0.3448275862068966,0.4482758620689655,0.1724137931034483,0.0
1905,1,soft_state_jump,64,4770,13,44,7,0.203125,0.6875,0.109375,0.5,0.34375,0.296875,0.0
1906,1,max_events_per_episode,20,1540,5,13,2,0.25,0.65,0.1,0.6,0.2,0.35,0.0
1907,2,soft_dt_jump,8,550,1,7,0,0.125,0.875,0.0,0.875,0.125,0.375,0.0
1908,0,soft_dt_jump,40,470,33,6,1,0.825,0.15,0.025,0.85,0.1,0.825,0.0
1909,6,soft_dt_jump,11,870,5,6,0,0.45454545454545453,0.5454545454545454,0.0,0.36363636363636365,0.5454545454545454,0.2727272727272727,0.0
1910,0,soft_dt_jump,9,100,6,3,0,0.6666666666666666,0.3333333333333333,0.0,1.0,0.0,0.8888888888888888,0.0
1911,6,soft_dt_jump,8,570,5,3,0,0.625,0.375,0.0,0.875,0.0,0.875,0.0
1912,6,soft_dt_jump,8,530,4,4,0,0.5,0.5,0.0,1.0,0.0,0.875,0.0
1913,7,soft_dt_jump,9,200,4,3,2,0.4444444444444444,0.3333333333333333,0.2222222222222222,0.0,0.5555555555555556,0.0,0.0
1914,0,soft_dt_jump,9,80,7,2,0,0.7777777777777778,0.2222222222222222,0.0,1.0,0.0,1.0,0.0
1915,0,soft_dt_jump,64,220,58,5,1,0.90625,0.078125,0.015625,0.96875,0.0,0.9375,0.0
1916,0,max_events_per_episode,9,0,9,0,0,1.0,0.0,0.0,1.0,0.0,1.0,0.0
1917,1,soft_dt_jump,34,2220,7,24,3,0.20588235294117646,0.7058823529411765,0.08823529411764706,0.6470588235294118,0.23529411764705882,0.14705882352941177,0.0
1918,3,soft_state_jump,44,3670,12,27,5,0.2727272727272727,0.6136363636363636,0.11363636363636363,0.29545454545454547,0.4318181818181818,0.13636363636363635,0.0
1919,7,soft_dt_jump,18,520,8,8,2,0.4444444444444444,0.4444444444444444,0.1111111111111111,0.2222222222222222,0.6111111111111112,0.05555555555555555,0.0
1920,0,soft_dt_jump,13,300,9,4,0,0.6923076923076923,0.3076923076923077,0.0,0.9230769230769231,0.07692307692307693,0.7692307692307693,0.0
1921,0,soft_dt_jump,17,270,11,4,2,0.6470588235294118,0.23529411764705882,0.11764705882352941,0.7058823529411765,0.17647058823529413,0.7058823529411765,0.0
1922,2,soft_dt_jump,10,630,2,8,0,0.2,0.8,0.0,0.3,0.6,0.0,0.0
1923,0,soft_state_jump,64,330,57,5,2,0.890625,0.078125,0.03125,0.9375,0.03125,0.90625,0.0
1924,1,max_events_per_episode,31,1920,11,17,3,0.3548387096774194,0.5483870967741935,0.0967741935483871,0.6774193548387096,0.12903225806451613,0.4838709677419355,0.0
1925,0,soft_dt_jump,60,980,51,6,3,0.85,0.1,0.05,0.8833333333333333,0.05,0.8666666666666667,0.0
1926,2,soft_dt_jump,8,160,1,4,3,0.125,0.5,0.375,0.625,0.0,0.25,0.0
1927,2,soft_dt_jump,13,670,5,6,2,0.38461538461538464,0.46153846153846156,0.15384615384615385,0.15384615384615385,0.6153846153846154,0.07692307692307693,0.0
1928,3,soft_dt_jump,9,1040,0,7,2,0.0,0.7777777777777778,0.2222222222222222,0.2222222222222222,0.1111111111111111,0.1111111111111111,0.0
1929,7,soft_state_jump,51,0,50,1,0,0.9803921568627451,0.0196078431372549,0.0,0.0,1.0,0.0,0.0
1930,7,soft_dt_jump,28,1560,15,10,3,0.5357142857142857,0.35714285714285715,0.10714285714285714,0.03571428571428571,0.35714285714285715,0.0,0.0
1931,2,soft_dt_jump,9,320,3,6,0,0.3333333333333333,0.6666666666666666,0.0,0.3333333333333333,0.1111111111111111,0.2222222222222222,0.0
1932,3,soft_dt_jump,9,610,4,5,0,0.4444444444444444,0.5555555555555556,0.0,0.1111111111111111,0.3333333333333333,0.0,0.0
1933,3,soft_dt_jump,16,490,6,6,4,0.375,0.375,0.25,0.4375,0.1875,0.375,0.0
1934,3,soft_dt_jump,9,140,3,4,2,0.3333333333333333,0.4444444444444444,0.2222222222222222,0.4444444444444444,0.2222222222222222,0.3333333333333333,0.0
1935,2,soft_dt_jump,11,230,3,7,1,0.2727272727272727,0.6363636363636364,0.09090909090909091,0.45454545454545453,0.45454545454545453,0.09090909090909091,0.0
1936,0,soft_dt_jump,19,40,17,2,0,0.8947368421052632,0.10526315789473684,0.0,1.0,0.0,0.8947368421052632,0.0
1937,0,soft_dt_jump,9,190,6,3,0,0.6666666666666666,0.3333333333333333,0.0,0.7777777777777778,0.2222222222222222,0.6666666666666666,0.0
1938,7,soft_dt_jump,8,480,5,3,0,0.625,0.375,0.0,0.25,0.125,0.0,0.0
1939,3,soft_dt_jump,14,730,4,8,2,0.2857142857142857,0.5714285714285714,0.14285714285714285,0.14285714285714285,0.2857142857142857,0.0,0.0
1940,1,soft_state_jump,30,1220,10,18,2,0.3333333333333333,0.6,0.06666666666666667,0.4,0.43333333333333335,0.2,0.0
1941,6,soft_dt_jump,10,350,3,6,1,0.3,0.6,0.1,0.5,0.2,0.3,0.0
1942,6,soft_side_flip_with_dt_jump,9,690,4,4,1,0.4444444444444444,0.4444444444444444,0.1111111111111111,0.4444444444444444,0.3333333333333333,0.3333333333333333,0.0
1943,5,soft_state_jump,12,620,2,8,2,0.16666666666666666,0.6666666666666666,0.16666666666666666,0.5,0.0,0.3333333333333333,0.3333333333333333
1944,5,soft_dt_jump,10,410,3,5,2,0.3,0.5,0.2,0.5,0.0,0.2,0.3
1945,5,soft_dt_jump,9,290,4,5,0,0.4444444444444444,0.5555555555555556,0.0,0.3333333333333333,0.2222222222222222,0.1111111111111111,0.4444444444444444
1946,5,soft_dt_jump,13,870,3,8,2,0.23076923076923078,0.6153846153846154,0.15384615384615385,0.23076923076923078,0.0,0.23076923076923078,0.5384615384615384
1947,1,soft_state_jump,56,2750,19,27,10,0.3392857142857143,0.48214285714285715,0.17857142857142858,0.5535714285714286,0.16071428571428573,0.39285714285714285,0.0
1948,1,soft_dt_jump,34,2370,7,20,7,0.20588235294117646,0.5882352941176471,0.20588235294117646,0.5882352941176471,0.08823529411764706,0.38235294117647056,0.0
1949,6,soft_dt_jump,14,400,5,6,3,0.35714285714285715,0.42857142857142855,0.21428571428571427,0.7142857142857143,0.0,0.6428571428571429,0.0
1950,6,soft_dt_jump,22,970,5,17,0,0.22727272727272727,0.7727272727272727,0.0,0.5454545454545454,0.3181818181818182,0.2727272727272727,0.0
1951,6,soft_side_flip_with_dt_jump,19,390,10,9,0,0.5263157894736842,0.47368421052631576,0.0,0.7368421052631579,0.10526315789473684,0.7368421052631579,0.0
1952,1,soft_dt_jump,16,600,4,8,4,0.25,0.5,0.25,0.5,0.125,0.3125,0.0
1953,3,soft_dt_jump,16,740,2,8,6,0.125,0.5,0.375,0.5,0.0,0.25,0.0
1954,0,soft_side_flip_with_dt_jump,9,200,5,3,1,0.5555555555555556,0.3333333333333333,0.1111111111111111,0.8888888888888888,0.0,0.6666666666666666,0.0
1955,6,soft_dt_jump,31,1850,8,22,1,0.25806451612903225,0.7096774193548387,0.03225806451612903,0.7419354838709677,0.22580645161290322,0.5161290322580645,0.0
1956,2,soft_dt_jump,24,1770,5,17,2,0.20833333333333334,0.7083333333333334,0.08333333333333333,0.4166666666666667,0.4166666666666667,0.125,0.0
1957,3,soft_dt_jump,12,900,2,8,2,0.16666666666666666,0.6666666666666666,0.16666666666666666,0.08333333333333333,0.08333333333333333,0.0,0.0
1958,6,soft_state_jump,18,1670,7,9,2,0.3888888888888889,0.5,0.1111111111111111,0.6111111111111112,0.2222222222222222,0.3888888888888889,0.0
1959,3,soft_dt_jump,16,1060,1,10,5,0.0625,0.625,0.3125,0.5625,0.0625,0.3125,0.0
1960,0,soft_state_jump,10,290,6,3,1,0.6,0.3,0.1,0.6,0.3,0.5,0.0
1961,7,soft_dt_jump,10,370,5,4,1,0.5,0.4,0.1,0.2,0.7,0.0,0.0
1962,7,soft_dt_jump,8,80,3,5,0,0.375,0.625,0.0,0.0,0.875,0.0,0.0
1963,7,soft_dt_jump,23,630,13,8,2,0.5652173913043478,0.34782608695652173,0.08695652173913043,0.5217391304347826,0.391304347826087,0.391304347826087,0.0
1964,1,soft_dt_jump,44,3200,3,34,7,0.06818181818181818,0.7727272727272727,0.1590909090909091,0.5681818181818182,0.1590909090909091,0.2727272727272727,0.0
1965,6,soft_side_flip_with_dt_jump,8,810,4,4,0,0.5,0.5,0.0,1.0,0.0,0.875,0.0
1966,0,soft_side_flip_with_dt_jump,9,0,8,1,0,0.8888888888888888,0.1111111111111111,0.0,1.0,0.0,1.0,0.0
1967,6,soft_dt_jump,11,380,5,5,1,0.45454545454545453,0.45454545454545453,0.09090909090909091,0.9090909090909091,0.0,0.9090909090909091,0.0
1968,1,soft_dt_jump,30,1620,6,22,2,0.2,0.7333333333333333,0.06666666666666667,0.8,0.1,0.4,0.0
1969,6,soft_dt_jump,25,1840,7,16,2,0.28,0.64,0.08,0.76,0.08,0.56,0.0
1970,6,soft_dt_jump,20,1270,6,12,2,0.3,0.6,0.1,0.7,0.1,0.35,0.0
1971,3,soft_state_jump,8,120,0,6,2,0.0,0.75,0.25,0.0,0.125,0.0,0.0
1972,3,soft_side_flip_with_dt_jump,24,1870,5,18,1,0.20833333333333334,0.75,0.041666666666666664,0.4583333333333333,0.2916666666666667,0.16666666666666666,0.0
1973,3,soft_dt_jump,25,1460,3,15,7,0.12,0.6,0.28,0.32,0.24,0.12,0.0
1974,6,soft_dt_jump,11,120,6,5,0,0.5454545454545454,0.45454545454545453,0.0,0.6363636363636364,0.2727272727272727,0.5454545454545454,0.0
1975,0,soft_dt_jump,22,150,18,3,1,0.8181818181818182,0.13636363636363635,0.045454545454545456,0.9090909090909091,0.045454545454545456,0.8636363636363636,0.0
1976,6,soft_dt_jump,24,2120,11,10,3,0.4583333333333333,0.4166666666666667,0.125,0.5,0.25,0.4166666666666667,0.0
1977,1,soft_dt_jump,64,4890,10,45,9,0.15625,0.703125,0.140625,0.453125,0.34375,0.15625,0.0
1978,1,max_events_per_episode,24,1140,5,16,3,0.20833333333333334,0.6666666666666666,0.125,0.4166666666666667,0.4166666666666667,0.2916666666666667,0.0
1979,0,soft_dt_jump,20,430,15,4,1,0.75,0.2,0.05,0.9,0.0,0.85,0.0
1980,1,soft_dt_jump,47,4320,6,34,7,0.1276595744680851,0.723404255319149,0.14893617021276595,0.5106382978723404,0.2765957446808511,0.2127659574468085,0.0
1981,3,soft_state_jump,12,550,3,6,3,0.25,0.5,0.25,0.3333333333333333,0.25,0.25,0.0
1982,2,soft_side_flip_with_dt_jump,11,490,3,7,1,0.2727272727272727,0.6363636363636364,0.09090909090909091,0.36363636363636365,0.5454545454545454,0.36363636363636365,0.0
1983,0,soft_dt_jump,64,1200,38,21,5,0.59375,0.328125,0.078125,0.765625,0.078125,0.703125,0.0
1984,0,max_events_per_episode,45,0,45,0,0,1.0,0.0,0.0,1.0,0.0,1.0,0.0
1985,1,soft_dt_jump,64,4880,6,51,7,0.09375,0.796875,0.109375,0.546875,0.234375,0.234375,0.0
1986,0,max_events_per_episode,8,430,5,2,1,0.625,0.25,0.125,0.875,0.0,0.875,0.0
1987,7,soft_dt_jump,33,60,31,2,0,0.9393939393939394,0.06060606060606061,0.0,0.030303030303030304,0.9696969696969697,0.0,0.0
1988,0,soft_dt_jump,45,610,34,10,1,0.7555555555555555,0.2222222222222222,0.022222222222222223,0.8444444444444444,0.1111111111111111,0.8,0.0
1989,1,soft_dt_jump,36,2490,4,26,6,0.1111111111111111,0.7222222222222222,0.16666666666666666,0.4444444444444444,0.2777777777777778,0.19444444444444445,0.0
1990,1,soft_state_jump,23,1160,3,17,3,0.13043478260869565,0.7391304347826086,0.13043478260869565,0.43478260869565216,0.30434782608695654,0.21739130434782608,0.0
1991,6,soft_dt_jump,15,280,4,10,1,0.26666666666666666,0.6666666666666666,0.06666666666666667,0.4666666666666667,0.4,0.26666666666666666,0.0
1992,6,soft_dt_jump,20,1110,6,11,3,0.3,0.55,0.15,0.75,0.1,0.5,0.0
1993,1,soft_dt_jump,25,1240,4,15,6,0.16,0.6,0.24,0.52,0.16,0.24,0.0
1994,2,soft_dt_jump,14,1360,3,10,1,0.21428571428571427,0.7142857142857143,0.07142857142857142,0.5,0.35714285714285715,0.35714285714285715,0.0
1995,6,soft_state_jump,28,1540,11,16,1,0.39285714285714285,0.5714285714285714,0.03571428571428571,0.7857142857142857,0.14285714285714285,0.5357142857142857,0.0
1996,6,soft_dt_jump,26,670,9,13,4,0.34615384615384615,0.5,0.15384615384615385,0.6538461538461539,0.15384615384615385,0.6153846153846154,0.0
1997,6,soft_dt_jump,11,560,2,9,0,0.18181818181818182,0.8181818181818182,0.0,0.6363636363636364,0.2727272727272727,0.5454545454545454,0.0
1998,6,soft_state_jump,19,1280,7,9,3,0.3684210526315789,0.47368421052631576,0.15789473684210525,0.6842105263157895,0.15789473684210525,0.5263157894736842,0.0
1999,1,soft_dt_jump,25,1550,4,16,5,0.16,0.64,0.2,0.68,0.08,0.32,0.0
2000,6,soft_dt_jump,27,780,11,14,2,0.4074074074074074,0.5185185185185185,0.07407407407407407,0.48148148148148145,0.2962962962962963,0.4444444444444444,0.0
2001,2,soft_dt_jump,13,520,6,6,1,0.46153846153846156,0.46153846153846156,0.07692307692307693,0.3076923076923077,0.6153846153846154,0.0,0.0
2002,0,soft_dt_jump,18,370,14,4,0,0.7777777777777778,0.2222222222222222,0.0,0.9444444444444444,0.05555555555555555,0.8888888888888888,0.0
2003,6,soft_dt_jump,16,810,4,12,0,0.25,0.75,0.0,0.8125,0.1875,0.5625,0.0
2004,2,soft_state_jump,27,1450,6,17,4,0.2222222222222222,0.6296296296296297,0.14814814814814814,0.18518518518518517,0.5185185185185185,0.037037037037037035,0.0
2005,3,soft_dt_jump,11,1140,1,9,1,0.09090909090909091,0.8181818181818182,0.09090909090909091,0.45454545454545453,0.45454545454545453,0.36363636363636365,0.0
2006,6,soft_state_jump,24,1050,12,9,3,0.5,0.375,0.125,0.5416666666666666,0.25,0.4166666666666667,0.0
2007,2,soft_dt_jump,8,350,2,5,1,0.25,0.625,0.125,0.125,0.5,0.0,0.0
2008,3,soft_side_flip_with_dt_jump,9,310,2,4,3,0.2222222222222222,0.4444444444444444,0.3333333333333333,0.1111111111111111,0.5555555555555556,0.0,0.0
2009,3,soft_dt_jump,15,220,5,6,4,0.3333333333333333,0.4,0.26666666666666666,0.4,0.26666666666666666,0.3333333333333333,0.0
2010,1,soft_dt_jump,23,1250,5,15,3,0.21739130434782608,0.6521739130434783,0.13043478260869565,0.5652173913043478,0.17391304347826086,0.391304347826087,0.0
2011,2,soft_dt_jump,17,640,4,12,1,0.23529411764705882,0.7058823529411765,0.058823529411764705,0.29411764705882354,0.5294117647058824,0.17647058823529413,0.0
2012,0,soft_dt_jump,64,560,56,7,1,0.875,0.109375,0.015625,0.921875,0.046875,0.875,0.0
2013,1,max_events_per_episode,64,2440,34,20,10,0.53125,0.3125,0.15625,0.640625,0.15625,0.53125,0.0
2014,0,max_events_per_episode,35,0,35,0,0,1.0,0.0,0.0,1.0,0.0,1.0,0.0
2015,0,soft_dt_jump,45,20,42,2,1,0.9333333333333333,0.044444444444444446,0.022222222222222223,0.9777777777777777,0.0,0.9555555555555556,0.0
2016,1,soft_dt_jump,46,2800,15,20,11,0.32608695652173914,0.43478260869565216,0.2391304347826087,0.32608695652173914,0.30434782608695654,0.15217391304347827,0.0
2017,1,soft_dt_jump,32,2090,5,21,6,0.15625,0.65625,0.1875,0.25,0.28125,0.0625,0.0
2018,3,soft_side_flip_with_dt_jump,13,1080,3,9,1,0.23076923076923078,0.6923076923076923,0.07692307692307693,0.3076923076923077,0.5384615384615384,0.3076923076923077,0.0
2019,0,soft_state_jump,14,310,8,2,4,0.5714285714285714,0.14285714285714285,0.2857142857142857,0.6428571428571429,0.07142857142857142,0.6428571428571429,0.0
2020,3,soft_dt_jump,20,1000,6,11,3,0.3,0.55,0.15,0.35,0.3,0.3,0.0
2021,3,soft_dt_jump,16,930,1,8,7,0.0625,0.5,0.4,0.25,0.0625,0.125,0.0
2022,3,soft_dt_jump,19,820,5,7,7,0.2631578947368421,0.3684210526315789,0.3684210526315789,0.5789473684210527,0.05263157894736842,0.5263157894736842,0.0
2023,0,soft_dt_jump,38,1440,21,13,4,0.5526315789473685,0.34210526315789475,0.10526315789473684,0.631578947368421,0.13157894736842105,0.5,0.0
2024,6,soft_dt_jump,8,120,3,5,0,0.375,0.625,0.0,1.0,0.0,0.75,0.0
2025,0,soft_dt_jump,8,320,5,2,1,0.625,0.25,0.125,0.875,0.0,0.875,0.0
2026,0,soft_dt_jump,64,970,49,9,6,0.765625,0.140625,0.09375,0.859375,0.03125,0.78125,0.0
2027,0,max_events_per_episode,20,0,20,0,0,1.0,0.0,0.0,1.0,0.0,1.0,0.0
2028,0,soft_dt_jump,43,20,40,2,1,0.9302325581395349,0.046511627906976744,0.023255813953488372,0.9767441860465116,0.0,0.9767441860465116,0.0
2029,6,soft_dt_jump,12,510,6,6,0,0.5,0.5,0.0,1.0,0.0,0.9166666666666666,0.0
2030,1,soft_dt_jump,37,1130,13,15,9,0.35135135135135137,0.40540540540540543,0.24324324324324326,0.5945945945945946,0.05405405405405406,0.4594594594594595,0.0
2031,0,soft_dt_jump,29,620,15,11,3,0.5172413793103449,0.3793103448275862,0.10344827586206896,0.8275862068965517,0.034482758620689655,0.6551724137931034,0.0
2032,6,soft_dt_jump,8,250,4,3,1,0.5,0.375,0.125,0.875,0.0,0.75,0.0
2033,0,soft_dt_jump,17,640,11,4,2,0.6470588235294118,0.23529411764705882,0.11764705882352941,0.8823529411764706,0.0,0.8823529411764706,0.0
2034,0,soft_dt_jump,35,0,34,1,0,0.9714285714285714,0.02857142857142857,0.0,1.0,0.0,1.0,0.0
2035,6,soft_dt_jump,21,920,8,11,2,0.38095238095238093,0.5238095238095238,0.09523809523809523,0.7142857142857143,0.09523809523809523,0.5238095238095238,0.0
2036,0,soft_dt_jump,64,900,53,7,4,0.828125,0.109375,0.0625,0.90625,0.03125,0.859375,0.0
2037,0,max_events_per_episode,55,0,55,0,0,1.0,0.0,0.0,1.0,0.0,1.0,0.0
2038,0,soft_dt_jump,25,180,18,1,6,0.72,0.04,0.24,0.76,0.0,0.76,0.0
2039,0,soft_dt_jump,64,30,61,3,0,0.953125,0.046875,0.0,1.0,0.0,1.0,0.0
2040,0,max_events_per_episode,56,0,56,0,0,1.0,0.0,0.0,1.0,0.0,1.0,0.0
2041,2,soft_dt_jump,12,330,2,9,1,0.16666666666666666,0.75,0.08333333333333333,0.6666666666666666,0.16666666666666666,0.25,0.0
2042,1,soft_side_flip_with_dt_jump,28,1780,2,24,2,0.07142857142857142,0.8571428571428571,0.07142857142857142,0.75,0.14285714285714285,0.35714285714285715,0.0
2043,3,soft_state_jump,30,960,5,14,11,0.16666666666666666,0.4666666666666667,0.36666666666666664,0.23333333333333334,0.3,0.03333333333333333,0.0
2044,3,soft_dt_jump,19,620,6,10,3,0.3157894736842105,0.5263157894736842,0.15789473684210525,0.42105263157894735,0.3684210526315789,0.2631578947368421,0.0
2045,7,soft_dt_jump,23,670,10,9,4,0.43478260869565216,0.391304347826087,0.17391304347826086,0.08695652173913043,0.5652173913043478,0.0,0.0
2046,3,soft_dt_jump,19,560,3,12,4,0.15789473684210525,0.631578947368421,0.21052631578947367,0.2631578947368421,0.3157894736842105,0.10526315789473684,0.0
2047,6,soft_state_jump,10,280,4,6,0,0.4,0.6,0.0,0.9,0.1,0.5,0.0
2048,6,soft_dt_jump,21,970,9,10,2,0.42857142857142855,0.47619047619047616,0.09523809523809523,0.5714285714285714,0.23809523809523808,0.42857142857142855,0.0
2049,1,soft_dt_jump,30,840,13,11,6,0.43333333333333335,0.36666666666666664,0.2,0.5,0.26666666666666666,0.4,0.0
2050,0,soft_dt_jump,14,30,12,2,0,0.8571428571428571,0.14285714285714285,0.0,1.0,0.0,0.8571428571428571,0.0
2051,2,soft_dt_jump,21,530,8,13,0,0.38095238095238093,0.6190476190476191,0.0,0.42857142857142855,0.5714285714285714,0.2857142857142857,0.0
2052,6,soft_dt_jump,8,190,2,5,1,0.25,0.625,0.125,0.75,0.125,0.5,0.0
2053,1,soft_side_flip_with_dt_jump,32,1600,10,16,6,0.3125,0.5,0.1875,0.65625,0.09375,0.40625,0.0
2054,0,soft_dt_jump,14,110,11,2,1,0.7857142857142857,0.14285714285714285,0.07142857142857142,0.9285714285714286,0.0,0.8571428571428571,0.0
2055,6,soft_dt_jump,20,710,10,8,2,0.5,0.4,0.1,0.65,0.25,0.6,0.0
2056,0,soft_dt_jump,42,560,24,11,7,0.5714285714285714,0.2619047619047619,0.16666666666666666,0.7142857142857143,0.09523809523809523,0.5952380952380952,0.0
2057,0,soft_dt_jump,64,150,59,3,2,0.921875,0.046875,0.03125,0.9375,0.03125,0.921875,0.0
2058,0,max_events_per_episode,25,700,14,8,3,0.56,0.32,0.12,0.84,0.0,0.6,0.0
2059,0,soft_dt_jump,24,320,21,3,0,0.875,0.125,0.0,1.0,0.0,1.0,0.0
2060,6,soft_dt_jump,17,630,5,11,1,0.29411764705882354,0.6470588235294118,0.058823529411764705,0.8235294117647058,0.058823529411764705,0.47058823529411764,0.0
2061,6,soft_dt_jump,11,220,2,7,2,0.18181818181818182,0.6363636363636364,0.18181818181818182,0.7272727272727273,0.0,0.7272727272727273,0.0
2062,3,soft_dt_jump,38,1430,8,28,2,0.21052631578947367,0.7368421052631579,0.05263157894736842,0.34210526315789475,0.4473684210526316,0.21052631578947367,0.0
2063,3,soft_dt_jump,32,1120,5,18,9,0.15625,0.5625,0.28125,0.15625,0.5,0.0,0.0
2064,7,soft_dt_jump,32,750,19,9,4,0.59375,0.28125,0.125,0.125,0.6875,0.0625,0.0
2065,3,soft_dt_jump,35,1610,3,20,12,0.08571428571428572,0.5714285714285714,0.34285714285714286,0.2571428571428571,0.2,0.08571428571428572,0.0
2066,7,soft_dt_jump,19,280,12,7,0,0.631578947368421,0.3684210526315789,0.0,0.2631578947368421,0.7368421052631579,0.15789473684210525,0.0
2067,2,soft_dt_jump,11,240,3,6,2,0.2727272727272727,0.5454545454545454,0.18181818181818182,0.18181818181818182,0.5454545454545454,0.0,0.0
2068,6,soft_dt_jump,8,120,2,5,1,0.25,0.625,0.125,0.75,0.0,0.5,0.0
2069,0,soft_dt_jump,23,270,13,6,4,0.5652173913043478,0.2608695652173913,0.17391304347826086,0.782608695652174,0.043478260869565216,0.6521739130434783,0.0
2070,2,soft_dt_jump,10,170,4,5,1,0.4,0.5,0.1,0.4,0.4,0.2,0.0
2071,3,soft_dt_jump,18,510,5,9,4,0.2777777777777778,0.5,0.2222222222222222,0.5,0.2222222222222222,0.2777777777777778,0.0
2072,1,soft_dt_jump,36,1380,5,20,11,0.1388888888888889,0.5555555555555556,0.3055555555555556,0.4444444444444444,0.19444444444444445,0.25,0.0
2073,3,soft_side_flip_with_dt_jump,15,460,1,8,6,0.06666666666666667,0.5333333333333333,0.4,0.4,0.0,0.3333333333333333,0.0
2074,1,soft_dt_jump,30,590,6,20,4,0.2,0.6666666666666666,0.13333333333333333,0.5,0.36666666666666664,0.16666666666666666,0.0
2075,3,soft_dt_jump,8,130,1,5,2,0.125,0.625,0.25,0.5,0.0,0.25,0.0
2076,6,soft_dt_jump,10,250,2,6,2,0.2,0.6,0.2,0.6,0.0,0.4,0.0
2077,0,soft_dt_jump,10,100,6,4,0,0.6,0.4,0.0,0.8,0.1,0.7,0.0
2078,2,soft_dt_jump,17,350,8,7,2,0.47058823529411764,0.4117647058823529,0.11764705882352941,0.47058823529411764,0.4117647058823529,0.23529411764705882,0.0
2079,6,soft_dt_jump,9,150,3,5,1,0.3333333333333333,0.5555555555555556,0.1111111111111111,0.6666666666666666,0.0,0.5555555555555556,0.0
2080,0,soft_dt_jump,38,880,23,12,3,0.6052631578947368,0.3157894736842105,0.07894736842105263,0.868421052631579,0.02631578947368421,0.7368421052631579,0.0
2081,0,soft_dt_jump,19,230,15,4,0,0.7894736842105263,0.21052631578947367,0.0,1.0,0.0,0.9473684210526315,0.0
2082,0,soft_dt_jump,15,280,8,6,1,0.5333333333333333,0.4,0.06666666666666667,0.8666666666666667,0.0,0.6666666666666666,0.0
2083,1,soft_dt_jump,42,1510,11,27,4,0.2619047619047619,0.6428571428571429,0.09523809523809523,0.4523809523809524,0.38095238095238093,0.30952380952380953,0.0
2084,0,soft_dt_jump,8,60,4,3,1,0.5,0.375,0.125,0.75,0.125,0.625,0.0
2085,7,soft_dt_jump,38,370,32,6,0,0.8421052631578947,0.15789473684210525,0.0,0.13157894736842105,0.868421052631579,0.07894736842105263,0.0
2086,1,soft_dt_jump,41,1370,19,19,3,0.4634146341463415,0.4634146341463415,0.07317073170731707,0.5609756097560976,0.3170731707317073,0.3902439024390244,0.0
2087,0,soft_dt_jump,20,90,16,4,0,0.8,0.2,0.0,0.9,0.1,0.9,0.0
2088,3,soft_dt_jump,19,750,4,11,4,0.21052631578947367,0.5789473684210527,0.21052631578947367,0.3684210526315789,0.15789473684210525,0.21052631578947367,0.0
2089,3,soft_state_jump,10,350,1,4,5,0.1,0.4,0.4,0.4,0.0,0.2,0.0
2090,1,soft_dt_jump,22,940,2,16,4,0.09090909090909091,0.7272727272727273,0.18181818181818182,0.8181818181818182,0.0,0.22727272727272727,0.0
2091,3,soft_dt_jump,16,510,5,8,3,0.3125,0.5,0.1875,0.4375,0.375,0.25,0.0
2092,2,soft_dt_jump,16,530,3,11,2,0.1875,0.6875,0.125,0.75,0.0625,0.25,0.0
2093,5,soft_state_jump,25,1170,3,19,3,0.12,0.76,0.12,0.8,0.0,0.64,0.08
2094,5,soft_dt_jump,22,760,6,15,1,0.2727272727272727,0.6818181818181818,0.045454545454545456,0.7272727272727273,0.0,0.4090909090909091,0.22727272727272727
2095,0,soft_dt_jump,8,0,7,1,0,0.875,0.125,0.0,1.0,0.0,1.0,0.0
2096,5,soft_dt_jump,18,520,4,13,1,0.2222222222222222,0.7222222222222222,0.05555555555555555,0.6666666666666666,0.0,0.2222222222222222,0.2777777777777778
2097,0,soft_dt_jump,50,120,41,8,1,0.82,0.16,0.02,0.94,0.04,0.88,0.0
2098,1,soft_dt_jump,49,2040,9,34,6,0.1836734693877551,0.6938775510204082,0.12244897959183673,0.6938775510204082,0.12244897959183673,0.3673469387755102,0.0
2099,4,soft_dt_jump,17,230,3,14,0,0.17647058823529413,0.8235294117647058,0.0,0.8235294117647058,0.058823529411764705,0.4117647058823529,0.0
2100,3,soft_side_flip_with_dt_jump,8,210,1,4,3,0.125,0.5,0.375,0.5,0.0,0.25,0.0
2101,1,soft_state_jump,64,1940,12,41,11,0.1875,0.640625,0.171875,0.3125,0.328125,0.09375,0.0
2102,2,max_events_per_episode,20,820,3,16,1,0.15,0.8,0.05,0.35,0.35,0.05,0.0
2103,2,soft_dt_jump,18,560,5,11,2,0.2777777777777778,0.6111111111111112,0.1111111111111111,0.2222222222222222,0.5,0.0,0.0
2104,6,soft_dt_jump,8,70,4,3,1,0.5,0.375,0.125,0.625,0.25,0.5,0.0
2105,1,soft_dt_jump,33,1130,8,18,7,0.24242424242424243,0.5454545454545454,0.21212121212121213,0.12121212121212122,0.5151515151515151,0.0,0.0
2106,2,soft_dt_jump,10,340,2,7,1,0.2,0.7,0.1,0.3,0.3,0.2,0.0
2107,7,soft_dt_jump,9,120,4,5,0,0.4444444444444444,0.5555555555555556,0.0,0.2222222222222222,0.7777777777777778,0.2222222222222222,0.0
2108,3,soft_dt_jump,16,400,3,10,3,0.1875,0.625,0.1875,0.125,0.4375,0.125,0.0
2109,2,soft_dt_jump,12,190,3,6,3,0.25,0.5,0.25,0.25,0.3333333333333333,0.08333333333333333,0.0
2110,2,soft_dt_jump,9,230,4,4,1,0.4444444444444444,0.4444444444444444,0.1111111111111111,0.3333333333333333,0.4444444444444444,0.1111111111111111,0.0
2111,0,soft_dt_jump,13,30,11,2,0,0.8461538461538461,0.15384615384615385,0.0,1.0,0.0,0.9230769230769231,0.0
2112,4,soft_dt_jump,8,60,3,5,0,0.375,0.625,0.0,0.25,0.5,0.0,0.0
2113,2,soft_side_flip_with_dt_jump,12,180,3,8,1,0.25,0.6666666666666666,0.08333333333333333,0.5,0.3333333333333333,0.25,0.0
2114,2,soft_dt_jump,18,400,5,10,3,0.2777777777777778,0.5555555555555556,0.16666666666666666,0.2222222222222222,0.6111111111111112,0.1111111111111111,0.0
2115,2,soft_dt_jump,19,850,4,13,2,0.21052631578947367,0.6842105263157895,0.10526315789473684,0.47368421052631576,0.3684210526315789,0.15789473684210525,0.0
2116,2,soft_state_jump,8,100,2,5,1,0.25,0.625,0.125,0.25,0.625,0.0,0.0
2117,2,soft_side_flip_with_dt_jump,9,260,4,4,1,0.4444444444444444,0.4444444444444444,0.1111111111111111,0.1111111111111111,0.5555555555555556,0.0,0.0
2118,2,soft_dt_jump,10,270,4,4,2,0.4,0.4,0.2,0.2,0.6,0.1,0.0
2119,2,soft_dt_jump,8,180,4,4,0,0.5,0.5,0.0,0.25,0.75,0.0,0.0
2120,1,soft_dt_jump,31,700,14,14,3,0.45161290322580644,0.45161290322580644,0.0967741935483871,0.3225806451612903,0.45161290322580644,0.12903225806451613,0.0
2121,0,soft_dt_jump,33,160,27,5,1,0.8181818181818182,0.15151515151515152,0.030303030303030304,0.8484848484848485,0.030303030303030304,0.8181818181818182,0.0
2122,0,soft_dt_jump,64,790,43,19,2,0.671875,0.296875,0.03125,0.84375,0.125,0.703125,0.0
2123,0,max_events_per_episode,64,0,64,0,0,1.0,0.0,0.0,1.0,0.0,1.0,0.0
2124,0,max_events_per_episode,64,0,64,0,0,1.0,0.0,0.0,1.0,0.0,1.0,0.0
2125,2,max_events_per_episode,9,460,3,5,1,0.3333333333333333,0.5555555555555556,0.1111111111111111,0.2222222222222222,0.6666666666666666,0.0,0.0
2126,0,soft_dt_jump,29,310,23,6,0,0.7931034482758621,0.20689655172413793,0.0,0.8620689655172413,0.13793103448275862,0.7931034482758621,0.0
2127,1,soft_dt_jump,39,1590,10,24,5,0.2564102564102564,0.6153846153846154,0.1282051282051282,0.6410256410256411,0.23076923076923078,0.28205128205128205,0.0
2128,2,soft_dt_jump,13,210,5,8,0,0.38461538461538464,0.6153846153846154,0.0,0.6153846153846154,0.38461538461538464,0.5384615384615384,0.0
2129,2,soft_state_jump,16,590,5,11,0,0.3125,0.6875,0.0,0.0625,0.5,0.0625,0.0
2130,1,soft_dt_jump,64,3120,12,43,9,0.1875,0.671875,0.140625,0.296875,0.359375,0.09375,0.0
2131,1,max_events_per_episode,27,790,5,20,2,0.18518518518518517,0.7407407407407407,0.07407407407407407,0.4444444444444444,0.2962962962962963,0.2222222222222222,0.0
2132,2,soft_dt_jump,29,790,7,19,3,0.2413793103448276,0.6551724137931034,0.10344827586206896,0.27586206896551724,0.5517241379310345,0.10344827586206896,0.0
2133,6,soft_side_flip_with_dt_jump,23,920,8,14,1,0.34782608695652173,0.6086956521739131,0.043478260869565216,0.7391304347826086,0.17391304347826086,0.43478260869565216,0.0
2134,0,soft_dt_jump,10,50,6,4,0,0.6,0.4,0.0,0.8,0.1,0.8,0.0
2135,7,soft_dt_jump,25,110,22,2,1,0.88,0.08,0.04,0.0,0.92,0.0,0.0
2136,0,soft_dt_jump,27,690,18,9,0,0.6666666666666666,0.3333333333333333,0.0,0.7407407407407407,0.18518518518518517,0.6666666666666666,0.0
2137,6,soft_dt_jump,20,650,7,10,3,0.35,0.5,0.15,0.7,0.05,0.5,0.0
2138,6,soft_dt_jump,11,430,3,8,0,0.2727272727272727,0.7272727272727273,0.0,0.7272727272727273,0.18181818181818182,0.5454545454545454,0.0
2139,7,soft_state_jump,8,30,4,3,1,0.5,0.375,0.125,0.375,0.5,0.25,0.0
2140,2,soft_dt_jump,11,360,4,5,2,0.36363636363636365,0.45454545454545453,0.18181818181818182,0.5454545454545454,0.2727272727272727,0.45454545454545453,0.0
2141,2,soft_dt_jump,21,360,4,15,2,0.19047619047619047,0.7142857142857143,0.09523809523809523,0.47619047619047616,0.2857142857142857,0.2857142857142857,0.0
2142,2,soft_dt_jump,17,150,6,11,0,0.35294117647058826,0.6470588235294118,0.0,0.23529411764705882,0.7647058823529411,0.17647058823529413,0.0
2143,3,soft_dt_jump,9,120,1,5,3,0.1111111111111111,0.5555555555555556,0.3333333333333333,0.3333333333333333,0.2222222222222222,0.3333333333333333,0.0
2144,7,soft_dt_jump,22,540,12,9,1,0.5454545454545454,0.4090909090909091,0.045454545454545456,0.2727272727272727,0.6818181818181818,0.13636363636363635,0.0
2145,2,soft_dt_jump,20,530,6,12,2,0.3,0.6,0.1,0.2,0.3,0.1,0.0
2146,2,soft_dt_jump,15,270,6,9,0,0.4,0.6,0.0,0.5333333333333333,0.4,0.4666666666666667,0.0
2147,5,soft_dt_jump,18,470,3,11,4,0.16666666666666666,0.6111111111111112,0.2222222222222222,0.3333333333333333,0.0,0.2222222222222222,0.4444444444444444
2148,5,soft_dt_jump,26,810,9,14,3,0.34615384615384615,0.5384615384615384,0.11538461538461539,0.34615384615384615,0.2692307692307692,0.23076923076923078,0.19230769230769232
2149,5,soft_dt_jump,17,520,3,10,4,0.17647058823529413,0.5882352941176471,0.23529411764705882,0.11764705882352941,0.058823529411764705,0.058823529411764705,0.5882352941176471
2150,5,soft_dt_jump,17,710,4,12,1,0.23529411764705882,0.7058823529411765,0.058823529411764705,0.5294117647058824,0.0,0.35294117647058826,0.35294117647058826
2151,5,soft_dt_jump,14,230,8,6,0,0.5714285714285714,0.42857142857142855,0.0,0.7142857142857143,0.0,0.42857142857142855,0.2857142857142857
2152,1,soft_dt_jump,37,930,10,21,6,0.2702702702702703,0.5675675675675675,0.16216216216216217,0.8108108108108109,0.02702702702702703,0.4594594594594595,0.0
2153,6,soft_dt_jump,30,570,15,15,0,0.5,0.5,0.0,0.5,0.4666666666666667,0.3,0.0
2154,6,soft_dt_jump,25,1210,10,13,2,0.4,0.52,0.08,0.8,0.08,0.52,0.0
2155,2,soft_dt_jump,11,200,3,5,3,0.2727272727272727,0.45454545454545453,0.2727272727272727,0.18181818181818182,0.45454545454545453,0.09090909090909091,0.0
2156,1,soft_dt_jump,47,1350,10,31,6,0.2127659574468085,0.6595744680851063,0.1276595744680851,0.44680851063829785,0.3191489361702128,0.2553191489361702,0.0
2157,1,soft_dt_jump,31,1210,2,20,9,0.06451612903225806,0.6451612903225806,0.2903225806451613,0.3870967741935484,0.1935483870967742,0.0967741935483871,0.0
2158,6,soft_state_jump,35,930,12,22,1,0.34285714285714286,0.6285714285714286,0.02857142857142857,0.9428571428571428,0.0,0.6285714285714286,0.0
2159,0,soft_dt_jump,13,0,12,1,0,0.9230769230769231,0.07692307692307693,0.0,1.0,0.0,0.3076923076923077,0.0
2160,6,soft_dt_jump,22,570,8,11,3,0.36363636363636365,0.5,0.13636363636363635,0.7727272727272727,0.09090909090909091,0.5,0.0
2161,6,soft_dt_jump,8,30,4,4,0,0.5,0.5,0.0,1.0,0.0,0.0,0.0
2162,2,soft_dt_jump,8,130,2,5,1,0.25,0.625,0.125,0.75,0.125,0.375,0.0
2163,6,soft_dt_jump,8,110,3,4,1,0.375,0.5,0.125,0.75,0.125,0.625,0.0
2164,2,soft_dt_jump,19,410,4,14,1,0.21052631578947367,0.7368421052631579,0.05263157894736842,0.8421052631578947,0.10526315789473684,0.3157894736842105,0.0
2165,2,soft_dt_jump,19,860,4,13,2,0.21052631578947367,0.6842105263157895,0.10526315789473684,0.631578947368421,0.15789473684210525,0.3684210526315789,0.0
2166,2,soft_dt_jump,13,260,5,8,0,0.38461538461538464,0.6153846153846154,0.0,0.23076923076923078,0.6923076923076923,0.07692307692307693,0.0
2167,2,soft_dt_jump,13,260,2,10,1,0.15384615384615385,0.7692307692307693,0.07692307692307693,0.46153846153846156,0.46153846153846156,0.23076923076923078,0.0
2168,2,soft_dt_jump,20,890,3,15,2,0.15,0.75,0.1,0.45,0.4,0.25,0.0
2169,2,soft_dt_jump,14,450,5,8,1,0.35714285714285715,0.5714285714285714,0.07142857142857142,0.2857142857142857,0.5714285714285714,0.14285714285714285,0.0
2170,2,soft_dt_jump,21,650,5,15,1,0.23809523809523808,0.7142857142857143,0.047619047619047616,0.2857142857142857,0.5714285714285714,0.09523809523809523,0.0
2171,2,soft_dt_jump,9,340,3,6,0,0.3333333333333333,0.6666666666666666,0.0,0.3333333333333333,0.5555555555555556,0.2222222222222222,0.0
2172,2,soft_dt_jump,24,730,7,14,3,0.2916666666666667,0.5833333333333334,0.125,0.2916666666666667,0.5416666666666666,0.16666666666666666,0.0
2173,6,soft_dt_jump,8,190,3,4,1,0.375,0.5,0.125,0.5,0.375,0.5,0.0
2174,2,soft_dt_jump,19,660,6,12,1,0.3157894736842105,0.631578947368421,0.05263157894736842,0.2631578947368421,0.631578947368421,0.0,0.0
2175,1,soft_dt_jump,35,1130,9,23,3,0.2571428571428571,0.6571428571428571,0.08571428571428572,0.42857142857142855,0.34285714285714286,0.2857142857142857,0.0
2176,2,soft_dt_jump,31,620,8,21,2,0.25806451612903225,0.6774193548387096,0.06451612903225806,0.2903225806451613,0.6129032258064516,0.03225806451612903,0.0
2177,1,soft_dt_jump,27,610,11,12,4,0.4074074074074074,0.4444444444444444,0.14814814814814814,0.5925925925925926,0.2222222222222222,0.4444444444444444,0.0
2178,2,soft_dt_jump,10,130,4,6,0,0.4,0.6,0.0,0.5,0.5,0.3,0.0
2179,1,soft_dt_jump,64,1850,18,40,6,0.28125,0.625,0.09375,0.484375,0.34375,0.296875,0.0
2180,2,max_events_per_episode,43,1250,13,30,0,0.3023255813953488,0.6976744186046512,0.0,0.4186046511627907,0.5116279069767442,0.20930232558139536,0.0
2181,7,soft_dt_jump,18,170,13,5,0,0.7222222222222222,0.2777777777777778,0.0,0.1111111111111111,0.8888888888888888,0.0,0.0
2182,2,soft_dt_jump,8,210,2,5,1,0.25,0.625,0.125,0.375,0.5,0.25,0.0
2183,7,soft_dt_jump,10,50,7,2,1,0.7,0.2,0.1,0.0,0.9,0.0,0.0
2184,2,soft_dt_jump,30,600,12,16,2,0.4,0.5333333333333333,0.06666666666666667,0.23333333333333334,0.6333333333333333,0.06666666666666667,0.0
2185,2,soft_dt_jump,9,180,2,7,0,0.2222222222222222,0.7777777777777778,0.0,0.3333333333333333,0.6666666666666666,0.0,0.0
2186,2,soft_side_flip_with_dt_jump,15,470,3,12,0,0.2,0.8,0.0,0.4,0.4,0.2,0.0
2187,2,soft_dt_jump,16,630,1,14,1,0.0625,0.875,0.0625,0.5,0.3125,0.3125,0.0
2188,1,soft_state_jump,61,2350,13,45,3,0.21311475409836064,0.7377049180327869,0.04918032786885246,0.9180327868852459,0.01639344262295082,0.4426229508196721,0.0
2189,6,soft_dt_jump,13,350,4,7,2,0.3076923076923077,0.5384615384615384,0.15384615384615385,0.8461538461538461,0.0,0.46153846153846156,0.0
2190,1,soft_dt_jump,42,1110,9,31,2,0.21428571428571427,0.7380952380952381,0.047619047619047616,0.9523809523809523,0.0,0.5238095238095238,0.0
2191,0,soft_dt_jump,20,30,14,6,0,0.7,0.3,0.0,0.9,0.05,0.7,0.0
2192,0,soft_dt_jump,13,0,11,2,0,0.8461538461538461,0.15384615384615385,0.0,1.0,0.0,0.8461538461538461,0.0
2193,0,soft_dt_jump,9,10,5,4,0,0.5555555555555556,0.4444444444444444,0.0,1.0,0.0,0.5555555555555556,0.0
2194,4,soft_dt_jump,11,20,5,5,1,0.45454545454545453,0.45454545454545453,0.09090909090909091,0.7272727272727273,0.18181818181818182,0.36363636363636365,0.0
2195,4,soft_dt_jump,8,0,4,4,0,0.5,0.5,0.0,1.0,0.0,0.125,0.0
2196,1,soft_dt_jump,64,2720,7,46,11,0.109375,0.71875,0.171875,0.765625,0.03125,0.546875,0.0
2197,6,max_events_per_episode,9,520,5,3,1,0.5555555555555556,0.3333333333333333,0.1111111111111111,0.7777777777777778,0.1111111111111111,0.4444444444444444,0.0
2198,0,soft_dt_jump,64,1380,31,32,1,0.484375,0.5,0.015625,0.921875,0.03125,0.71875,0.0
2199,0,max_events_per_episode,9,150,6,2,1,0.6666666666666666,0.2222222222222222,0.1111111111111111,0.8888888888888888,0.0,0.7777777777777778,0.0
2200,1,soft_dt_jump,63,2170,12,48,3,0.19047619047619047,0.7619047619047619,0.047619047619047616,0.8095238095238095,0.06349206349206349,0.4126984126984127,0.0
2201,1,soft_dt_jump,44,1720,3,31,10,0.06818181818181818,0.7045454545454546,0.22727272727272727,0.6590909090909091,0.06818181818181818,0.4318181818181818,0.0
2202,0,soft_side_flip_with_dt_jump,25,0,24,1,0,0.96,0.04,0.0,1.0,0.0,1.0,0.0
2203,1,soft_dt_jump,45,1420,11,28,6,0.24444444444444444,0.6222222222222222,0.13333333333333333,0.8,0.022222222222222223,0.5111111111111111,0.0
2204,2,soft_state_jump,17,550,4,13,0,0.23529411764705882,0.7647058823529411,0.0,0.35294117647058826,0.47058823529411764,0.058823529411764705,0.0
2205,1,soft_dt_jump,43,1120,12,25,6,0.27906976744186046,0.5813953488372093,0.13953488372093023,0.23255813953488372,0.5348837209302325,0.06976744186046512,0.0
2206,2,soft_dt_jump,13,260,4,6,3,0.3076923076923077,0.46153846153846156,0.23076923076923078,0.07692307692307693,0.6923076923076923,0.0,0.0
2207,1,soft_dt_jump,53,1450,16,35,2,0.3018867924528302,0.660377358490566,0.03773584905660377,0.5094339622641509,0.3018867924528302,0.2830188679245283,0.0
2208,1,soft_dt_jump,64,2610,11,46,7,0.171875,0.71875,0.109375,0.34375,0.4375,0.125,0.0
2209,2,max_events_per_episode,30,740,9,21,0,0.3,0.7,0.0,0.26666666666666666,0.6333333333333333,0.1,0.0
2210,1,soft_side_flip_with_dt_jump,31,1040,10,19,2,0.3225806451612903,0.6129032258064516,0.06451612903225806,0.4838709677419355,0.45161290322580644,0.25806451612903225,0.0
2211,2,soft_dt_jump,10,180,4,6,0,0.4,0.6,0.0,0.2,0.8,0.1,0.0
2212,2,soft_dt_jump,8,260,1,4,3,0.125,0.5,0.375,0.25,0.375,0.125,0.0
2213,2,soft_dt_jump,22,1040,4,17,1,0.18181818181818182,0.7727272727272727,0.045454545454545456,0.5454545454545454,0.4090909090909091,0.3181818181818182,0.0
2214,0,soft_dt_jump,19,160,14,5,0,0.7368421052631579,0.2631578947368421,0.0,0.8421052631578947,0.10526315789473684,0.7894736842105263,0.0
2215,6,soft_dt_jump,14,390,6,7,1,0.42857142857142855,0.5,0.07142857142857142,0.7142857142857143,0.14285714285714285,0.6428571428571429,0.0
2216,7,soft_dt_jump,54,930,38,13,3,0.7037037037037037,0.24074074074074073,0.05555555555555555,0.2222222222222222,0.7222222222222222,0.1111111111111111,0.0
2217,1,soft_dt_jump,64,2860,7,50,7,0.109375,0.78125,0.109375,0.859375,0.0,0.359375,0.0
2218,1,max_events_per_episode,26,970,4,19,3,0.15384615384615385,0.7307692307692307,0.11538461538461539,0.8846153846153846,0.0,0.5769230769230769,0.0
2219,1,soft_dt_jump,31,1160,6,23,2,0.1935483870967742,0.7419354838709677,0.06451612903225806,0.8064516129032258,0.0967741935483871,0.4838709677419355,0.0
2220,6,soft_dt_jump,20,450,7,11,2,0.35,0.55,0.1,0.8,0.1,0.6,0.0
2221,1,soft_dt_jump,38,740,10,26,2,0.2631578947368421,0.6842105263157895,0.05263157894736842,0.8421052631578947,0.05263157894736842,0.5263157894736842,0.0
2222,1,soft_dt_jump,29,1150,5,22,2,0.1724137931034483,0.7586206896551724,0.06896551724137931,0.9310344827586207,0.0,0.5862068965517241,0.0
2223,2,soft_dt_jump,21,1050,5,15,1,0.23809523809523808,0.7142857142857143,0.047619047619047616,0.6190476190476191,0.3333333333333333,0.2857142857142857,0.0
2224,6,soft_state_jump,21,910,8,10,3,0.38095238095238093,0.47619047619047616,0.14285714285714285,0.7619047619047619,0.09523809523809523,0.47619047619047616,0.0
2225,1,soft_dt_jump,27,1490,6,17,4,0.2222222222222222,0.6296296296296297,0.14814814814814814,0.5185185185185185,0.18518518518518517,0.3333333333333333,0.0
2226,0,soft_dt_jump,27,80,22,5,0,0.8148148148148148,0.18518518518518517,0.0,1.0,0.0,0.8888888888888888,0.0
2227,1,soft_dt_jump,64,2580,5,45,14,0.078125,0.703125,0.21875,0.609375,0.125,0.265625,0.0
2228,2,max_events_per_episode,17,510,3,12,2,0.17647058823529413,0.7058823529411765,0.11764705882352941,0.6470588235294118,0.17647058823529413,0.4117647058823529,0.0
2229,2,soft_state_jump,8,130,2,6,0,0.25,0.75,0.0,0.5,0.5,0.5,0.0
2230,6,soft_dt_jump,12,290,5,7,0,0.4166666666666667,0.5833333333333334,0.0,0.8333333333333334,0.16666666666666666,0.5,0.0
2231,1,soft_dt_jump,64,2900,11,49,4,0.171875,0.765625,0.0625,0.625,0.21875,0.359375,0.0
2232,6,max_events_per_episode,21,690,8,10,3,0.38095238095238093,0.47619047619047616,0.14285714285714285,0.6190476190476191,0.19047619047619047,0.42857142857142855,0.0
2233,0,soft_dt_jump,49,460,38,10,1,0.7755102040816326,0.20408163265306123,0.02040816326530612,0.8775510204081632,0.08163265306122448,0.7959183673469388,0.0
2234,0,soft_dt_jump,17,80,14,3,0,0.8235294117647058,0.17647058823529413,0.0,0.8823529411764706,0.11764705882352941,0.8823529411764706,0.0
2235,2,soft_dt_jump,8,210,2,6,0,0.25,0.75,0.0,0.5,0.5,0.25,0.0
2236,1,soft_dt_jump,34,1320,12,21,1,0.35294117647058826,0.6176470588235294,0.029411764705882353,0.4411764705882353,0.47058823529411764,0.20588235294117646,0.0
2237,1,soft_dt_jump,28,1090,6,19,3,0.21428571428571427,0.6785714285714286,0.10714285714285714,0.7857142857142857,0.07142857142857142,0.5357142857142857,0.0
2238,1,soft_dt_jump,39,1800,7,30,2,0.1794871794871795,0.7692307692307693,0.05128205128205128,0.6153846153846154,0.23076923076923078,0.2564102564102564,0.0
2239,1,soft_dt_jump,26,1050,3,22,1,0.11538461538461539,0.8461538461538461,0.038461538461538464,0.8076923076923077,0.15384615384615385,0.34615384615384615,0.0
2240,2,soft_dt_jump,8,150,2,6,0,0.25,0.75,0.0,0.75,0.25,0.375,0.0
2241,6,soft_dt_jump,16,260,7,8,1,0.4375,0.5,0.0625,0.75,0.1875,0.5625,0.0
2242,0,soft_dt_jump,46,580,34,12,0,0.7391304347826086,0.2608695652173913,0.0,0.9347826086956522,0.043478260869565216,0.8478260869565217,0.0
2243,4,soft_dt_jump,10,90,3,6,1,0.3,0.6,0.1,0.7,0.1,0.4,0.0
2244,1,soft_dt_jump,29,1150,7,18,4,0.2413793103448276,0.6206896551724138,0.13793103448275862,0.6551724137931034,0.1724137931034483,0.3793103448275862,0.0
2245,6,soft_dt_jump,15,670,5,9,1,0.3333333333333333,0.6,0.06666666666666667,0.8,0.13333333333333333,0.4666666666666667,0.0
2246,7,soft_state_jump,17,70,13,4,0,0.7647058823529411,0.23529411764705882,0.0,0.0,0.47058823529411764,0.0,0.0
2247,2,soft_dt_jump,21,440,5,12,4,0.23809523809523808,0.5714285714285714,0.19047619047619047,0.23809523809523808,0.42857142857142855,0.047619047619047616,0.0
2248,2,soft_dt_jump,27,1170,6,21,0,0.2222222222222222,0.7777777777777778,0.0,0.37037037037037035,0.48148148148148145,0.1111111111111111,0.0
2249,2,soft_side_flip_with_dt_jump,10,610,3,7,0,0.3,0.7,0.0,0.2,0.5,0.0,0.0
2250,2,soft_state_jump,15,250,5,8,2,0.3333333333333333,0.5333333333333333,0.13333333333333333,0.13333333333333333,0.6666666666666666,0.0,0.0
2251,0,soft_dt_jump,27,70,19,8,0,0.7037037037037037,0.2962962962962963,0.0,0.7037037037037037,0.2222222222222222,0.5925925925925926,0.0
2252,2,soft_dt_jump,21,730,8,13,0,0.38095238095238093,0.6190476190476191,0.0,0.14285714285714285,0.7619047619047619,0.047619047619047616,0.0
2253,2,soft_dt_jump,15,470,5,8,2,0.3333333333333333,0.5333333333333333,0.13333333333333333,0.3333333333333333,0.4666666666666667,0.13333333333333333,0.0
2254,7,soft_dt_jump,8,130,4,4,0,0.5,0.5,0.0,0.0,1.0,0.0,0.0
2255,0,soft_dt_jump,19,290,14,5,0,0.7368421052631579,0.2631578947368421,0.0,1.0,0.0,0.7894736842105263,0.0
2256,2,soft_dt_jump,9,220,3,6,0,0.3333333333333333,0.6666666666666666,0.0,0.2222222222222222,0.7777777777777778,0.1111111111111111,0.0
2257,1,soft_dt_jump,64,2330,14,45,5,0.21875,0.703125,0.078125,0.34375,0.4375,0.140625,0.0
2258,2,max_events_per_episode,8,90,3,5,0,0.375,0.625,0.0,0.125,0.75,0.125,0.0
2259,1,soft_dt_jump,55,2110,17,32,6,0.3090909090909091,0.5818181818181818,0.10909090909090909,0.21818181818181817,0.5454545454545454,0.05454545454545454,0.0
2260,1,soft_dt_jump,24,1180,4,17,3,0.16666666666666666,0.7083333333333334,0.125,0.2916666666666667,0.375,0.16666666666666666,0.0
2261,2,soft_dt_jump,31,1620,8,21,2,0.25806451612903225,0.6774193548387096,0.06451612903225806,0.2903225806451613,0.5483870967741935,0.12903225806451613,0.0
2262,2,soft_dt_jump,23,730,6,15,2,0.2608695652173913,0.6521739130434783,0.08695652173913043,0.34782608695652173,0.5217391304347826,0.13043478260869565,0.0
2263,2,soft_dt_jump,29,1100,8,19,2,0.27586206896551724,0.6551724137931034,0.06896551724137931,0.41379310344827586,0.4827586206896552,0.2413793103448276,0.0
2264,2,soft_dt_jump,27,870,10,15,2,0.37037037037037035,0.5555555555555556,0.07407407407407407,0.2962962962962963,0.5555555555555556,0.2222222222222222,0.0
2265,2,soft_dt_jump,9,630,3,6,0,0.3333333333333333,0.6666666666666666,0.0,0.5555555555555556,0.4444444444444444,0.2222222222222222,0.0
2266,7,soft_dt_jump,37,880,22,13,2,0.5945945945945946,0.35135135135135137,0.05405405405405406,0.16216216216216217,0.7297297297297297,0.05405405405405406,0.0
2267,2,soft_dt_jump,27,990,5,20,2,0.18518518518518517,0.7407407407407407,0.07407407407407407,0.2962962962962963,0.5185185185185185,0.1111111111111111,0.0
2268,2,soft_side_flip_with_dt_jump,26,1290,2,21,3,0.07692307692307693,0.8076923076923077,0.11538461538461539,0.5,0.38461538461538464,0.19230769230769232,0.0
2269,1,soft_state_jump,64,3540,3,52,9,0.046875,0.8125,0.140625,0.796875,0.015625,0.453125,0.0
2270,1,max_events_per_episode,28,1640,6,20,2,0.21428571428571427,0.7142857142857143,0.07142857142857142,0.6428571428571429,0.14285714285714285,0.5357142857142857,0.0
2271,1,soft_dt_jump,50,1860,11,37,2,0.22,0.74,0.04,0.82,0.1,0.56,0.0
2272,0,soft_dt_jump,27,190,25,2,0,0.9259259259259259,0.07407407407407407,0.0,1.0,0.0,1.0,0.0
2273,0,soft_dt_jump,23,550,13,8,2,0.5652173913043478,0.34782608695652173,0.08695652173913043,0.6956521739130435,0.17391304347826086,0.6086956521739131,0.0
2274,0,soft_dt_jump,27,440,17,10,0,0.6296296296296297,0.37037037037037035,0.0,0.9629629629629629,0.0,0.7777777777777778,0.0
2275,0,soft_dt_jump,19,20,16,3,0,0.8421052631578947,0.15789473684210525,0.0,0.9473684210526315,0.0,0.9473684210526315,0.0
2276,1,soft_dt_jump,26,1470,4,15,7,0.15384615384615385,0.5769230769230769,0.2692307692307692,0.5384615384615384,0.15384615384615385,0.4230769230769231,0.0
2277,2,soft_dt_jump,8,80,1,7,0,0.125,0.875,0.0,0.75,0.25,0.375,0.0
2278,0,soft_dt_jump,16,200,8,8,0,0.5,0.5,0.0,0.875,0.125,0.6875,0.0
2279,0,soft_dt_jump,24,840,13,10,1,0.5416666666666666,0.4166666666666667,0.041666666666666664,0.9583333333333334,0.0,0.75,0.0
2280,2,soft_dt_jump,41,1650,10,27,4,0.24390243902439024,0.6585365853658537,0.0975609756097561,0.2926829268292683,0.5121951219512195,0.07317073170731707,0.0
2281,2,soft_dt_jump,11,180,3,5,3,0.2727272727272727,0.45454545454545453,0.2727272727272727,0.09090909090909091,0.5454545454545454,0.0,0.0
2282,2,soft_dt_jump,20,730,7,9,4,0.35,0.45,0.2,0.25,0.55,0.1,0.0
2283,1,soft_dt_jump,31,1170,7,22,2,0.22580645161290322,0.7096774193548387,0.06451612903225806,0.7741935483870968,0.12903225806451613,0.5483870967741935,0.0
2284,6,soft_dt_jump,13,400,3,8,2,0.23076923076923078,0.6153846153846154,0.15384615384615385,0.8461538461538461,0.0,0.38461538461538464,0.0
2285,1,soft_dt_jump,39,1430,16,20,3,0.41025641025641024,0.5128205128205128,0.07692307692307693,0.9230769230769231,0.0,0.8205128205128205,0.0
2286,6,soft_dt_jump,20,440,6,11,3,0.3,0.55,0.15,0.65,0.15,0.45,0.0
2287,1,soft_dt_jump,56,2080,6,43,7,0.10714285714285714,0.7678571428571429,0.125,0.6071428571428571,0.19642857142857142,0.4107142857142857,0.0
2288,1,soft_state_jump,26,760,6,19,1,0.23076923076923078,0.7307692307692307,0.038461538461538464,0.8076923076923077,0.07692307692307693,0.6153846153846154,0.0
2289,2,soft_dt_jump,19,690,5,11,3,0.2631578947368421,0.5789473684210527,0.15789473684210525,0.47368421052631576,0.3157894736842105,0.3157894736842105,0.0
2290,6,soft_dt_jump,31,620,14,16,1,0.45161290322580644,0.5161290322580645,0.03225806451612903,0.8387096774193549,0.06451612903225806,0.6451612903225806,0.0
2291,6,soft_dt_jump,8,650,2,6,0,0.25,0.75,0.0,0.75,0.25,0.75,0.0
2292,1,soft_state_jump,38,1560,8,26,4,0.21052631578947367,0.6842105263157895,0.10526315789473684,0.5789473684210527,0.2894736842105263,0.4473684210526316,0.0
2293,1,soft_dt_jump,28,1290,3,22,3,0.10714285714285714,0.7857142857142857,0.10714285714285714,0.75,0.10714285714285714,0.5,0.0
2294,1,soft_state_jump,36,1200,14,21,1,0.3888888888888889,0.5833333333333334,0.027777777777777776,0.75,0.16666666666666666,0.6388888888888888,0.0
2295,1,soft_dt_jump,40,1750,7,25,8,0.175,0.625,0.2,0.625,0.1,0.5,0.0
2296,1,soft_dt_jump,58,2930,8,47,3,0.13793103448275862,0.8103448275862069,0.05172413793103448,0.7758620689655172,0.13793103448275862,0.4827586206896552,0.0
2297,1,soft_state_jump,28,1520,6,21,1,0.21428571428571427,0.75,0.03571428571428571,0.6785714285714286,0.21428571428571427,0.4642857142857143,0.0
2298,2,soft_dt_jump,14,710,0,12,2,0.0,0.8571428571428571,0.14285714285714285,0.6428571428571429,0.0,0.5,0.0
2299,0,soft_side_flip_with_dt_jump,11,50,7,4,0,0.6363636363636364,0.36363636363636365,0.0,0.7272727272727273,0.18181818181818182,0.6363636363636364,0.0
2300,2,soft_dt_jump,16,670,4,11,1,0.25,0.6875,0.0625,0.4375,0.375,0.375,0.0
2301,1,soft_dt_jump,64,2490,10,49,5,0.15625,0.765625,0.078125,0.59375,0.296875,0.390625,0.0
2302,2,max_events_per_episode,15,570,4,8,3,0.26666666666666666,0.5333333333333333,0.2,0.3333333333333333,0.4666666666666667,0.06666666666666667,0.0
2303,6,soft_dt_jump,8,80,3,5,0,0.375,0.625,0.0,0.75,0.25,0.75,0.0
2304,1,soft_dt_jump,19,670,3,13,3,0.15789473684210525,0.6842105263157895,0.15789473684210525,0.47368421052631576,0.21052631578947367,0.3157894736842105,0.0
2305,6,soft_dt_jump,21,760,6,15,0,0.2857142857142857,0.7142857142857143,0.0,0.8095238095238095,0.14285714285714285,0.42857142857142855,0.0
2306,1,soft_dt_jump,35,1010,8,22,5,0.22857142857142856,0.6285714285714286,0.14285714285714285,0.42857142857142855,0.3142857142857143,0.2857142857142857,0.0
2307,7,soft_dt_jump,34,680,16,12,6,0.47058823529411764,0.35294117647058826,0.17647058823529413,0.14705882352941177,0.6176470588235294,0.08823529411764706,0.0
2308,0,soft_dt_jump,28,370,22,4,2,0.7857142857142857,0.14285714285714285,0.07142857142857142,0.7857142857142857,0.14285714285714285,0.7857142857142857,0.0
2309,1,soft_dt_jump,22,1050,2,15,5,0.09090909090909091,0.6818181818181818,0.22727272727272727,0.5909090909090909,0.045454545454545456,0.45454545454545453,0.0
2310,1,soft_side_flip_with_dt_jump,44,2090,5,37,2,0.11363636363636363,0.8409090909090909,0.045454545454545456,0.7045454545454546,0.22727272727272727,0.4090909090909091,0.0
2311,0,soft_dt_jump,28,810,18,7,3,0.6428571428571429,0.25,0.10714285714285714,0.8214285714285714,0.07142857142857142,0.7142857142857143,0.0
2312,7,soft_dt_jump,16,110,11,5,0,0.6875,0.3125,0.0,0.125,0.8125,0.0625,0.0
2313,1,soft_dt_jump,23,1050,2,16,5,0.08695652173913043,0.6956521739130435,0.21739130434782608,0.5217391304347826,0.17391304347826086,0.30434782608695654,0.0
2314,2,soft_side_flip_with_dt_jump,12,750,2,7,3,0.16666666666666666,0.5833333333333334,0.25,0.5,0.25,0.25,0.0
2315,1,soft_state_jump,64,2380,14,44,6,0.21875,0.6875,0.09375,0.625,0.21875,0.40625,0.0
2316,2,max_events_per_episode,13,230,6,7,0,0.46153846153846156,0.5384615384615384,0.0,0.3076923076923077,0.6923076923076923,0.07692307692307693,0.0
2317,2,soft_dt_jump,18,730,6,8,4,0.3333333333333333,0.4444444444444444,0.2222222222222222,0.2777777777777778,0.4444444444444444,0.16666666666666666,0.0
2318,7,soft_dt_jump,18,270,9,9,0,0.5,0.5,0.0,0.3888888888888889,0.5555555555555556,0.2777777777777778,0.0
2319,1,soft_dt_jump,56,2240,11,36,9,0.19642857142857142,0.6428571428571429,0.16071428571428573,0.39285714285714285,0.375,0.25,0.0
2320,7,soft_side_flip_with_dt_jump,18,260,8,10,0,0.4444444444444444,0.5555555555555556,0.0,0.2777777777777778,0.7222222222222222,0.2222222222222222,0.0
2321,2,soft_dt_jump,23,880,7,13,3,0.30434782608695654,0.5652173913043478,0.13043478260869565,0.30434782608695654,0.5217391304347826,0.2608695652173913,0.0
2322,0,soft_dt_jump,41,220,33,8,0,0.8048780487804879,0.1951219512195122,0.0,0.926829268292683,0.04878048780487805,0.8536585365853658,0.0
2323,7,soft_dt_jump,18,80,16,2,0,0.8888888888888888,0.1111111111111111,0.0,0.05555555555555555,0.8888888888888888,0.0,0.0
2324,0,soft_dt_jump,8,230,5,3,0,0.625,0.375,0.0,0.875,0.125,0.875,0.0
2325,2,soft_dt_jump,22,830,3,16,3,0.13636363636363635,0.7272727272727273,0.13636363636363635,0.4090909090909091,0.36363636363636365,0.22727272727272727,0.0
2326,7,soft_state_jump,9,180,6,3,0,0.6666666666666666,0.3333333333333333,0.0,0.2222222222222222,0.7777777777777778,0.2222222222222222,0.0
2327,2,soft_dt_jump,10,410,2,6,2,0.2,0.6,0.2,0.4,0.4,0.1,0.0
2328,7,soft_dt_jump,11,10,7,3,1,0.6363636363636364,0.2727272727272727,0.09090909090909091,0.09090909090909091,0.8181818181818182,0.09090909090909091,0.0
2329,1,soft_dt_jump,54,2010,4,45,5,0.07407407407407407,0.8333333333333334,0.09259259259259259,0.5925925925925926,0.2777777777777778,0.3888888888888889,0.0
2330,6,soft_state_jump,19,470,8,10,1,0.42105263157894735,0.5263157894736842,0.05263157894736842,0.8947368421052632,0.0,0.631578947368421,0.0
2331,1,soft_dt_jump,34,1330,3,25,6,0.08823529411764706,0.7352941176470589,0.17647058823529413,0.7941176470588235,0.0,0.29411764705882354,0.0
2332,6,soft_dt_jump,13,160,4,8,1,0.3076923076923077,0.6153846153846154,0.07692307692307693,0.9230769230769231,0.0,0.7692307692307693,0.0
2333,0,soft_dt_jump,14,70,7,6,1,0.5,0.42857142857142855,0.07142857142857142,0.9285714285714286,0.0,0.8571428571428571,0.0
2334,0,soft_dt_jump,8,0,7,1,0,0.875,0.125,0.0,1.0,0.0,1.0,0.0
2335,0,soft_dt_jump,8,100,5,2,1,0.625,0.25,0.125,0.875,0.0,0.875,0.0
2336,1,soft_dt_jump,64,3180,4,46,14,0.0625,0.71875,0.21875,0.703125,0.03125,0.234375,0.0
2337,1,max_events_per_episode,29,1520,5,16,8,0.1724137931034483,0.5517241379310345,0.27586206896551724,0.5172413793103449,0.1724137931034483,0.20689655172413793,0.0
2338,7,soft_dt_jump,9,50,4,2,3,0.4444444444444444,0.2222222222222222,0.3333333333333333,0.1111111111111111,0.5555555555555556,0.0,0.0
2339,1,soft_dt_jump,26,1520,3,23,0,0.11538461538461539,0.8846153846153846,0.0,1.0,0.0,0.5384615384615384,0.0
2340,1,soft_dt_jump,18,570,4,10,4,0.2222222222222222,0.5555555555555556,0.2222222222222222,0.6111111111111112,0.1111111111111111,0.3333333333333333,0.0
2341,0,soft_dt_jump,57,850,38,18,1,0.6666666666666666,0.3157894736842105,0.017543859649122806,0.9122807017543859,0.05263157894736842,0.7192982456140351,0.0
2342,2,soft_dt_jump,11,210,2,8,1,0.18181818181818182,0.7272727272727273,0.09090909090909091,0.8181818181818182,0.09090909090909091,0.36363636363636365,0.0
2343,6,soft_dt_jump,8,220,1,5,2,0.125,0.625,0.25,0.75,0.0,0.5,0.0
2344,2,soft_dt_jump,14,340,2,12,0,0.14285714285714285,0.8571428571428571,0.0,0.7142857142857143,0.21428571428571427,0.2857142857142857,0.0
2345,6,soft_state_jump,16,420,8,7,1,0.5,0.4375,0.0625,0.6875,0.25,0.5,0.0
2346,1,soft_dt_jump,31,730,8,19,4,0.25806451612903225,0.6129032258064516,0.12903225806451613,0.7096774193548387,0.03225806451612903,0.4838709677419355,0.0
2347,1,soft_dt_jump,27,1600,2,21,4,0.07407407407407407,0.7777777777777778,0.14814814814814814,0.7037037037037037,0.0,0.14814814814814814,0.0
2348,1,soft_state_jump,64,3740,12,40,12,0.1875,0.625,0.1875,0.265625,0.375,0.15625,0.0
2349,1,max_events_per_episode,42,1960,11,27,4,0.2619047619047619,0.6428571428571429,0.09523809523809523,0.2857142857142857,0.40476190476190477,0.19047619047619047,0.0
2350,2,soft_dt_jump,9,180,3,4,2,0.3333333333333333,0.4444444444444444,0.2222222222222222,0.2222222222222222,0.4444444444444444,0.1111111111111111,0.0
2351,3,soft_dt_jump,15,640,4,6,5,0.26666666666666666,0.4,0.3333333333333333,0.06666666666666667,0.4,0.0,0.0
2352,7,soft_dt_jump,9,40,6,3,0,0.6666666666666666,0.3333333333333333,0.0,0.1111111111111111,0.5555555555555556,0.0,0.0
2353,2,soft_dt_jump,18,600,6,12,0,0.3333333333333333,0.6666666666666666,0.0,0.2222222222222222,0.6111111111111112,0.16666666666666666,0.0
2354,1,soft_dt_jump,29,1020,5,21,3,0.1724137931034483,0.7241379310344828,0.10344827586206896,0.2413793103448276,0.41379310344827586,0.13793103448275862,0.0
2355,6,soft_state_jump,15,500,3,11,1,0.2,0.7333333333333333,0.06666666666666667,0.7333333333333333,0.13333333333333333,0.3333333333333333,0.0
2356,1,soft_dt_jump,64,2750,9,48,7,0.140625,0.75,0.109375,0.765625,0.046875,0.4375,0.0
2357,1,max_events_per_episode,26,1130,6,19,1,0.23076923076923078,0.7307692307692307,0.038461538461538464,0.8461538461538461,0.07692307692307693,0.4230769230769231,0.0
2358,1,soft_dt_jump,39,2620,6,27,6,0.15384615384615385,0.6923076923076923,0.15384615384615385,0.6410256410256411,0.1282051282051282,0.3076923076923077,0.0
2359,1,soft_side_flip_with_dt_jump,23,1420,2,16,5,0.08695652173913043,0.6956521739130435,0.21739130434782608,0.4782608695652174,0.21739130434782608,0.13043478260869565,0.0
2360,1,soft_state_jump,35,1930,4,25,6,0.11428571428571428,0.7142857142857143,0.17142857142857143,0.5142857142857142,0.2,0.11428571428571428,0.0
2361,2,soft_side_flip_with_dt_jump,10,360,2,7,1,0.2,0.7,0.1,0.6,0.2,0.3,0.0
2362,6,soft_dt_jump,13,360,6,5,2,0.46153846153846156,0.38461538461538464,0.15384615384615385,0.5384615384615384,0.3076923076923077,0.38461538461538464,0.0
2363,1,soft_dt_jump,64,3290,11,47,6,0.171875,0.734375,0.09375,0.625,0.203125,0.25,0.0
2364,6,max_events_per_episode,17,790,4,13,0,0.23529411764705882,0.7647058823529411,0.0,0.8235294117647058,0.11764705882352941,0.4117647058823529,0.0
2365,1,soft_dt_jump,60,2260,12,38,10,0.2,0.6333333333333333,0.16666666666666666,0.5666666666666667,0.18333333333333332,0.3333333333333333,0.0
2366,1,soft_dt_jump,29,1770,5,18,6,0.1724137931034483,0.6206896551724138,0.20689655172413793,0.41379310344827586,0.3103448275862069,0.20689655172413793,0.0
2367,2,soft_state_jump,11,280,2,7,2,0.18181818181818182,0.6363636363636364,0.18181818181818182,0.6363636363636364,0.18181818181818182,0.36363636363636365,0.0
2368,1,soft_dt_jump,31,2020,4,21,6,0.12903225806451613,0.6774193548387096,0.1935483870967742,0.5483870967741935,0.1935483870967742,0.1935483870967742,0.0
2369,6,soft_state_jump,11,310,5,6,0,0.45454545454545453,0.5454545454545454,0.0,0.7272727272727273,0.18181818181818182,0.6363636363636364,0.0
2370,6,soft_dt_jump,22,940,9,9,4,0.4090909090909091,0.4090909090909091,0.18181818181818182,0.7727272727272727,0.0,0.6363636363636364,0.0
2371,6,soft_dt_jump,12,480,3,8,1,0.25,0.6666666666666666,0.08333333333333333,0.75,0.16666666666666666,0.5,0.0
2372,0,soft_dt_jump,16,90,14,2,0,0.875,0.125,0.0,1.0,0.0,1.0,0.0
2373,1,soft_dt_jump,64,2760,23,35,6,0.359375,0.546875,0.09375,0.609375,0.203125,0.46875,0.0
2374,0,max_events_per_episode,29,0,29,0,0,1.0,0.0,0.0,1.0,0.0,1.0,0.0
2375,1,soft_dt_jump,64,3140,7,40,17,0.109375,0.625,0.265625,0.5625,0.171875,0.359375,0.0
2376,6,max_events_per_episode,20,990,4,13,3,0.2,0.65,0.15,0.7,0.0,0.65,0.0
2377,1,soft_dt_jump,25,870,4,17,4,0.16,0.68,0.16,0.44,0.32,0.08,0.0
2378,2,soft_dt_jump,11,230,3,7,1,0.2727272727272727,0.6363636363636364,0.09090909090909091,0.36363636363636365,0.5454545454545454,0.18181818181818182,0.0
2379,2,soft_dt_jump,23,710,6,15,2,0.2608695652173913,0.6521739130434783,0.08695652173913043,0.43478260869565216,0.43478260869565216,0.17391304347826086,0.0
2380,0,soft_dt_jump,19,110,15,3,1,0.7894736842105263,0.15789473684210525,0.05263157894736842,0.8947368421052632,0.05263157894736842,0.8947368421052632,0.0
2381,1,soft_dt_jump,23,830,3,15,5,0.13043478260869565,0.6521739130434783,0.21739130434782608,0.43478260869565216,0.2608695652173913,0.34782608695652173,0.0
2382,2,soft_dt_jump,17,960,2,14,1,0.11764705882352941,0.8235294117647058,0.058823529411764705,0.6470588235294118,0.17647058823529413,0.47058823529411764,0.0
2383,1,soft_side_flip_with_dt_jump,52,2050,7,40,5,0.1346153846153846,0.7692307692307693,0.09615384615384616,0.5384615384615384,0.3076923076923077,0.23076923076923078,0.0
2384,6,soft_dt_jump,20,440,10,9,1,0.5,0.45,0.05,0.65,0.2,0.5,0.0
2385,1,soft_dt_jump,34,1420,9,21,4,0.2647058823529412,0.6176470588235294,0.11764705882352941,0.29411764705882354,0.5,0.17647058823529413,0.0
2386,2,soft_dt_jump,15,370,5,10,0,0.3333333333333333,0.6666666666666666,0.0,0.3333333333333333,0.6,0.2,0.0
2387,2,soft_dt_jump,28,860,7,18,3,0.25,0.6428571428571429,0.10714285714285714,0.35714285714285715,0.4642857142857143,0.14285714285714285,0.0
2388,2,soft_dt_jump,10,260,4,6,0,0.4,0.6,0.0,0.2,0.8,0.1,0.0
2389,2,soft_dt_jump,9,600,1,7,1,0.1111111111111111,0.7777777777777778,0.1111111111111111,0.6666666666666666,0.2222222222222222,0.4444444444444444,0.0
2390,1,soft_state_jump,34,1530,8,22,4,0.23529411764705882,0.6470588235294118,0.11764705882352941,0.4411764705882353,0.3235294117647059,0.23529411764705882,0.0
2391,2,soft_dt_jump,11,310,2,7,2,0.18181818181818182,0.6363636363636364,0.18181818181818182,0.36363636363636365,0.36363636363636365,0.0,0.0
2392,2,soft_dt_jump,12,360,1,8,3,0.08333333333333333,0.6666666666666666,0.25,0.5833333333333334,0.16666666666666666,0.08333333333333333,0.0
2393,2,soft_dt_jump,12,490,4,6,2,0.3333333333333333,0.5,0.16666666666666666,0.5,0.3333333333333333,0.3333333333333333,0.0
2394,2,soft_dt_jump,9,180,2,5,2,0.2222222222222222,0.5555555555555556,0.2222222222222222,0.2222222222222222,0.4444444444444444,0.1111111111111111,0.0
2395,7,soft_dt_jump,15,200,10,5,0,0.6666666666666666,0.3333333333333333,0.0,0.06666666666666667,0.9333333333333333,0.06666666666666667,0.0
2396,2,soft_dt_jump,13,410,5,8,0,0.38461538461538464,0.6153846153846154,0.0,0.23076923076923078,0.6923076923076923,0.15384615384615385,0.0
2397,1,soft_dt_jump,26,930,8,13,5,0.3076923076923077,0.5,0.19230769230769232,0.19230769230769232,0.5384615384615384,0.15384615384615385,0.0
2398,7,soft_dt_jump,13,340,8,4,1,0.6153846153846154,0.3076923076923077,0.07692307692307693,0.15384615384615385,0.7692307692307693,0.07692307692307693,0.0
2399,7,soft_dt_jump,33,390,25,8,0,0.7575757575757576,0.24242424242424243,0.0,0.15151515151515152,0.8484848484848485,0.12121212121212122,0.0
2400,1,soft_dt_jump,53,2200,3,46,4,0.05660377358490566,0.8679245283018868,0.07547169811320754,0.3018867924528302,0.5471698113207547,0.20754716981132076,0.0
2401,3,soft_dt_jump,14,480,1,4,9,0.07142857142857142,0.2857142857142857,0.4,0.14285714285714285,0.14285714285714285,0.07142857142857142,0.0
2402,0,soft_dt_jump,23,380,14,7,2,0.6086956521739131,0.30434782608695654,0.08695652173913043,0.9130434782608695,0.0,0.7391304347826086,0.0
2403,1,soft_dt_jump,30,1870,4,20,6,0.13333333333333333,0.6666666666666666,0.2,0.7333333333333333,0.06666666666666667,0.36666666666666664,0.0
2404,1,soft_state_jump,47,2850,2,35,10,0.0425531914893617,0.7446808510638298,0.2127659574468085,0.6808510638297872,0.06382978723404255,0.23404255319148937,0.0
2405,1,soft_state_jump,19,460,0,11,8,0.0,0.5789473684210527,0.4,0.5263157894736842,0.0,0.3157894736842105,0.0
2406,7,soft_dt_jump,11,210,5,4,2,0.45454545454545453,0.36363636363636365,0.18181818181818182,0.09090909090909091,0.7272727272727273,0.09090909090909091,0.0
2407,1,soft_dt_jump,39,1890,9,24,6,0.23076923076923078,0.6153846153846154,0.15384615384615385,0.6153846153846154,0.1794871794871795,0.38461538461538464,0.0
2408,2,soft_state_jump,14,550,6,5,3,0.42857142857142855,0.35714285714285715,0.21428571428571427,0.2857142857142857,0.5,0.07142857142857142,0.0
2409,2,soft_dt_jump,14,710,7,7,0,0.5,0.5,0.0,0.5,0.5,0.2857142857142857,0.0
2410,1,soft_dt_jump,34,1460,5,21,8,0.14705882352941177,0.6176470588235294,0.23529411764705882,0.5,0.17647058823529413,0.23529411764705882,0.0
2411,2,soft_state_jump,23,1040,2,18,3,0.08695652173913043,0.782608695652174,0.13043478260869565,0.6086956521739131,0.17391304347826086,0.21739130434782608,0.0
2412,1,soft_dt_jump,31,1500,5,20,6,0.16129032258064516,0.6451612903225806,0.1935483870967742,0.5483870967741935,0.1935483870967742,0.25806451612903225,0.0
2413,7,soft_state_jump,11,140,6,5,0,0.5454545454545454,0.45454545454545453,0.0,0.18181818181818182,0.6363636363636364,0.09090909090909091,0.0
2414,1,soft_dt_jump,29,1290,6,17,6,0.20689655172413793,0.5862068965517241,0.20689655172413793,0.27586206896551724,0.4827586206896552,0.10344827586206896,0.0
2415,7,soft_side_flip_with_dt_jump,10,120,6,3,1,0.6,0.3,0.1,0.0,0.9,0.0,0.0
2416,7,soft_dt_jump,29,390,19,8,2,0.6551724137931034,0.27586206896551724,0.06896551724137931,0.2413793103448276,0.6896551724137931,0.1724137931034483,0.0
2417,0,soft_dt_jump,22,190,17,5,0,0.7727272727272727,0.22727272727272727,0.0,0.9090909090909091,0.09090909090909091,0.8636363636363636,0.0
2418,2,soft_dt_jump,17,570,6,9,2,0.35294117647058826,0.5294117647058824,0.11764705882352941,0.5882352941176471,0.29411764705882354,0.29411764705882354,0.0
2419,0,soft_dt_jump,13,180,8,3,2,0.6153846153846154,0.23076923076923078,0.15384615384615385,0.6923076923076923,0.15384615384615385,0.6923076923076923,0.0
2420,1,soft_dt_jump,42,1840,8,28,6,0.19047619047619047,0.6666666666666666,0.14285714285714285,0.6190476190476191,0.16666666666666666,0.40476190476190477,0.0
2421,1,soft_dt_jump,31,1540,5,20,6,0.16129032258064516,0.6451612903225806,0.1935483870967742,0.5161290322580645,0.1935483870967742,0.1935483870967742,0.0
2422,1,soft_dt_jump,64,3860,8,44,12,0.125,0.6875,0.1875,0.453125,0.234375,0.140625,0.0
2423,1,max_events_per_episode,25,1090,3,17,5,0.12,0.68,0.2,0.44,0.32,0.12,0.0
2424,2,soft_dt_jump,12,370,4,6,2,0.3333333333333333,0.5,0.16666666666666666,0.08333333333333333,0.6666666666666666,0.08333333333333333,0.0
2425,1,soft_dt_jump,41,2210,6,31,4,0.14634146341463414,0.7560975609756098,0.0975609756097561,0.4146341463414634,0.34146341463414637,0.21951219512195122,0.0
2426,1,soft_state_jump,41,1670,6,28,7,0.14634146341463414,0.6829268292682927,0.17073170731707318,0.5121951219512195,0.21951219512195122,0.14634146341463414,0.0
2427,7,soft_dt_jump,14,330,9,4,1,0.6428571428571429,0.2857142857142857,0.07142857142857142,0.14285714285714285,0.7857142857142857,0.07142857142857142,0.0
2428,7,soft_dt_jump,13,290,6,6,1,0.46153846153846156,0.46153846153846156,0.07692307692307693,0.15384615384615385,0.6923076923076923,0.0,0.0
2429,2,soft_dt_jump,10,270,2,7,1,0.2,0.7,0.1,0.5,0.2,0.0,0.0
2430,2,soft_dt_jump,13,330,2,7,4,0.15384615384615385,0.5384615384615384,0.3076923076923077,0.38461538461538464,0.3076923076923077,0.07692307692307693,0.0
2431,1,soft_dt_jump,43,2520,2,31,10,0.046511627906976744,0.7209302325581395,0.23255813953488372,0.2558139534883721,0.3023255813953488,0.046511627906976744,0.0
2432,1,soft_state_jump,44,2960,4,33,7,0.09090909090909091,0.75,0.1590909090909091,0.8181818181818182,0.0,0.2727272727272727,0.0
2433,1,soft_state_jump,24,2100,1,18,5,0.041666666666666664,0.75,0.20833333333333334,0.4583333333333333,0.125,0.125,0.0
2434,1,soft_dt_jump,20,1110,5,12,3,0.25,0.6,0.15,0.5,0.2,0.2,0.0
2435,1,soft_side_flip_with_dt_jump,24,1000,9,12,3,0.375,0.5,0.125,0.375,0.4166666666666667,0.08333333333333333,0.0
2436,1,soft_dt_jump,17,970,2,11,4,0.11764705882352941,0.6470588235294118,0.23529411764705882,0.5294117647058824,0.11764705882352941,0.29411764705882354,0.0
2437,1,soft_state_jump,35,2430,5,22,8,0.14285714285714285,0.6285714285714286,0.22857142857142856,0.5714285714285714,0.11428571428571428,0.22857142857142856,0.0
2438,1,soft_dt_jump,31,2340,3,24,4,0.0967741935483871,0.7741935483870968,0.12903225806451613,0.4838709677419355,0.2903225806451613,0.0967741935483871,0.0
2439,2,soft_dt_jump,12,890,4,7,1,0.3333333333333333,0.5833333333333334,0.08333333333333333,0.25,0.6666666666666666,0.0,0.0
2440,1,soft_state_jump,64,3210,31,25,8,0.484375,0.390625,0.125,0.671875,0.171875,0.484375,0.0
2441,0,max_events_per_episode,13,0,13,0,0,1.0,0.0,0.0,1.0,0.0,0.7692307692307693,0.0
2442,1,soft_dt_jump,30,1780,7,18,5,0.23333333333333334,0.6,0.16666666666666666,0.4,0.3,0.13333333333333333,0.0
2443,6,soft_side_flip_with_dt_jump,8,240,3,5,0,0.375,0.625,0.0,1.0,0.0,0.625,0.0
2444,3,soft_dt_jump,17,1280,6,5,6,0.35294117647058826,0.29411764705882354,0.35294117647058826,0.11764705882352941,0.17647058823529413,0.058823529411764705,0.0
2445,1,soft_dt_jump,24,1430,3,15,6,0.125,0.625,0.25,0.2916666666666667,0.20833333333333334,0.08333333333333333,0.0
2446,1,soft_state_jump,35,2620,5,23,7,0.14285714285714285,0.6571428571428571,0.2,0.5142857142857142,0.22857142857142856,0.3142857142857143,0.0
2447,1,soft_state_jump,29,1620,8,19,2,0.27586206896551724,0.6551724137931034,0.06896551724137931,0.6551724137931034,0.10344827586206896,0.3793103448275862,0.0
2448,2,soft_dt_jump,17,800,2,14,1,0.11764705882352941,0.8235294117647058,0.058823529411764705,0.5294117647058824,0.29411764705882354,0.29411764705882354,0.0
2449,3,soft_dt_jump,31,1670,9,17,5,0.2903225806451613,0.5483870967741935,0.16129032258064516,0.5161290322580645,0.12903225806451613,0.3870967741935484,0.0
2450,1,soft_dt_jump,35,2480,8,24,3,0.22857142857142856,0.6857142857142857,0.08571428571428572,0.5714285714285714,0.2571428571428571,0.3142857142857143,0.0
2451,3,soft_dt_jump,8,510,2,3,3,0.25,0.375,0.375,0.25,0.25,0.25,0.0
2452,1,soft_dt_jump,64,4600,10,41,13,0.15625,0.640625,0.203125,0.484375,0.25,0.1875,0.0
2453,1,max_events_per_episode,19,1400,3,14,2,0.15789473684210525,0.7368421052631579,0.10526315789473684,0.47368421052631576,0.21052631578947367,0.21052631578947367,0.0
2454,1,soft_dt_jump,62,3980,6,49,7,0.0967741935483871,0.7903225806451613,0.11290322580645161,0.5645161290322581,0.20967741935483872,0.24193548387096775,0.0
2455,1,soft_dt_jump,60,4840,9,43,8,0.15,0.7166666666666667,0.13333333333333333,0.45,0.23333333333333334,0.15,0.0
2456,7,soft_dt_jump,19,700,12,5,2,0.631578947368421,0.2631578947368421,0.10526315789473684,0.05263157894736842,0.8421052631578947,0.0,0.0
2457,1,soft_dt_jump,28,2270,6,18,4,0.21428571428571427,0.6428571428571429,0.14285714285714285,0.35714285714285715,0.32142857142857145,0.07142857142857142,0.0
2458,2,soft_dt_jump,9,220,4,5,0,0.4444444444444444,0.5555555555555556,0.0,0.2222222222222222,0.5555555555555556,0.2222222222222222,0.0
2459,1,soft_dt_jump,40,2490,13,18,9,0.325,0.45,0.225,0.325,0.4,0.075,0.0
2460,1,soft_dt_jump,28,1630,5,20,3,0.17857142857142858,0.7142857142857143,0.10714285714285714,0.39285714285714285,0.35714285714285715,0.10714285714285714,0.0
2461,3,soft_dt_jump,22,1470,6,10,6,0.2727272727272727,0.45454545454545453,0.2727272727272727,0.18181818181818182,0.3181818181818182,0.045454545454545456,0.0
2462,2,soft_dt_jump,20,720,6,11,3,0.3,0.55,0.15,0.2,0.5,0.0,0.0
2463,1,soft_side_flip_with_dt_jump,59,4290,10,36,13,0.1694915254237288,0.6101694915254238,0.22033898305084745,0.3728813559322034,0.2711864406779661,0.11864406779661017,0.0
2464,7,soft_state_jump,14,420,8,6,0,0.5714285714285714,0.42857142857142855,0.0,0.35714285714285715,0.5714285714285714,0.35714285714285715,0.0
2465,1,soft_dt_jump,17,1450,2,11,4,0.11764705882352941,0.6470588235294118,0.23529411764705882,0.5294117647058824,0.17647058823529413,0.35294117647058826,0.0
2466,2,soft_dt_jump,18,1210,4,13,1,0.2222222222222222,0.7222222222222222,0.05555555555555555,0.6111111111111112,0.2222222222222222,0.3333333333333333,0.0
2467,1,soft_dt_jump,28,1590,8,18,2,0.2857142857142857,0.6428571428571429,0.07142857142857142,0.2857142857142857,0.4642857142857143,0.14285714285714285,0.0
2468,2,soft_state_jump,27,1140,11,14,2,0.4074074074074074,0.5185185185185185,0.07407407407407407,0.3333333333333333,0.5185185185185185,0.2222222222222222,0.0
2469,3,soft_dt_jump,23,1570,9,12,2,0.391304347826087,0.5217391304347826,0.08695652173913043,0.34782608695652173,0.5217391304347826,0.2608695652173913,0.0
2470,1,soft_state_jump,51,3790,11,34,6,0.21568627450980393,0.6666666666666666,0.11764705882352941,0.35294117647058826,0.47058823529411764,0.13725490196078433,0.0
2471,6,soft_dt_jump,14,670,5,7,2,0.35714285714285715,0.5,0.14285714285714285,0.6428571428571429,0.14285714285714285,0.5,0.0
2472,2,soft_dt_jump,19,1090,5,11,3,0.2631578947368421,0.5789473684210527,0.15789473684210525,0.3157894736842105,0.42105263157894735,0.15789473684210525,0.0
2473,2,soft_side_flip_with_dt_jump,13,650,3,9,1,0.23076923076923078,0.6923076923076923,0.07692307692307693,0.15384615384615385,0.6153846153846154,0.07692307692307693,0.0
2474,3,soft_dt_jump,8,250,2,5,1,0.25,0.625,0.125,0.375,0.375,0.25,0.0
2475,6,soft_dt_jump,8,220,4,4,0,0.5,0.5,0.0,0.875,0.125,0.75,0.0
2476,1,soft_dt_jump,31,2180,8,21,2,0.25806451612903225,0.6774193548387096,0.06451612903225806,0.4838709677419355,0.3870967741935484,0.2903225806451613,0.0
2477,0,soft_dt_jump,17,1010,12,5,0,0.7058823529411765,0.29411764705882354,0.0,0.8823529411764706,0.058823529411764705,0.7058823529411765,0.0
2478,1,soft_dt_jump,27,2680,6,20,1,0.2222222222222222,0.7407407407407407,0.037037037037037035,0.5555555555555556,0.2962962962962963,0.25925925925925924,0.0
2479,1,soft_state_jump,21,1390,8,10,3,0.38095238095238093,0.47619047619047616,0.14285714285714285,0.8095238095238095,0.0,0.47619047619047616,0.0
2480,1,soft_dt_jump,20,1390,4,12,4,0.2,0.6,0.2,0.65,0.15,0.4,0.0
2481,1,soft_state_jump,20,2260,3,13,4,0.15,0.65,0.2,0.45,0.35,0.15,0.0
2482,3,soft_side_flip_with_dt_jump,8,400,2,2,4,0.25,0.25,0.4,0.0,0.5,0.0,0.0
2483,1,soft_dt_jump,23,2260,3,17,3,0.13043478260869565,0.7391304347826086,0.13043478260869565,0.5217391304347826,0.13043478260869565,0.17391304347826086,0.0
2484,3,soft_state_jump,21,1340,6,13,2,0.2857142857142857,0.6190476190476191,0.09523809523809523,0.42857142857142855,0.38095238095238093,0.2857142857142857,0.0
2485,2,soft_dt_jump,12,1370,0,11,1,0.0,0.8888888888888888,0.08333333333333333,0.5833333333333334,0.08333333333333333,0.25,0.0
2486,1,soft_state_jump,26,2300,6,18,2,0.23076923076923078,0.6923076923076923,0.07692307692307693,0.46153846153846156,0.34615384615384615,0.2692307692307692,0.0
2487,2,soft_dt_jump,15,720,3,11,1,0.2,0.7333333333333333,0.06666666666666667,0.4666666666666667,0.4666666666666667,0.13333333333333333,0.0
2488,1,soft_dt_jump,56,4870,9,38,9,0.16071428571428573,0.6785714285714286,0.16071428571428573,0.39285714285714285,0.3392857142857143,0.19642857142857142,0.0
2489,3,soft_dt_jump,8,300,1,3,4,0.125,0.375,0.4,0.125,0.25,0.0,0.0
2490,1,soft_dt_jump,18,2180,2,12,4,0.1111111111111111,0.6666666666666666,0.2222222222222222,0.5555555555555556,0.1111111111111111,0.16666666666666666,0.0
2491,6,soft_dt_jump,10,810,5,4,1,0.5,0.4,0.1,0.9,0.0,0.7,0.0
2492,1,soft_dt_jump,29,2130,4,19,6,0.13793103448275862,0.6551724137931034,0.20689655172413793,0.3448275862068966,0.3448275862068966,0.10344827586206896,0.0
2493,6,soft_state_jump,13,1020,6,6,1,0.46153846153846156,0.46153846153846156,0.07692307692307693,0.8461538461538461,0.07692307692307693,0.5384615384615384,0.0
2494,1,soft_dt_jump,27,1950,2,18,7,0.07407407407407407,0.6666666666666666,0.25925925925925924,0.3333333333333333,0.2222222222222222,0.14814814814814814,0.0
2495,1,soft_side_flip_with_dt_jump,31,1970,8,17,6,0.25806451612903225,0.5483870967741935,0.1935483870967742,0.45161290322580644,0.22580645161290322,0.2903225806451613,0.0
2496,6,soft_dt_jump,9,1100,5,4,0,0.5555555555555556,0.4444444444444444,0.0,0.8888888888888888,0.1111111111111111,0.7777777777777778,0.0
2497,0,soft_dt_jump,52,130,49,3,0,0.9423076923076923,0.057692307692307696,0.0,0.9423076923076923,0.038461538461538464,0.9423076923076923,0.0
2498,2,soft_dt_jump,12,690,3,8,1,0.25,0.6666666666666666,0.08333333333333333,0.6666666666666666,0.16666666666666666,0.4166666666666667,0.0
2499,6,soft_side_flip_with_dt_jump,11,610,3,7,1,0.2727272727272727,0.6363636363636364,0.09090909090909091,0.8181818181818182,0.09090909090909091,0.5454545454545454,0.0
2500,1,soft_dt_jump,43,4090,6,29,8,0.13953488372093023,0.6744186046511628,0.18604651162790697,0.32558139534883723,0.3023255813953488,0.046511627906976744,0.0
2501,1,soft_dt_jump,43,3040,8,27,8,0.18604651162790697,0.627906976744186,0.18604651162790697,0.3953488372093023,0.2558139534883721,0.2558139534883721,0.0
2502,3,soft_dt_jump,19,910,4,11,4,0.21052631578947367,0.5789473684210527,0.21052631578947367,0.10526315789473684,0.5263157894736842,0.05263157894736842,0.0
2503,1,soft_dt_jump,61,4440,17,32,12,0.2786885245901639,0.5245901639344263,0.19672131147540983,0.21311475409836064,0.47540983606557374,0.04918032786885246,0.0
2504,2,soft_dt_jump,13,910,5,6,2,0.38461538461538464,0.46153846153846156,0.15384615384615385,0.3076923076923077,0.46153846153846156,0.0,0.0
2505,1,soft_dt_jump,57,2670,29,23,5,0.5087719298245614,0.40350877192982454,0.08771929824561403,0.6140350877192983,0.21052631578947367,0.47368421052631576,0.0
2506,2,soft_dt_jump,12,500,4,7,1,0.3333333333333333,0.5833333333333334,0.08333333333333333,0.3333333333333333,0.5,0.3333333333333333,0.0
2507,7,soft_state_jump,9,190,4,4,1,0.4444444444444444,0.4444444444444444,0.1111111111111111,0.0,0.7777777777777778,0.0,0.0
2508,1,soft_side_flip_with_dt_jump,52,3780,15,32,5,0.28846153846153844,0.6153846153846154,0.09615384615384616,0.4423076923076923,0.38461538461538464,0.21153846153846154,0.0
2509,2,soft_dt_jump,10,1510,1,7,2,0.1,0.7,0.2,0.5,0.3,0.2,0.0
2510,1,soft_state_jump,27,2080,10,15,2,0.37037037037037035,0.5555555555555556,0.07407407407407407,0.4444444444444444,0.48148148148148145,0.25925925925925924,0.0
2511,1,soft_dt_jump,30,2780,6,20,4,0.2,0.6666666666666666,0.13333333333333333,0.3,0.5333333333333333,0.1,0.0
2512,3,soft_side_flip_with_dt_jump,20,1400,6,11,3,0.3,0.55,0.15,0.2,0.55,0.1,0.0
2513,7,soft_dt_jump,8,250,5,3,0,0.625,0.375,0.0,0.25,0.75,0.0,0.0
2514,7,soft_dt_jump,9,170,5,4,0,0.5555555555555556,0.4444444444444444,0.0,0.2222222222222222,0.7777777777777778,0.0,0.0
2515,3,soft_dt_jump,9,1100,1,3,5,0.1111111111111111,0.3333333333333333,0.4,0.4444444444444444,0.0,0.3333333333333333,0.0
2516,2,soft_state_jump,10,450,2,8,0,0.2,0.8,0.0,0.8,0.2,0.1,0.0
2517,2,soft_dt_jump,17,2050,3,10,4,0.17647058823529413,0.5882352941176471,0.23529411764705882,0.35294117647058826,0.4117647058823529,0.17647058823529413,0.0
2518,1,soft_state_jump,26,2830,8,16,2,0.3076923076923077,0.6153846153846154,0.07692307692307693,0.5769230769230769,0.3076923076923077,0.2692307692307692,0.0
2519,1,soft_dt_jump,35,2680,5,24,6,0.14285714285714285,0.6857142857142857,0.17142857142857143,0.45714285714285713,0.22857142857142856,0.2,0.0
2520,6,soft_state_jump,12,680,7,5,0,0.5833333333333334,0.4166666666666667,0.0,0.8333333333333334,0.16666666666666666,0.75,0.0
2521,0,soft_dt_jump,33,60,30,3,0,0.9090909090909091,0.09090909090909091,0.0,0.9393939393939394,0.06060606060606061,0.9090909090909091,0.0
2522,3,soft_dt_jump,17,2140,3,10,4,0.17647058823529413,0.5882352941176471,0.23529411764705882,0.47058823529411764,0.23529411764705882,0.35294117647058826,0.0
2523,1,soft_state_jump,20,2840,1,14,5,0.05,0.7,0.25,0.5,0.25,0.15,0.0
2524,2,soft_state_jump,8,100,3,5,0,0.375,0.625,0.0,0.125,0.75,0.125,0.0
2525,1,soft_dt_jump,27,2340,5,19,3,0.18518518518518517,0.7037037037037037,0.1111111111111111,0.48148148148148145,0.2962962962962963,0.25925925925925924,0.0
2526,6,soft_state_jump,8,530,3,5,0,0.375,0.625,0.0,0.625,0.375,0.625,0.0
2527,6,soft_dt_jump,17,1690,4,10,3,0.23529411764705882,0.5882352941176471,0.17647058823529413,0.6470588235294118,0.17647058823529413,0.47058823529411764,0.0
2528,7,soft_state_jump,16,840,10,4,2,0.625,0.25,0.125,0.0625,0.6875,0.0625,0.0
2529,6,soft_dt_jump,12,480,3,8,1,0.25,0.6666666666666666,0.08333333333333333,0.6666666666666666,0.16666666666666666,0.4166666666666667,0.0
2530,1,soft_dt_jump,40,2460,10,25,5,0.25,0.625,0.125,0.5,0.375,0.25,0.0
2531,3,soft_dt_jump,14,740,3,5,6,0.21428571428571427,0.35714285714285715,0.4,0.2857142857142857,0.2857142857142857,0.21428571428571427,0.0
2532,0,soft_dt_jump,8,290,5,2,1,0.625,0.25,0.125,0.875,0.0,0.75,0.0
2533,1,soft_dt_jump,48,3340,10,28,10,0.20833333333333334,0.5833333333333334,0.20833333333333334,0.5625,0.1875,0.22916666666666666,0.0
2534,1,soft_state_jump,39,2790,8,26,5,0.20512820512820512,0.6666666666666666,0.1282051282051282,0.5384615384615384,0.28205128205128205,0.2564102564102564,0.0
2535,0,soft_state_jump,42,1980,30,10,2,0.7142857142857143,0.23809523809523808,0.047619047619047616,0.8095238095238095,0.11904761904761904,0.7380952380952381,0.0
2536,6,soft_dt_jump,18,750,7,11,0,0.3888888888888889,0.6111111111111112,0.0,0.7222222222222222,0.16666666666666666,0.3888888888888889,0.0
2537,0,soft_dt_jump,8,280,5,2,1,0.625,0.25,0.125,0.875,0.0,0.75,0.0
2538,0,soft_dt_jump,9,80,6,2,1,0.6666666666666666,0.2222222222222222,0.1111111111111111,0.7777777777777778,0.1111111111111111,0.6666666666666666,0.0
2539,2,soft_dt_jump,16,840,4,10,2,0.25,0.625,0.125,0.4375,0.4375,0.0,0.0
2540,7,soft_dt_jump,12,1110,6,5,1,0.5,0.4166666666666667,0.08333333333333333,0.08333333333333333,0.6666666666666666,0.08333333333333333,0.0
2541,0,soft_dt_jump,10,90,7,3,0,0.7,0.3,0.0,1.0,0.0,0.7,0.0
2542,7,soft_dt_jump,18,10,16,2,0,0.8888888888888888,0.1111111111111111,0.0,0.0,1.0,0.0,0.0
2543,1,soft_dt_jump,39,2800,8,24,7,0.20512820512820512,0.6153846153846154,0.1794871794871795,0.28205128205128205,0.23076923076923078,0.02564102564102564,0.0
2544,1,soft_state_jump,23,1180,2,17,4,0.08695652173913043,0.7391304347826086,0.17391304347826086,0.5652173913043478,0.17391304347826086,0.21739130434782608,0.0
2545,1,soft_dt_jump,15,1050,1,11,3,0.06666666666666667,0.7333333333333333,0.2,0.6666666666666666,0.0,0.3333333333333333,0.0
2546,6,soft_state_jump,15,830,4,11,0,0.26666666666666666,0.7333333333333333,0.0,0.8666666666666667,0.06666666666666667,0.7333333333333333,0.0
2547,3,soft_dt_jump,12,1640,2,7,3,0.16666666666666666,0.5833333333333334,0.25,0.4166666666666667,0.16666666666666666,0.16666666666666666,0.0
2548,7,soft_state_jump,8,200,5,3,0,0.625,0.375,0.0,0.125,0.875,0.0,0.0
2549,1,soft_dt_jump,44,3660,3,38,3,0.06818181818181818,0.8636363636363636,0.06818181818181818,0.4772727272727273,0.29545454545454547,0.20454545454545456,0.0
2550,1,soft_dt_jump,42,3080,13,15,14,0.30952380952380953,0.35714285714285715,0.3333333333333333,0.2857142857142857,0.35714285714285715,0.09523809523809523,0.0
2551,0,soft_dt_jump,17,160,13,3,1,0.7647058823529411,0.17647058823529413,0.058823529411764705,0.8823529411764706,0.0,0.8823529411764706,0.0
2552,2,soft_dt_jump,14,520,3,11,0,0.21428571428571427,0.7857142857142857,0.0,0.5,0.42857142857142855,0.35714285714285715,0.0
2553,1,soft_dt_jump,64,5460,9,46,9,0.140625,0.71875,0.140625,0.59375,0.1875,0.3125,0.0
2554,2,max_events_per_episode,14,760,3,9,2,0.21428571428571427,0.6428571428571429,0.14285714285714285,0.7142857142857143,0.14285714285714285,0.5,0.0
2555,1,soft_state_jump,24,2640,3,15,6,0.125,0.625,0.25,0.3333333333333333,0.375,0.125,0.0
2556,1,soft_state_jump,37,1900,6,25,6,0.16216216216216217,0.6756756756756757,0.16216216216216217,0.5945945945945946,0.1891891891891892,0.2972972972972973,0.0
2557,3,soft_dt_jump,17,710,4,11,2,0.23529411764705882,0.6470588235294118,0.11764705882352941,0.35294117647058826,0.35294117647058826,0.23529411764705882,0.0
2558,0,soft_dt_jump,43,0,42,1,0,0.9767441860465116,0.023255813953488372,0.0,1.0,0.0,1.0,0.0
2559,1,soft_dt_jump,64,6540,11,46,7,0.171875,0.71875,0.109375,0.296875,0.3125,0.046875,0.0
2560,6,max_events_per_episode,10,280,4,5,1,0.4,0.5,0.1,0.6,0.3,0.5,0.0
2561,6,soft_dt_jump,10,540,5,4,1,0.5,0.4,0.1,0.8,0.0,0.5,0.0
2562,2,soft_dt_jump,11,740,3,8,0,0.2727272727272727,0.7272727272727273,0.0,0.45454545454545453,0.36363636363636365,0.18181818181818182,0.0
2563,2,soft_dt_jump,8,310,4,4,0,0.5,0.5,0.0,0.375,0.625,0.125,0.0
2564,1,soft_state_jump,36,4610,3,31,2,0.08333333333333333,0.8611111111111112,0.05555555555555555,0.6388888888888888,0.16666666666666666,0.3055555555555556,0.0
2565,0,soft_dt_jump,8,0,7,1,0,0.875,0.125,0.0,1.0,0.0,1.0,0.0
2566,1,soft_dt_jump,21,1930,1,15,5,0.047619047619047616,0.7142857142857143,0.23809523809523808,0.6190476190476191,0.14285714285714285,0.2857142857142857,0.0
2567,6,soft_dt_jump,9,230,5,4,0,0.5555555555555556,0.4444444444444444,0.0,0.7777777777777778,0.2222222222222222,0.5555555555555556,0.0
2568,6,soft_dt_jump,15,1060,7,7,1,0.4666666666666667,0.4666666666666667,0.06666666666666667,0.8,0.13333333333333333,0.6666666666666666,0.0
2569,1,soft_dt_jump,31,2810,8,18,5,0.25806451612903225,0.5806451612903226,0.16129032258064516,0.6451612903225806,0.1935483870967742,0.45161290322580644,0.0
2570,2,soft_state_jump,28,2610,7,19,2,0.25,0.6785714285714286,0.07142857142857142,0.35714285714285715,0.5,0.03571428571428571,0.0
2571,6,soft_dt_jump,15,410,6,7,2,0.4,0.4666666666666667,0.13333333333333333,0.6666666666666666,0.0,0.6666666666666666,0.0
2572,0,soft_dt_jump,17,570,12,5,0,0.7058823529411765,0.29411764705882354,0.0,0.9411764705882353,0.0,0.5294117647058824,0.0
2573,5,soft_dt_jump,18,1410,4,14,0,0.2222222222222222,0.7777777777777778,0.0,0.3333333333333333,0.2777777777777778,0.1111111111111111,0.2777777777777778
2574,5,soft_dt_jump,18,760,8,10,0,0.4444444444444444,0.5555555555555556,0.0,0.1111111111111111,0.1111111111111111,0.05555555555555555,0.6666666666666666
2575,5,soft_dt_jump,17,850,5,12,0,0.29411764705882354,0.7058823529411765,0.0,0.29411764705882354,0.17647058823529413,0.17647058823529413,0.47058823529411764
2576,5,soft_dt_jump,9,570,3,5,1,0.3333333333333333,0.5555555555555556,0.1111111111111111,0.1111111111111111,0.1111111111111111,0.0,0.6666666666666666
2577,3,soft_state_jump,22,2480,5,14,3,0.22727272727272727,0.6363636363636364,0.13636363636363635,0.3181818181818182,0.4090909090909091,0.3181818181818182,0.0
2578,2,soft_dt_jump,10,720,3,7,0,0.3,0.7,0.0,0.4,0.4,0.4,0.0
2579,1,soft_dt_jump,36,2690,8,24,4,0.2222222222222222,0.6666666666666666,0.1111111111111111,0.4166666666666667,0.3611111111111111,0.19444444444444445,0.0
2580,1,soft_dt_jump,28,2540,9,17,2,0.32142857142857145,0.6071428571428571,0.07142857142857142,0.5,0.25,0.35714285714285715,0.0
2581,7,soft_dt_jump,18,520,9,8,1,0.5,0.4444444444444444,0.05555555555555555,0.16666666666666666,0.6666666666666666,0.05555555555555555,0.0
2582,2,soft_dt_jump,9,430,3,6,0,0.3333333333333333,0.6666666666666666,0.0,0.2222222222222222,0.7777777777777778,0.0,0.0
2583,7,soft_side_flip_with_dt_jump,9,230,7,2,0,0.7777777777777778,0.2222222222222222,0.0,0.0,1.0,0.0,0.0
2584,3,soft_dt_jump,14,1020,2,8,4,0.14285714285714285,0.5714285714285714,0.2857142857142857,0.2857142857142857,0.35714285714285715,0.21428571428571427,0.0
2585,6,soft_state_jump,11,350,5,5,1,0.45454545454545453,0.45454545454545453,0.09090909090909091,0.9090909090909091,0.0,0.6363636363636364,0.0
2586,1,soft_dt_jump,22,2280,3,15,4,0.13636363636363635,0.6818181818181818,0.18181818181818182,0.6363636363636364,0.045454545454545456,0.36363636363636365,0.0
2587,1,soft_state_jump,16,1460,2,12,2,0.125,0.75,0.125,0.8125,0.0625,0.3125,0.0
2588,6,soft_side_flip_with_dt_jump,16,1090,3,13,0,0.1875,0.8125,0.0,0.6875,0.25,0.25,0.0
2589,0,soft_state_jump,24,600,13,6,5,0.5416666666666666,0.25,0.20833333333333334,0.7916666666666666,0.0,0.75,0.0
2590,2,soft_dt_jump,17,1170,5,11,1,0.29411764705882354,0.6470588235294118,0.058823529411764705,0.6470588235294118,0.29411764705882354,0.35294117647058826,0.0
2591,1,soft_dt_jump,50,4160,11,32,7,0.22,0.64,0.14,0.52,0.24,0.36,0.0
2592,6,soft_dt_jump,17,1200,8,7,2,0.47058823529411764,0.4117647058823529,0.11764705882352941,0.8823529411764706,0.0,0.5294117647058824,0.0
2593,2,soft_dt_jump,10,880,2,7,1,0.2,0.7,0.1,0.6,0.2,0.3,0.0
2594,2,soft_dt_jump,11,1090,1,9,1,0.09090909090909091,0.8181818181818182,0.09090909090909091,0.8181818181818182,0.09090909090909091,0.18181818181818182,0.0
2595,6,soft_side_flip_with_dt_jump,13,1580,2,10,1,0.15384615384615385,0.7692307692307693,0.07692307692307693,0.8461538461538461,0.07692307692307693,0.46153846153846156,0.0
2596,6,soft_state_jump,11,390,3,8,0,0.2727272727272727,0.7272727272727273,0.0,0.9090909090909091,0.0,0.45454545454545453,0.0
2597,6,soft_dt_jump,16,640,5,9,2,0.3125,0.5625,0.125,0.8125,0.0625,0.5625,0.0
2598,2,soft_dt_jump,14,1270,6,8,0,0.42857142857142855,0.5714285714285714,0.0,0.35714285714285715,0.6428571428571429,0.2857142857142857,0.0
2599,3,soft_state_jump,10,720,3,4,3,0.3,0.4,0.3,0.4,0.3,0.3,0.0
2600,6,soft_dt_jump,15,700,5,10,0,0.3333333333333333,0.6666666666666666,0.0,0.7333333333333333,0.2,0.5333333333333333,0.0
2601,2,soft_dt_jump,16,320,8,7,1,0.5,0.4375,0.0625,0.4375,0.4375,0.3125,0.0
2602,3,soft_dt_jump,13,1160,3,9,1,0.23076923076923078,0.6923076923076923,0.07692307692307693,0.46153846153846156,0.38461538461538464,0.38461538461538464,0.0
2603,1,soft_dt_jump,18,680,3,13,2,0.16666666666666666,0.7222222222222222,0.1111111111111111,0.6111111111111112,0.16666666666666666,0.4444444444444444,0.0
2604,6,soft_dt_jump,23,1430,8,12,3,0.34782608695652173,0.5217391304347826,0.13043478260869565,0.782608695652174,0.08695652173913043,0.6086956521739131,0.0
2605,6,soft_dt_jump,11,610,4,7,0,0.36363636363636365,0.6363636363636364,0.0,1.0,0.0,0.8181818181818182,0.0
2606,6,soft_dt_jump,17,1010,5,11,1,0.29411764705882354,0.6470588235294118,0.058823529411764705,0.6470588235294118,0.17647058823529413,0.47058823529411764,0.0
2607,7,soft_state_jump,23,1080,11,9,3,0.4782608695652174,0.391304347826087,0.13043478260869565,0.17391304347826086,0.6086956521739131,0.0,0.0
2608,2,soft_dt_jump,13,1910,0,10,3,0.0,0.7692307692307693,0.23076923076923078,0.5384615384615384,0.23076923076923078,0.07692307692307693,0.0
2609,1,soft_dt_jump,34,4380,4,27,3,0.11764705882352941,0.7941176470588235,0.08823529411764706,0.6470588235294118,0.23529411764705882,0.20588235294117646,0.0
2610,6,soft_state_jump,9,790,4,5,0,0.4444444444444444,0.5555555555555556,0.0,0.8888888888888888,0.0,0.6666666666666666,0.0
2611,2,soft_side_flip_with_dt_jump,14,1590,2,10,2,0.14285714285714285,0.7142857142857143,0.14285714285714285,0.7142857142857143,0.14285714285714285,0.35714285714285715,0.0
2612,1,soft_state_jump,22,2500,4,17,1,0.18181818181818182,0.7727272727272727,0.045454545454545456,0.7727272727272727,0.045454545454545456,0.4090909090909091,0.0
2613,1,soft_state_jump,31,1330,10,17,4,0.3225806451612903,0.5483870967741935,0.12903225806451613,0.41935483870967744,0.3870967741935484,0.2903225806451613,0.0
2614,2,soft_dt_jump,10,1490,1,8,1,0.1,0.8,0.1,0.6,0.2,0.2,0.0
2615,6,soft_state_jump,20,710,7,10,3,0.35,0.5,0.15,0.8,0.0,0.7,0.0
2616,7,soft_dt_jump,16,610,9,5,2,0.5625,0.3125,0.125,0.125,0.6875,0.0625,0.0
2617,1,soft_dt_jump,21,1520,4,14,3,0.19047619047619047,0.6666666666666666,0.14285714285714285,0.42857142857142855,0.3333333333333333,0.14285714285714285,0.0
2618,1,soft_dt_jump,26,2200,6,16,4,0.23076923076923078,0.6153846153846154,0.15384615384615385,0.5,0.3076923076923077,0.2692307692307692,0.0
2619,2,soft_dt_jump,25,1160,11,13,1,0.44,0.52,0.04,0.48,0.44,0.28,0.0
2620,2,soft_dt_jump,13,700,3,8,2,0.23076923076923078,0.6153846153846154,0.15384615384615385,0.6153846153846154,0.23076923076923078,0.3076923076923077,0.0
2621,2,soft_dt_jump,16,960,5,8,3,0.3125,0.5,0.1875,0.3125,0.5,0.0,0.0
2622,1,soft_dt_jump,31,2300,6,19,6,0.1935483870967742,0.6129032258064516,0.1935483870967742,0.6129032258064516,0.0967741935483871,0.3225806451612903,0.0
2623,6,soft_state_jump,14,430,7,6,1,0.5,0.42857142857142855,0.07142857142857142,0.8571428571428571,0.0,0.6428571428571429,0.0
2624,2,soft_dt_jump,20,950,6,12,2,0.3,0.6,0.1,0.35,0.55,0.2,0.0
2625,2,soft_dt_jump,10,880,2,7,1,0.2,0.7,0.1,0.3,0.5,0.1,0.0
2626,1,soft_state_jump,28,1430,8,16,4,0.2857142857142857,0.5714285714285714,0.14285714285714285,0.42857142857142855,0.42857142857142855,0.2857142857142857,0.0
2627,6,soft_dt_jump,10,1320,2,7,1,0.2,0.7,0.1,0.7,0.1,0.4,0.0
2628,7,soft_state_jump,9,260,5,4,0,0.5555555555555556,0.4444444444444444,0.0,0.2222222222222222,0.7777777777777778,0.0,0.0
2629,1,soft_dt_jump,19,2080,4,11,4,0.21052631578947367,0.5789473684210527,0.21052631578947367,0.5789473684210527,0.15789473684210525,0.3157894736842105,0.0
2630,1,soft_dt_jump,26,1920,8,15,3,0.3076923076923077,0.5769230769230769,0.11538461538461539,0.4230769230769231,0.38461538461538464,0.2692307692307692,0.0
2631,1,soft_dt_jump,21,1990,3,15,3,0.14285714285714285,0.7142857142857143,0.14285714285714285,0.6190476190476191,0.09523809523809523,0.23809523809523808,0.0
2632,1,soft_dt_jump,45,4630,7,34,4,0.15555555555555556,0.7555555555555555,0.08888888888888889,0.5777777777777777,0.26666666666666666,0.3111111111111111,0.0
2633,7,soft_state_jump,60,410,55,5,0,0.9166666666666666,0.08333333333333333,0.0,0.03333333333333333,0.95,0.016666666666666666,0.0
2634,2,soft_dt_jump,9,300,2,6,1,0.2222222222222222,0.6666666666666666,0.1111111111111111,0.3333333333333333,0.5555555555555556,0.2222222222222222,0.0
2635,1,soft_dt_jump,26,1720,5,19,2,0.19230769230769232,0.7307692307692307,0.07692307692307693,0.46153846153846156,0.38461538461538464,0.19230769230769232,0.0
2636,1,soft_state_jump,64,3480,35,22,7,0.546875,0.34375,0.109375,0.875,0.0,0.171875,0.0
2637,0,max_events_per_episode,25,0,25,0,0,1.0,0.0,0.0,1.0,0.0,0.0,0.0
2638,6,soft_dt_jump,17,1730,4,11,2,0.23529411764705882,0.6470588235294118,0.11764705882352941,0.7058823529411765,0.058823529411764705,0.35294117647058826,0.0
2639,5,soft_side_flip_with_dt_jump,22,2570,3,16,3,0.13636363636363635,0.7272727272727273,0.13636363636363635,0.3181818181818182,0.13636363636363635,0.045454545454545456,0.36363636363636365
2640,2,soft_state_jump,8,290,3,4,1,0.375,0.5,0.125,0.375,0.375,0.25,0.0
2641,1,soft_dt_jump,31,2440,6,20,5,0.1935483870967742,0.6451612903225806,0.16129032258064516,0.45161290322580644,0.3548387096774194,0.1935483870967742,0.0
2642,6,soft_state_jump,23,1330,12,11,0,0.5217391304347826,0.4782608695652174,0.0,0.6956521739130435,0.30434782608695654,0.5652173913043478,0.0
2643,6,soft_dt_jump,14,620,5,7,2,0.35714285714285715,0.5,0.14285714285714285,0.7857142857142857,0.07142857142857142,0.14285714285714285,0.0
2644,2,soft_dt_jump,22,1680,7,12,3,0.3181818181818182,0.5454545454545454,0.13636363636363635,0.36363636363636365,0.3181818181818182,0.22727272727272727,0.0
2645,1,soft_dt_jump,52,5320,14,30,8,0.2692307692307692,0.5769230769230769,0.15384615384615385,0.21153846153846154,0.4807692307692308,0.11538461538461539,0.0
2646,2,soft_side_flip_with_dt_jump,12,590,3,8,1,0.25,0.6666666666666666,0.08333333333333333,0.25,0.5,0.08333333333333333,0.0
2647,3,soft_side_flip_with_dt_jump,10,940,3,6,1,0.3,0.6,0.1,0.3,0.5,0.2,0.0
2648,3,soft_state_jump,9,390,3,5,1,0.3333333333333333,0.5555555555555556,0.1111111111111111,0.4444444444444444,0.3333333333333333,0.4444444444444444,0.0
2649,0,soft_dt_jump,64,1940,45,17,2,0.703125,0.265625,0.03125,0.765625,0.171875,0.6875,0.0
2650,0,max_events_per_episode,64,0,64,0,0,1.0,0.0,0.0,1.0,0.0,1.0,0.0
2651,0,max_events_per_episode,24,0,24,0,0,1.0,0.0,0.0,1.0,0.0,1.0,0.0
2652,0,soft_dt_jump,29,130,20,8,1,0.6896551724137931,0.27586206896551724,0.034482758620689655,0.9310344827586207,0.0,0.9310344827586207,0.0
2653,0,soft_dt_jump,8,40,5,3,0,0.625,0.375,0.0,0.75,0.125,0.625,0.0
2654,0,soft_dt_jump,8,110,6,2,0,0.75,0.25,0.0,0.875,0.0,0.875,0.0
2655,2,soft_side_flip_with_dt_jump,9,790,3,5,1,0.3333333333333333,0.5555555555555556,0.1111111111111111,0.2222222222222222,0.5555555555555556,0.0,0.0
2656,2,soft_dt_jump,23,1690,8,15,0,0.34782608695652173,0.6521739130434783,0.0,0.2608695652173913,0.6086956521739131,0.17391304347826086,0.0
2657,1,soft_state_jump,31,2310,12,16,3,0.3870967741935484,0.5161290322580645,0.0967741935483871,0.25806451612903225,0.5161290322580645,0.16129032258064516,0.0
2658,6,soft_dt_jump,16,530,6,7,3,0.375,0.4375,0.1875,0.6875,0.125,0.625,0.0
2659,6,soft_dt_jump,11,820,5,5,1,0.45454545454545453,0.45454545454545453,0.09090909090909091,0.8181818181818182,0.0,0.7272727272727273,0.0
2660,7,soft_dt_jump,10,450,5,4,1,0.5,0.4,0.1,0.1,0.8,0.0,0.0
2661,0,soft_dt_jump,64,760,61,3,0,0.953125,0.046875,0.0,0.96875,0.03125,0.703125,0.0
2662,7,max_events_per_episode,9,110,7,2,0,0.7777777777777778,0.2222222222222222,0.0,0.6666666666666666,0.3333333333333333,0.0,0.0
2663,3,soft_dt_jump,10,600,1,8,1,0.1,0.8,0.1,0.4,0.4,0.1,0.0
2664,2,soft_state_jump,11,360,5,5,1,0.45454545454545453,0.45454545454545453,0.09090909090909091,0.09090909090909091,0.6363636363636364,0.0,0.0
2665,3,soft_dt_jump,21,930,5,14,2,0.23809523809523808,0.6666666666666666,0.09523809523809523,0.14285714285714285,0.5238095238095238,0.09523809523809523,0.0
2666,0,soft_dt_jump,30,530,25,4,1,0.8333333333333334,0.13333333333333333,0.03333333333333333,0.8,0.16666666666666666,0.7666666666666667,0.0
2667,7,soft_dt_jump,19,670,11,8,0,0.5789473684210527,0.42105263157894735,0.0,0.10526315789473684,0.42105263157894735,0.05263157894736842,0.0
2668,2,soft_dt_jump,20,1790,7,11,2,0.35,0.55,0.1,0.2,0.35,0.05,0.0
2669,7,soft_dt_jump,14,640,7,7,0,0.5,0.5,0.0,0.35714285714285715,0.42857142857142855,0.21428571428571427,0.0
2670,5,soft_dt_jump,31,2440,5,22,4,0.16129032258064516,0.7096774193548387,0.12903225806451613,0.25806451612903225,0.06451612903225806,0.12903225806451613,0.45161290322580644
2671,1,soft_dt_jump,41,3350,9,25,7,0.21951219512195122,0.6097560975609756,0.17073170731707318,0.7317073170731707,0.024390243902439025,0.17073170731707318,0.0
2672,0,soft_dt_jump,20,0,16,4,0,0.8,0.2,0.0,1.0,0.0,0.0,0.0
2673,0,soft_dt_jump,64,0,63,1,0,0.984375,0.015625,0.0,1.0,0.0,0.0,0.0
2674,0,max_events_per_episode,15,0,15,0,0,1.0,0.0,0.0,1.0,0.0,0.0,0.0
2675,5,soft_dt_jump,10,840,3,7,0,0.3,0.7,0.0,0.3,0.3,0.2,0.4
2676,5,soft_side_flip_with_dt_jump,17,1560,3,11,3,0.17647058823529413,0.6470588235294118,0.17647058823529413,0.5882352941176471,0.0,0.29411764705882354,0.17647058823529413
2677,6,soft_state_jump,26,1960,9,16,1,0.34615384615384615,0.6153846153846154,0.038461538461538464,0.8076923076923077,0.11538461538461539,0.38461538461538464,0.0
2678,1,soft_dt_jump,39,3380,3,30,6,0.07692307692307693,0.7692307692307693,0.15384615384615385,0.3076923076923077,0.23076923076923078,0.1282051282051282,0.0
2679,1,soft_state_jump,15,1110,1,9,5,0.06666666666666667,0.6,0.3333333333333333,0.6,0.06666666666666667,0.06666666666666667,0.0
2680,2,soft_side_flip_with_dt_jump,12,1020,1,9,2,0.08333333333333333,0.75,0.16666666666666666,0.75,0.08333333333333333,0.3333333333333333,0.0
2681,3,soft_dt_jump,16,1370,3,11,2,0.1875,0.6875,0.125,0.5625,0.125,0.3125,0.0
2682,1,soft_dt_jump,63,4990,7,46,10,0.1111111111111111,0.7301587301587301,0.15873015873015872,0.6507936507936508,0.06349206349206349,0.2857142857142857,0.0
2683,6,soft_side_flip_with_dt_jump,21,1230,4,14,3,0.19047619047619047,0.6666666666666666,0.14285714285714285,0.7142857142857143,0.047619047619047616,0.5238095238095238,0.0
2684,6,soft_dt_jump,12,460,4,6,2,0.3333333333333333,0.5,0.16666666666666666,0.5,0.16666666666666666,0.4166666666666667,0.0
2685,1,soft_dt_jump,29,1730,10,19,0,0.3448275862068966,0.6551724137931034,0.0,0.5517241379310345,0.3448275862068966,0.20689655172413793,0.0
2686,3,soft_dt_jump,8,710,0,5,3,0.0,0.625,0.375,0.375,0.0,0.0,0.0
2687,3,soft_state_jump,23,2240,4,16,3,0.17391304347826086,0.6956521739130435,0.13043478260869565,0.391304347826087,0.17391304347826086,0.21739130434782608,0.0
2688,2,soft_side_flip_with_dt_jump,22,1330,4,18,0,0.18181818181818182,0.8181818181818182,0.0,0.5909090909090909,0.2727272727272727,0.18181818181818182,0.0
2689,6,soft_side_flip_with_dt_jump,11,920,3,8,0,0.2727272727272727,0.7272727272727273,0.0,0.7272727272727273,0.18181818181818182,0.36363636363636365,0.0
2690,0,soft_dt_jump,13,190,11,2,0,0.8461538461538461,0.15384615384615385,0.0,1.0,0.0,1.0,0.0
2691,6,soft_dt_jump,26,2570,8,17,1,0.3076923076923077,0.6538461538461539,0.038461538461538464,0.8076923076923077,0.038461538461538464,0.6153846153846154,0.0
2692,6,soft_dt_jump,10,580,4,6,0,0.4,0.6,0.0,0.8,0.1,0.7,0.0
2693,0,soft_dt_jump,9,630,7,2,0,0.7777777777777778,0.2222222222222222,0.0,1.0,0.0,0.4444444444444444,0.0
2694,1,soft_dt_jump,18,1040,2,12,4,0.1111111111111111,0.6666666666666666,0.2222222222222222,0.5,0.1111111111111111,0.16666666666666666,0.0
2695,1,soft_dt_jump,22,860,5,13,4,0.22727272727272727,0.5909090909090909,0.18181818181818182,0.7272727272727273,0.045454545454545456,0.45454545454545453,0.0
2696,1,soft_dt_jump,48,2740,9,32,7,0.1875,0.6666666666666666,0.14583333333333334,0.6458333333333334,0.10416666666666667,0.375,0.0
2697,6,soft_dt_jump,12,630,6,6,0,0.5,0.5,0.0,0.8333333333333334,0.16666666666666666,0.6666666666666666,0.0
2698,6,soft_dt_jump,14,430,6,8,0,0.42857142857142855,0.5714285714285714,0.0,0.8571428571428571,0.07142857142857142,0.6428571428571429,0.0
2699,6,soft_dt_jump,20,1240,7,12,1,0.35,0.6,0.05,0.75,0.1,0.65,0.0
2700,1,soft_dt_jump,64,5010,10,45,9,0.15625,0.703125,0.140625,0.3125,0.34375,0.125,0.0
2701,2,max_events_per_episode,22,800,7,13,2,0.3181818181818182,0.5909090909090909,0.09090909090909091,0.4090909090909091,0.4090909090909091,0.3181818181818182,0.0
2702,1,soft_dt_jump,36,2710,6,21,9,0.16666666666666666,0.5833333333333334,0.25,0.3055555555555556,0.3055555555555556,0.1111111111111111,0.0
2703,0,soft_dt_jump,27,1370,19,7,1,0.7037037037037037,0.25925925925925924,0.037037037037037035,0.6296296296296297,0.25925925925925924,0.5925925925925926,0.0
2704,6,soft_dt_jump,23,1520,10,12,1,0.43478260869565216,0.5217391304347826,0.043478260869565216,0.782608695652174,0.13043478260869565,0.6521739130434783,0.0
2705,6,soft_dt_jump,14,1200,6,7,1,0.42857142857142855,0.5,0.07142857142857142,0.5714285714285714,0.35714285714285715,0.42857142857142855,0.0
2706,2,soft_dt_jump,12,790,3,8,1,0.25,0.6666666666666666,0.08333333333333333,0.25,0.4166666666666667,0.0,0.0
2707,2,soft_side_flip_with_dt_jump,13,1220,3,8,2,0.23076923076923078,0.6153846153846154,0.15384615384615385,0.6153846153846154,0.15384615384615385,0.3076923076923077,0.0
2708,1,soft_dt_jump,53,3630,12,32,9,0.22641509433962265,0.6037735849056604,0.16981132075471697,0.660377358490566,0.09433962264150944,0.3584905660377358,0.0
2709,0,soft_dt_jump,10,60,7,3,0,0.7,0.3,0.0,0.5,0.5,0.5,0.0
2710,1,soft_dt_jump,21,1290,2,16,3,0.09523809523809523,0.7619047619047619,0.14285714285714285,0.7619047619047619,0.0,0.38095238095238093,0.0
2711,0,soft_state_jump,8,180,5,2,1,0.625,0.25,0.125,0.75,0.0,0.75,0.0
2712,6,soft_dt_jump,17,680,4,11,2,0.23529411764705882,0.6470588235294118,0.11764705882352941,0.5882352941176471,0.11764705882352941,0.5294117647058824,0.0
2713,6,soft_dt_jump,14,560,5,7,2,0.35714285714285715,0.5,0.14285714285714285,0.5714285714285714,0.2857142857142857,0.42857142857142855,0.0
2714,1,soft_dt_jump,45,2780,9,28,8,0.2,0.6222222222222222,0.17777777777777778,0.4888888888888889,0.28888888888888886,0.37777777777777777,0.0
2715,2,soft_dt_jump,13,830,1,11,1,0.07692307692307693,0.8461538461538461,0.07692307692307693,0.6153846153846154,0.15384615384615385,0.46153846153846156,0.0
2716,1,soft_state_jump,37,2170,11,24,2,0.2972972972972973,0.6486486486486487,0.05405405405405406,0.5945945945945946,0.2702702702702703,0.4864864864864865,0.0
2717,6,soft_dt_jump,35,2950,14,20,1,0.4,0.5714285714285714,0.02857142857142857,0.6857142857142857,0.22857142857142856,0.6285714285714286,0.0
2718,2,soft_dt_jump,11,520,3,8,0,0.2727272727272727,0.7272727272727273,0.0,0.5454545454545454,0.36363636363636365,0.2727272727272727,0.0
2719,1,soft_state_jump,33,1920,6,25,2,0.18181818181818182,0.7575757575757576,0.06060606060606061,0.5454545454545454,0.18181818181818182,0.21212121212121213,0.0
2720,1,soft_dt_jump,29,2140,9,18,2,0.3103448275862069,0.6206896551724138,0.06896551724137931,0.4827586206896552,0.20689655172413793,0.3103448275862069,0.0
2721,2,soft_dt_jump,11,910,1,6,4,0.09090909090909091,0.5454545454545454,0.36363636363636365,0.6363636363636364,0.0,0.2727272727272727,0.0
2722,0,soft_state_jump,16,380,9,7,0,0.5625,0.4375,0.0,1.0,0.0,0.8125,0.0
2723,0,soft_dt_jump,64,40,61,3,0,0.953125,0.046875,0.0,0.984375,0.0,0.96875,0.0
2724,0,max_events_per_episode,64,0,64,0,0,1.0,0.0,0.0,1.0,0.0,1.0,0.0
2725,0,max_events_per_episode,64,0,64,0,0,1.0,0.0,0.0,1.0,0.0,1.0,0.0
2726,0,max_events_per_episode,14,0,14,0,0,1.0,0.0,0.0,1.0,0.0,1.0,0.0
2727,1,soft_dt_jump,27,1940,5,19,3,0.18518518518518517,0.7037037037037037,0.1111111111111111,0.5555555555555556,0.14814814814814814,0.4074074074074074,0.0
2728,6,soft_dt_jump,21,1280,9,10,2,0.42857142857142855,0.47619047619047616,0.09523809523809523,0.7619047619047619,0.09523809523809523,0.5714285714285714,0.0
2729,6,soft_dt_jump,24,1180,11,9,4,0.4583333333333333,0.375,0.16666666666666666,0.6666666666666666,0.125,0.5,0.0
2730,2,soft_dt_jump,9,450,1,7,1,0.1111111111111111,0.7777777777777778,0.1111111111111111,0.4444444444444444,0.3333333333333333,0.3333333333333333,0.0
2731,0,soft_state_jump,11,210,8,3,0,0.7272727272727273,0.2727272727272727,0.0,1.0,0.0,0.8181818181818182,0.0
2732,0,soft_dt_jump,36,710,30,6,0,0.8333333333333334,0.16666666666666666,0.0,0.9166666666666666,0.08333333333333333,0.8611111111111112,0.0
2733,0,soft_dt_jump,13,270,8,4,1,0.6153846153846154,0.3076923076923077,0.07692307692307693,0.6153846153846154,0.3076923076923077,0.6153846153846154,0.0
2734,7,soft_dt_jump,11,340,5,5,1,0.45454545454545453,0.45454545454545453,0.09090909090909091,0.18181818181818182,0.7272727272727273,0.09090909090909091,0.0
2735,1,soft_dt_jump,22,1240,6,15,1,0.2727272727272727,0.6818181818181818,0.045454545454545456,0.5909090909090909,0.3181818181818182,0.4090909090909091,0.0
2736,0,soft_state_jump,21,190,17,4,0,0.8095238095238095,0.19047619047619047,0.0,1.0,0.0,0.9047619047619048,0.0
2737,6,soft_dt_jump,28,1500,12,14,2,0.42857142857142855,0.5,0.07142857142857142,0.7857142857142857,0.14285714285714285,0.6071428571428571,0.0
2738,2,soft_dt_jump,11,320,2,6,3,0.18181818181818182,0.5454545454545454,0.2727272727272727,0.45454545454545453,0.18181818181818182,0.36363636363636365,0.0
2739,1,soft_side_flip_with_dt_jump,31,2210,6,22,3,0.1935483870967742,0.7096774193548387,0.0967741935483871,0.4838709677419355,0.3548387096774194,0.25806451612903225,0.0
2740,6,soft_dt_jump,10,590,4,5,1,0.4,0.5,0.1,0.7,0.2,0.5,0.0
2741,1,soft_state_jump,38,2860,6,25,7,0.15789473684210525,0.6578947368421053,0.18421052631578946,0.5526315789473685,0.21052631578947367,0.34210526315789475,0.0
2742,1,soft_state_jump,41,2500,8,27,6,0.1951219512195122,0.6585365853658537,0.14634146341463414,0.6585365853658537,0.12195121951219512,0.5121951219512195,0.0
2743,0,soft_dt_jump,64,920,56,7,1,0.875,0.109375,0.015625,0.96875,0.015625,0.9375,0.0
2744,0,max_events_per_episode,45,0,45,0,0,1.0,0.0,0.0,1.0,0.0,1.0,0.0
2745,1,soft_dt_jump,21,1000,6,13,2,0.2857142857142857,0.6190476190476191,0.09523809523809523,0.6666666666666666,0.14285714285714285,0.42857142857142855,0.0
2746,2,soft_dt_jump,8,240,3,4,1,0.375,0.5,0.125,0.5,0.375,0.375,0.0
2747,2,soft_side_flip_with_dt_jump,9,560,2,6,1,0.2222222222222222,0.6666666666666666,0.1111111111111111,0.6666666666666666,0.2222222222222222,0.4444444444444444,0.0
2748,6,soft_state_jump,16,940,4,12,0,0.25,0.75,0.0,0.875,0.0625,0.6875,0.0
2749,0,soft_dt_jump,12,380,7,4,1,0.5833333333333334,0.3333333333333333,0.08333333333333333,0.9166666666666666,0.0,0.75,0.0
2750,1,soft_dt_jump,25,1400,5,17,3,0.2,0.68,0.12,0.68,0.16,0.44,0.0
2751,2,soft_state_jump,8,430,3,4,1,0.375,0.5,0.125,0.125,0.625,0.125,0.0
2752,1,soft_dt_jump,30,990,7,16,7,0.23333333333333334,0.5333333333333333,0.23333333333333334,0.16666666666666666,0.43333333333333335,0.0,0.0
2753,1,soft_dt_jump,39,2400,7,25,7,0.1794871794871795,0.6410256410256411,0.1794871794871795,0.2564102564102564,0.5384615384615384,0.0,0.0
2754,1,soft_dt_jump,54,3380,15,30,9,0.2777777777777778,0.5555555555555556,0.16666666666666666,0.18518518518518517,0.6111111111111112,0.09259259259259259,0.0
2755,2,soft_dt_jump,24,1450,10,9,5,0.4166666666666667,0.375,0.20833333333333334,0.041666666666666664,0.5833333333333334,0.041666666666666664,0.0
2756,0,soft_dt_jump,12,20,10,2,0,0.8333333333333334,0.16666666666666666,0.0,1.0,0.0,1.0,0.0
2757,7,soft_dt_jump,8,100,5,3,0,0.625,0.375,0.0,0.125,0.875,0.0,0.0
2758,7,soft_dt_jump,10,240,6,4,0,0.6,0.4,0.0,0.1,0.9,0.1,0.0
2759,7,soft_dt_jump,10,160,7,3,0,0.7,0.3,0.0,0.0,0.9,0.0,0.0
2760,0,soft_dt_jump,11,0,10,1,0,0.9090909090909091,0.09090909090909091,0.0,1.0,0.0,0.9090909090909091,0.0
2761,0,soft_dt_jump,11,220,7,3,1,0.6363636363636364,0.2727272727272727,0.09090909090909091,0.7272727272727273,0.18181818181818182,0.7272727272727273,0.0
2762,6,soft_dt_jump,26,1230,14,11,1,0.5384615384615384,0.4230769230769231,0.038461538461538464,0.5384615384615384,0.3076923076923077,0.5,0.0
2763,6,soft_dt_jump,19,1160,9,7,3,0.47368421052631576,0.3684210526315789,0.15789473684210525,0.6842105263157895,0.10526315789473684,0.5789473684210527,0.0
2764,2,soft_dt_jump,23,1080,10,12,1,0.43478260869565216,0.5217391304347826,0.043478260869565216,0.391304347826087,0.4782608695652174,0.21739130434782608,0.0
2765,3,soft_dt_jump,8,240,2,3,3,0.25,0.375,0.375,0.0,0.625,0.0,0.0
2766,0,soft_dt_jump,23,690,17,5,1,0.7391304347826086,0.21739130434782608,0.043478260869565216,0.8260869565217391,0.08695652173913043,0.7391304347826086,0.0
2767,3,soft_dt_jump,14,820,4,7,3,0.2857142857142857,0.5,0.21428571428571427,0.35714285714285715,0.35714285714285715,0.2857142857142857,0.0
2768,0,soft_dt_jump,64,340,61,3,0,0.953125,0.046875,0.0,1.0,0.0,0.984375,0.0
2769,0,max_events_per_episode,64,0,64,0,0,1.0,0.0,0.0,1.0,0.0,1.0,0.0
2770,0,max_events_per_episode,42,0,42,0,0,1.0,0.0,0.0,1.0,0.0,1.0,0.0
2771,3,soft_dt_jump,19,1090,5,10,4,0.2631578947368421,0.5263157894736842,0.21052631578947367,0.42105263157894735,0.3157894736842105,0.3157894736842105,0.0
2772,0,soft_dt_jump,41,650,27,13,1,0.6585365853658537,0.3170731707317073,0.024390243902439025,0.9024390243902439,0.04878048780487805,0.8292682926829268,0.0
2773,0,soft_dt_jump,37,0,36,1,0,0.972972972972973,0.02702702702702703,0.0,1.0,0.0,0.972972972972973,0.0
2774,0,soft_dt_jump,15,40,12,3,0,0.8,0.2,0.0,0.8666666666666667,0.13333333333333333,0.8,0.0
2775,0,soft_dt_jump,13,240,8,5,0,0.6153846153846154,0.38461538461538464,0.0,0.7692307692307693,0.15384615384615385,0.6923076923076923,0.0
2776,6,soft_dt_jump,15,270,6,8,1,0.4,0.5333333333333333,0.06666666666666667,0.6666666666666666,0.26666666666666666,0.4,0.0
2777,0,soft_dt_jump,9,40,6,1,2,0.6666666666666666,0.1111111111111111,0.2222222222222222,0.7777777777777778,0.0,0.7777777777777778,0.0
2778,0,soft_dt_jump,33,20,31,1,1,0.9393939393939394,0.030303030303030304,0.030303030303030304,0.9696969696969697,0.0,0.9696969696969697,0.0
2779,0,soft_dt_jump,17,50,13,2,2,0.7647058823529411,0.11764705882352941,0.11764705882352941,0.8823529411764706,0.0,0.8823529411764706,0.0
2780,0,soft_dt_jump,11,550,6,2,3,0.5454545454545454,0.18181818181818182,0.2727272727272727,0.6363636363636364,0.09090909090909091,0.5454545454545454,0.0
2781,2,soft_dt_jump,19,780,8,9,2,0.42105263157894735,0.47368421052631576,0.10526315789473684,0.3684210526315789,0.47368421052631576,0.2631578947368421,0.0
2782,2,soft_dt_jump,11,510,4,6,1,0.36363636363636365,0.5454545454545454,0.09090909090909091,0.36363636363636365,0.5454545454545454,0.2727272727272727,0.0
2783,0,soft_dt_jump,12,170,9,3,0,0.75,0.25,0.0,0.6666666666666666,0.3333333333333333,0.6666666666666666,0.0
2784,0,soft_dt_jump,51,590,40,7,4,0.7843137254901961,0.13725490196078433,0.0784313725490196,0.803921568627451,0.09803921568627451,0.7647058823529411,0.0
2785,0,soft_dt_jump,41,0,40,1,0,0.975609756097561,0.024390243902439025,0.0,1.0,0.0,0.8048780487804879,0.0
2786,2,soft_dt_jump,9,570,2,4,3,0.2222222222222222,0.4444444444444444,0.3333333333333333,0.1111111111111111,0.4444444444444444,0.1111111111111111,0.0
2787,6,soft_state_jump,11,690,2,8,1,0.18181818181818182,0.7272727272727273,0.09090909090909091,0.8181818181818182,0.0,0.6363636363636364,0.0
2788,6,soft_dt_jump,13,270,7,4,2,0.5384615384615384,0.3076923076923077,0.15384615384615385,0.5384615384615384,0.15384615384615385,0.46153846153846156,0.0
2789,3,soft_dt_jump,19,1430,4,12,3,0.21052631578947367,0.631578947368421,0.15789473684210525,0.5789473684210527,0.15789473684210525,0.3684210526315789,0.0
2790,1,soft_state_jump,38,1980,10,21,7,0.2631578947368421,0.5526315789473685,0.18421052631578946,0.18421052631578946,0.47368421052631576,0.05263157894736842,0.0
2791,3,soft_dt_jump,10,790,3,5,2,0.3,0.5,0.2,0.1,0.7,0.0,0.0
2792,1,soft_dt_jump,47,2390,19,23,5,0.40425531914893614,0.48936170212765956,0.10638297872340426,0.40425531914893614,0.40425531914893614,0.2978723404255319,0.0
2793,0,soft_dt_jump,13,170,7,6,0,0.5384615384615384,0.46153846153846156,0.0,0.7692307692307693,0.23076923076923078,0.6923076923076923,0.0
2794,0,soft_dt_jump,12,210,8,4,0,0.6666666666666666,0.3333333333333333,0.0,0.8333333333333334,0.08333333333333333,0.8333333333333334,0.0
2795,7,soft_dt_jump,18,330,12,4,2,0.6666666666666666,0.2222222222222222,0.1111111111111111,0.05555555555555555,0.8333333333333334,0.05555555555555555,0.0
2796,1,soft_dt_jump,40,2710,9,20,11,0.225,0.5,0.275,0.375,0.3,0.3,0.0
2797,1,soft_dt_jump,64,1430,27,24,13,0.421875,0.375,0.203125,0.53125,0.203125,0.484375,0.0
2798,3,max_events_per_episode,16,1150,4,7,5,0.25,0.4375,0.3125,0.5625,0.0625,0.375,0.0
2799,0,soft_dt_jump,40,950,27,9,4,0.675,0.225,0.1,0.65,0.225,0.6,0.0
2800,1,soft_dt_jump,30,1930,8,20,2,0.26666666666666666,0.6666666666666666,0.06666666666666667,0.6,0.3333333333333333,0.4,0.0
2801,1,soft_state_jump,39,1750,11,22,6,0.28205128205128205,0.5641025641025641,0.15384615384615385,0.5128205128205128,0.3333333333333333,0.3333333333333333,0.0
2802,1,soft_dt_jump,23,1150,6,15,2,0.2608695652173913,0.6521739130434783,0.08695652173913043,0.5652173913043478,0.34782608695652173,0.30434782608695654,0.0
2803,1,soft_state_jump,39,2400,10,23,6,0.2564102564102564,0.5897435897435898,0.15384615384615385,0.46153846153846156,0.38461538461538464,0.3076923076923077,0.0
2804,1,soft_dt_jump,36,1640,9,25,2,0.25,0.6944444444444444,0.05555555555555555,0.6666666666666666,0.2222222222222222,0.4444444444444444,0.0
2805,1,soft_dt_jump,25,1540,6,15,4,0.24,0.6,0.16,0.6,0.2,0.4,0.0
2806,0,soft_dt_jump,20,430,14,6,0,0.7,0.3,0.0,0.85,0.1,0.8,0.0
2807,1,soft_dt_jump,31,1580,8,12,11,0.25806451612903225,0.3870967741935484,0.3548387096774194,0.5483870967741935,0.06451612903225806,0.3870967741935484,0.0
2808,0,soft_dt_jump,15,260,11,4,0,0.7333333333333333,0.26666666666666666,0.0,0.8,0.2,0.8,0.0
2809,1,soft_dt_jump,33,1600,9,21,3,0.2727272727272727,0.6363636363636364,0.09090909090909091,0.5454545454545454,0.24242424242424243,0.3939393939393939,0.0
2810,2,soft_dt_jump,10,480,4,5,1,0.4,0.5,0.1,0.5,0.3,0.4,0.0
2811,0,soft_side_flip_with_dt_jump,9,180,6,3,0,0.6666666666666666,0.3333333333333333,0.0,1.0,0.0,1.0,0.0
2812,6,soft_dt_jump,8,60,3,3,2,0.375,0.375,0.25,0.5,0.125,0.5,0.0
2813,7,soft_dt_jump,27,610,16,10,1,0.5925925925925926,0.37037037037037035,0.037037037037037035,0.5185185185185185,0.4444444444444444,0.37037037037037035,0.0
2814,6,soft_dt_jump,9,110,5,4,0,0.5555555555555556,0.4444444444444444,0.0,0.6666666666666666,0.3333333333333333,0.5555555555555556,0.0
2815,1,soft_dt_jump,26,1400,6,17,3,0.23076923076923078,0.6538461538461539,0.11538461538461539,0.5384615384615384,0.3076923076923077,0.3076923076923077,0.0
2816,2,soft_dt_jump,20,710,3,14,3,0.15,0.7,0.15,0.6,0.2,0.25,0.0
2817,0,soft_dt_jump,64,1760,43,19,2,0.671875,0.296875,0.03125,0.71875,0.1875,0.625,0.0
2818,0,max_events_per_episode,8,40,7,1,0,0.875,0.125,0.0,1.0,0.0,0.875,0.0
2819,6,soft_side_flip_with_dt_jump,10,300,5,5,0,0.5,0.5,0.0,0.6,0.3,0.6,0.0
2820,2,soft_dt_jump,18,970,8,10,0,0.4444444444444444,0.5555555555555556,0.0,0.2222222222222222,0.7777777777777778,0.16666666666666666,0.0
2821,6,soft_dt_jump,13,440,5,7,1,0.38461538461538464,0.5384615384615384,0.07692307692307693,0.6153846153846154,0.15384615384615385,0.6153846153846154,0.0
2822,6,soft_dt_jump,26,1060,9,14,3,0.34615384615384615,0.5384615384615384,0.11538461538461539,0.6923076923076923,0.11538461538461539,0.5769230769230769,0.0
2823,3,soft_dt_jump,9,470,3,5,1,0.3333333333333333,0.5555555555555556,0.1111111111111111,0.4444444444444444,0.2222222222222222,0.3333333333333333,0.0
2824,1,soft_dt_jump,43,1300,20,22,1,0.46511627906976744,0.5116279069767442,0.023255813953488372,0.7209302325581395,0.20930232558139536,0.5581395348837209,0.0
2825,2,soft_dt_jump,16,820,5,11,0,0.3125,0.6875,0.0,0.375,0.5625,0.25,0.0
2826,6,soft_dt_jump,9,150,4,4,1,0.4444444444444444,0.4444444444444444,0.1111111111111111,0.6666666666666666,0.2222222222222222,0.4444444444444444,0.0
2827,1,soft_dt_jump,30,1400,7,18,5,0.23333333333333334,0.6,0.16666666666666666,0.36666666666666664,0.4,0.16666666666666666,0.0
2828,6,soft_dt_jump,8,130,4,3,1,0.5,0.375,0.125,0.625,0.25,0.375,0.0
2829,2,soft_dt_jump,8,220,3,5,0,0.375,0.625,0.0,0.5,0.5,0.25,0.0
2830,6,soft_dt_jump,18,690,7,10,1,0.3888888888888889,0.5555555555555556,0.05555555555555555,0.7222222222222222,0.1111111111111111,0.7222222222222222,0.0
2831,2,soft_dt_jump,29,1530,8,19,2,0.27586206896551724,0.6551724137931034,0.06896551724137931,0.3793103448275862,0.4482758620689655,0.20689655172413793,0.0
2832,1,soft_dt_jump,30,1220,13,13,4,0.43333333333333335,0.43333333333333335,0.13333333333333333,0.5666666666666667,0.23333333333333334,0.43333333333333335,0.0
2833,6,soft_dt_jump,17,590,7,9,1,0.4117647058823529,0.5294117647058824,0.058823529411764705,0.8823529411764706,0.0,0.6470588235294118,0.0
2834,7,soft_dt_jump,23,880,11,8,4,0.4782608695652174,0.34782608695652173,0.17391304347826086,0.17391304347826086,0.6521739130434783,0.13043478260869565,0.0
2835,7,soft_dt_jump,17,130,10,5,2,0.5882352941176471,0.29411764705882354,0.11764705882352941,0.23529411764705882,0.5882352941176471,0.11764705882352941,0.0
2836,2,soft_dt_jump,18,700,5,11,2,0.2777777777777778,0.6111111111111112,0.1111111111111111,0.3888888888888889,0.5,0.2777777777777778,0.0
2837,6,soft_side_flip_with_dt_jump,11,410,5,6,0,0.45454545454545453,0.5454545454545454,0.0,0.6363636363636364,0.36363636363636365,0.5454545454545454,0.0
2838,2,soft_dt_jump,12,600,2,9,1,0.16666666666666666,0.75,0.08333333333333333,0.5,0.4166666666666667,0.0,0.0
2839,6,soft_dt_jump,9,120,4,5,0,0.4444444444444444,0.5555555555555556,0.0,0.6666666666666666,0.1111111111111111,0.5555555555555556,0.0
2840,7,soft_dt_jump,24,530,15,7,2,0.625,0.2916666666666667,0.08333333333333333,0.16666666666666666,0.75,0.08333333333333333,0.0
2841,6,soft_dt_jump,12,800,3,6,3,0.25,0.5,0.25,0.75,0.0,0.5833333333333334,0.0
2842,6,soft_dt_jump,15,500,6,8,1,0.4,0.5333333333333333,0.06666666666666667,0.5333333333333333,0.3333333333333333,0.5333333333333333,0.0
2843,6,soft_dt_jump,14,350,4,9,1,0.2857142857142857,0.6428571428571429,0.07142857142857142,0.5,0.35714285714285715,0.5,0.0
2844,1,soft_dt_jump,41,2530,12,24,5,0.2926829268292683,0.5853658536585366,0.12195121951219512,0.4146341463414634,0.43902439024390244,0.2926829268292683,0.0
2845,6,soft_dt_jump,20,880,4,15,1,0.2,0.75,0.05,0.65,0.1,0.45,0.0
2846,2,soft_dt_jump,11,220,3,8,0,0.2727272727272727,0.7272727272727273,0.0,0.5454545454545454,0.36363636363636365,0.2727272727272727,0.0
2847,6,soft_dt_jump,17,250,6,10,1,0.35294117647058826,0.5882352941176471,0.058823529411764705,0.7647058823529411,0.17647058823529413,0.6470588235294118,0.0
2848,6,soft_dt_jump,15,220,4,11,0,0.26666666666666666,0.7333333333333333,0.0,0.8666666666666667,0.06666666666666667,0.8,0.0
2849,1,soft_dt_jump,33,1220,9,19,5,0.2727272727272727,0.5757575757575758,0.15151515151515152,0.5757575757575758,0.15151515151515152,0.5151515151515151,0.0
2850,7,soft_side_flip_with_dt_jump,29,810,18,11,0,0.6206896551724138,0.3793103448275862,0.0,0.27586206896551724,0.7241379310344828,0.1724137931034483,0.0
2851,1,soft_dt_jump,44,1660,10,27,7,0.22727272727272727,0.6136363636363636,0.1590909090909091,0.4772727272727273,0.29545454545454547,0.3409090909090909,0.0
2852,0,soft_dt_jump,8,70,5,3,0,0.625,0.375,0.0,1.0,0.0,0.875,0.0
2853,0,soft_dt_jump,11,30,6,5,0,0.5454545454545454,0.45454545454545453,0.0,0.9090909090909091,0.09090909090909091,0.9090909090909091,0.0
2854,0,soft_dt_jump,20,500,11,8,1,0.55,0.4,0.05,0.8,0.15,0.7,0.0
2855,1,soft_dt_jump,24,1540,4,16,4,0.16666666666666666,0.6666666666666666,0.16666666666666666,0.625,0.125,0.5416666666666666,0.0
2856,0,soft_dt_jump,50,450,42,8,0,0.84,0.16,0.0,0.9,0.08,0.88,0.0
2857,6,soft_dt_jump,24,1160,6,16,2,0.25,0.6666666666666666,0.08333333333333333,0.7083333333333334,0.125,0.5833333333333334,0.0
2858,0,soft_dt_jump,53,1560,36,12,5,0.6792452830188679,0.22641509433962265,0.09433962264150944,0.8490566037735849,0.05660377358490566,0.7358490566037735,0.0
2859,6,soft_dt_jump,27,1090,10,17,0,0.37037037037037035,0.6296296296296297,0.0,0.8518518518518519,0.14814814814814814,0.6296296296296297,0.0
2860,0,soft_dt_jump,22,690,12,8,2,0.5454545454545454,0.36363636363636365,0.09090909090909091,0.8181818181818182,0.09090909090909091,0.6818181818181818,0.0
2861,6,soft_dt_jump,8,360,3,5,0,0.375,0.625,0.0,0.75,0.25,0.75,0.0
2862,2,soft_state_jump,11,560,2,5,4,0.18181818181818182,0.45454545454545453,0.36363636363636365,0.45454545454545453,0.18181818181818182,0.36363636363636365,0.0
2863,6,soft_side_flip_with_dt_jump,9,340,3,5,1,0.3333333333333333,0.5555555555555556,0.1111111111111111,0.6666666666666666,0.2222222222222222,0.5555555555555556,0.0
2864,1,soft_dt_jump,21,1070,7,10,4,0.3333333333333333,0.47619047619047616,0.19047619047619047,0.7142857142857143,0.09523809523809523,0.38095238095238093,0.0
2865,1,soft_dt_jump,26,1210,5,15,6,0.19230769230769232,0.5769230769230769,0.23076923076923078,0.4230769230769231,0.3076923076923077,0.19230769230769232,0.0
2866,2,soft_dt_jump,12,580,3,6,3,0.25,0.5,0.25,0.4166666666666667,0.16666666666666666,0.25,0.0
2867,1,soft_dt_jump,27,630,9,14,4,0.3333333333333333,0.5185185185185185,0.14814814814814814,0.5185185185185185,0.2962962962962963,0.4444444444444444,0.0
2868,1,soft_dt_jump,38,2330,6,26,6,0.15789473684210525,0.6842105263157895,0.15789473684210525,0.5526315789473685,0.2894736842105263,0.23684210526315788,0.0
2869,2,soft_dt_jump,9,380,3,5,1,0.3333333333333333,0.5555555555555556,0.1111111111111111,0.6666666666666666,0.2222222222222222,0.4444444444444444,0.0
2870,1,soft_dt_jump,53,3170,14,35,4,0.2641509433962264,0.660377358490566,0.07547169811320754,0.5849056603773585,0.2830188679245283,0.3018867924528302,0.0
2871,1,soft_state_jump,29,1200,8,18,3,0.27586206896551724,0.6206896551724138,0.10344827586206896,0.4482758620689655,0.3793103448275862,0.3793103448275862,0.0
2872,1,soft_dt_jump,23,990,8,12,3,0.34782608695652173,0.5217391304347826,0.13043478260869565,0.5652173913043478,0.2608695652173913,0.391304347826087,0.0
2873,2,soft_dt_jump,8,390,1,3,4,0.125,0.375,0.4,0.25,0.125,0.125,0.0
2874,7,soft_state_jump,8,0,6,2,0,0.75,0.25,0.0,0.125,0.875,0.0,0.0
2875,2,soft_dt_jump,25,1070,5,19,1,0.2,0.76,0.04,0.56,0.32,0.24,0.0
2876,0,soft_dt_jump,53,40,50,3,0,0.9433962264150944,0.05660377358490566,0.0,0.9433962264150944,0.05660377358490566,0.9433962264150944,0.0
2877,1,soft_dt_jump,24,990,8,14,2,0.3333333333333333,0.5833333333333334,0.08333333333333333,0.4583333333333333,0.4166666666666667,0.2916666666666667,0.0
2878,2,soft_dt_jump,10,170,5,5,0,0.5,0.5,0.0,0.4,0.5,0.3,0.0
2879,7,soft_dt_jump,28,970,13,13,2,0.4642857142857143,0.4642857142857143,0.07142857142857142,0.21428571428571427,0.6785714285714286,0.14285714285714285,0.0
2880,6,soft_dt_jump,8,90,2,6,0,0.25,0.75,0.0,0.75,0.125,0.5,0.0
2881,1,soft_dt_jump,33,2120,6,23,4,0.18181818181818182,0.696969696969697,0.12121212121212122,0.3939393939393939,0.3939393939393939,0.15151515151515152,0.0
2882,6,soft_dt_jump,8,260,4,3,1,0.5,0.375,0.125,0.875,0.0,0.625,0.0
2883,0,soft_dt_jump,8,70,5,3,0,0.625,0.375,0.0,0.875,0.0,0.75,0.0
2884,2,soft_dt_jump,10,540,4,6,0,0.4,0.6,0.0,0.5,0.4,0.4,0.0
2885,0,soft_dt_jump,13,500,8,3,2,0.6153846153846154,0.23076923076923078,0.15384615384615385,0.6923076923076923,0.07692307692307693,0.5384615384615384,0.0
2886,0,soft_dt_jump,38,280,30,6,2,0.7894736842105263,0.15789473684210525,0.05263157894736842,0.8421052631578947,0.07894736842105263,0.8157894736842105,0.0
2887,2,soft_dt_jump,13,670,4,9,0,0.3076923076923077,0.6923076923076923,0.0,0.46153846153846156,0.46153846153846156,0.23076923076923078,0.0
2888,0,soft_state_jump,64,0,63,1,0,0.984375,0.015625,0.0,1.0,0.0,1.0,0.0
2889,0,max_events_per_episode,64,0,64,0,0,1.0,0.0,0.0,1.0,0.0,1.0,0.0
2890,0,max_events_per_episode,64,0,64,0,0,1.0,0.0,0.0,1.0,0.0,1.0,0.0
2891,2,max_events_per_episode,17,700,5,10,2,0.29411764705882354,0.5882352941176471,0.11764705882352941,0.35294117647058826,0.4117647058823529,0.23529411764705882,0.0
2892,2,soft_dt_jump,32,1020,11,20,1,0.34375,0.625,0.03125,0.375,0.5625,0.15625,0.0
2893,2,soft_dt_jump,15,730,2,13,0,0.13333333333333333,0.8666666666666667,0.0,0.6,0.3333333333333333,0.2,0.0
2894,2,soft_state_jump,13,420,3,9,1,0.23076923076923078,0.6923076923076923,0.07692307692307693,0.6153846153846154,0.3076923076923077,0.46153846153846156,0.0
2895,1,soft_dt_jump,31,1540,12,17,2,0.3870967741935484,0.5483870967741935,0.06451612903225806,0.6774193548387096,0.22580645161290322,0.5161290322580645,0.0
2896,6,soft_dt_jump,19,650,10,8,1,0.5263157894736842,0.42105263157894735,0.05263157894736842,0.5789473684210527,0.2631578947368421,0.5263157894736842,0.0
2897,0,soft_dt_jump,10,110,7,3,0,0.7,0.3,0.0,1.0,0.0,0.9,0.0
2898,1,soft_dt_jump,24,480,9,13,2,0.375,0.5416666666666666,0.08333333333333333,0.5416666666666666,0.3333333333333333,0.4166666666666667,0.0
2899,6,soft_dt_jump,14,550,7,7,0,0.5,0.5,0.0,0.7857142857142857,0.21428571428571427,0.5,0.0
2900,6,soft_dt_jump,20,870,9,10,1,0.45,0.5,0.05,0.75,0.2,0.75,0.0
2901,0,soft_dt_jump,11,150,6,3,2,0.5454545454545454,0.2727272727272727,0.18181818181818182,0.6363636363636364,0.18181818181818182,0.5454545454545454,0.0
2902,0,soft_dt_jump,29,410,19,8,2,0.6551724137931034,0.27586206896551724,0.06896551724137931,0.8620689655172413,0.06896551724137931,0.7241379310344828,0.0
2903,1,soft_dt_jump,22,640,7,9,6,0.3181818181818182,0.4090909090909091,0.2727272727272727,0.5,0.22727272727272727,0.36363636363636365,0.0
2904,0,soft_dt_jump,9,30,5,4,0,0.5555555555555556,0.4444444444444444,0.0,1.0,0.0,0.7777777777777778,0.0
2905,6,soft_dt_jump,8,130,4,4,0,0.5,0.5,0.0,0.625,0.25,0.375,0.0
2906,0,soft_dt_jump,8,30,6,2,0,0.75,0.25,0.0,1.0,0.0,0.875,0.0
2907,2,soft_dt_jump,8,200,1,4,3,0.125,0.5,0.375,0.25,0.375,0.125,0.0
2908,0,soft_dt_jump,30,0,28,2,0,0.9333333333333333,0.06666666666666667,0.0,1.0,0.0,0.9666666666666667,0.0
2909,6,soft_dt_jump,16,580,6,10,0,0.375,0.625,0.0,0.6875,0.3125,0.625,0.0
2910,0,soft_dt_jump,64,40,61,1,2,0.953125,0.015625,0.03125,0.96875,0.0,0.96875,0.0
2911,0,max_events_per_episode,64,0,64,0,0,1.0,0.0,0.0,1.0,0.0,1.0,0.0
2912,0,max_events_per_episode,46,0,46,0,0,1.0,0.0,0.0,1.0,0.0,1.0,0.0
2913,4,soft_dt_jump,9,30,3,6,0,0.3333333333333333,0.6666666666666666,0.0,0.7777777777777778,0.1111111111111111,0.7777777777777778,0.0
2914,6,soft_dt_jump,12,350,4,7,1,0.3333333333333333,0.5833333333333334,0.08333333333333333,0.75,0.0,0.75,0.0
2915,0,soft_dt_jump,9,70,7,2,0,0.7777777777777778,0.2222222222222222,0.0,0.8888888888888888,0.1111111111111111,0.1111111111111111,0.0
2916,1,soft_dt_jump,64,2880,14,43,7,0.21875,0.671875,0.109375,0.15625,0.515625,0.015625,0.0
2917,2,max_events_per_episode,8,150,2,5,1,0.25,0.625,0.125,0.125,0.375,0.0,0.0
2918,1,soft_dt_jump,46,2470,15,27,4,0.32608695652173914,0.5869565217391305,0.08695652173913043,0.41304347826086957,0.34782608695652173,0.2391304347826087,0.0
2919,0,soft_dt_jump,20,220,16,3,1,0.8,0.15,0.05,0.75,0.2,0.7,0.0
2920,3,soft_dt_jump,38,2310,5,26,7,0.13157894736842105,0.6842105263157895,0.18421052631578946,0.21052631578947367,0.5,0.10526315789473684,0.0
2921,6,soft_side_flip_with_dt_jump,18,550,3,15,0,0.16666666666666666,0.8333333333333334,0.0,0.5,0.3333333333333333,0.2777777777777778,0.0
2922,1,soft_dt_jump,64,1590,38,19,7,0.59375,0.296875,0.109375,0.640625,0.15625,0.53125,0.0
2923,0,max_events_per_episode,20,0,20,0,0,1.0,0.0,0.0,1.0,0.0,1.0,0.0
2924,1,soft_dt_jump,18,880,3,11,4,0.16666666666666666,0.6111111111111112,0.2222222222222222,0.5,0.2777777777777778,0.2222222222222222,0.0
2925,2,soft_state_jump,11,400,4,7,0,0.36363636363636365,0.6363636363636364,0.0,0.45454545454545453,0.5454545454545454,0.18181818181818182,0.0
2926,0,soft_dt_jump,32,130,27,5,0,0.84375,0.15625,0.0,1.0,0.0,0.875,0.0
2927,6,soft_dt_jump,8,260,2,5,1,0.25,0.625,0.125,0.625,0.125,0.625,0.0
2928,1,soft_dt_jump,33,1570,10,21,2,0.30303030303030304,0.6363636363636364,0.06060606060606061,0.6060606060606061,0.3333333333333333,0.3333333333333333,0.0
2929,0,soft_state_jump,24,180,16,8,0,0.6666666666666666,0.3333333333333333,0.0,0.9583333333333334,0.0,0.9166666666666666,0.0
2930,0,soft_dt_jump,8,20,5,2,1,0.625,0.25,0.125,0.875,0.0,0.75,0.0
2931,6,soft_dt_jump,14,250,5,8,1,0.35714285714285715,0.5714285714285714,0.07142857142857142,0.5,0.42857142857142855,0.35714285714285715,0.0
2932,6,soft_dt_jump,15,620,8,5,2,0.5333333333333333,0.3333333333333333,0.13333333333333333,0.7333333333333333,0.13333333333333333,0.5333333333333333,0.0
2933,6,soft_dt_jump,12,330,3,9,0,0.25,0.75,0.0,0.6666666666666666,0.25,0.4166666666666667,0.0
2934,1,soft_dt_jump,33,1000,7,21,5,0.21212121212121213,0.6363636363636364,0.15151515151515152,0.5757575757575758,0.21212121212121213,0.36363636363636365,0.0
2935,6,soft_dt_jump,18,640,8,7,3,0.4444444444444444,0.3888888888888889,0.16666666666666666,0.7222222222222222,0.1111111111111111,0.5,0.0
2936,0,soft_dt_jump,24,180,21,2,1,0.875,0.08333333333333333,0.041666666666666664,0.9166666666666666,0.041666666666666664,0.125,0.0
2937,1,soft_dt_jump,57,2310,13,39,5,0.22807017543859648,0.6842105263157895,0.08771929824561403,0.6491228070175439,0.19298245614035087,0.49122807017543857,0.0
2938,1,soft_state_jump,29,1100,10,14,5,0.3448275862068966,0.4827586206896552,0.1724137931034483,0.6551724137931034,0.10344827586206896,0.4482758620689655,0.0
2939,1,soft_dt_jump,64,1350,37,23,4,0.578125,0.359375,0.0625,0.828125,0.09375,0.375,0.0
2940,0,max_events_per_episode,64,0,64,0,0,1.0,0.0,0.0,1.0,0.0,0.0,0.0
2941,0,max_events_per_episode,64,0,64,0,0,1.0,0.0,0.0,1.0,0.0,0.0,0.0
2942,0,max_events_per_episode,64,0,64,0,0,1.0,0.0,0.0,1.0,0.0,0.0,0.0
2943,2,max_events_per_episode,28,1240,7,20,1,0.25,0.7142857142857143,0.03571428571428571,0.35714285714285715,0.5,0.10714285714285714,0.0
2944,1,soft_dt_jump,38,1220,9,25,4,0.23684210526315788,0.6578947368421053,0.10526315789473684,0.42105263157894735,0.39473684210526316,0.07894736842105263,0.0
2945,7,soft_dt_jump,33,150,28,4,1,0.8484848484848485,0.12121212121212122,0.030303030303030304,0.030303030303030304,0.15151515151515152,0.030303030303030304,0.0
2946,6,soft_dt_jump,14,310,7,6,1,0.5,0.42857142857142855,0.07142857142857142,0.5714285714285714,0.35714285714285715,0.2857142857142857,0.0
2947,5,soft_dt_jump,24,1480,5,16,3,0.20833333333333334,0.6666666666666666,0.125,0.625,0.08333333333333333,0.2916666666666667,0.08333333333333333
2948,5,soft_dt_jump,14,610,6,7,1,0.42857142857142855,0.5,0.07142857142857142,0.07142857142857142,0.21428571428571427,0.0,0.6428571428571429
2949,5,soft_dt_jump,9,210,2,6,1,0.2222222222222222,0.6666666666666666,0.1111111111111111,0.4444444444444444,0.0,0.2222222222222222,0.3333333333333333
2950,5,soft_dt_jump,9,330,3,6,0,0.3333333333333333,0.6666666666666666,0.0,0.5555555555555556,0.0,0.3333333333333333,0.4444444444444444
2951,1,soft_state_jump,55,1600,17,26,12,0.3090909090909091,0.4727272727272727,0.21818181818181817,0.7454545454545455,0.03636363636363636,0.16363636363636364,0.0
2952,3,soft_dt_jump,11,410,2,8,1,0.18181818181818182,0.7272727272727273,0.09090909090909091,0.45454545454545453,0.36363636363636365,0.18181818181818182,0.0
2953,1,soft_dt_jump,18,680,1,13,4,0.05555555555555555,0.7222222222222222,0.2222222222222222,0.6111111111111112,0.1111111111111111,0.05555555555555555,0.0
2954,3,soft_side_flip_with_dt_jump,21,550,4,15,2,0.19047619047619047,0.7142857142857143,0.09523809523809523,0.6190476190476191,0.09523809523809523,0.42857142857142855,0.0
2955,7,soft_side_flip_with_dt_jump,12,180,6,6,0,0.5,0.5,0.0,0.4166666666666667,0.5833333333333334,0.25,0.0
2956,2,soft_dt_jump,13,390,2,10,1,0.15384615384615385,0.7692307692307693,0.07692307692307693,0.6153846153846154,0.23076923076923078,0.23076923076923078,0.0
2957,1,soft_dt_jump,35,1130,5,25,5,0.14285714285714285,0.7142857142857143,0.14285714285714285,0.45714285714285713,0.34285714285714286,0.17142857142857143,0.0
2958,1,soft_dt_jump,43,1570,7,30,6,0.16279069767441862,0.6976744186046512,0.13953488372093023,0.6744186046511628,0.16279069767441862,0.23255813953488372,0.0
2959,6,soft_side_flip_with_dt_jump,14,570,4,10,0,0.2857142857142857,0.7142857142857143,0.0,0.8571428571428571,0.14285714285714285,0.5714285714285714,0.0
2960,6,soft_dt_jump,15,340,4,11,0,0.26666666666666666,0.7333333333333333,0.0,0.5333333333333333,0.26666666666666666,0.4,0.0
2961,1,soft_dt_jump,48,2080,13,32,3,0.2708333333333333,0.6666666666666666,0.0625,0.8333333333333334,0.0625,0.4375,0.0
2962,1,soft_dt_jump,25,770,5,17,3,0.2,0.68,0.12,0.76,0.12,0.32,0.0
2963,1,soft_dt_jump,19,600,6,11,2,0.3157894736842105,0.5789473684210527,0.10526315789473684,0.6842105263157895,0.21052631578947367,0.3157894736842105,0.0
2964,6,soft_side_flip_with_dt_jump,16,230,4,10,2,0.25,0.625,0.125,0.8125,0.0,0.5,0.0
2965,1,soft_side_flip_with_dt_jump,21,860,2,15,4,0.09523809523809523,0.7142857142857143,0.19047619047619047,0.5714285714285714,0.23809523809523808,0.2857142857142857,0.0
2966,1,soft_dt_jump,17,570,2,13,2,0.11764705882352941,0.7647058823529411,0.11764705882352941,0.8235294117647058,0.0,0.35294117647058826,0.0
2967,1,soft_dt_jump,32,1790,8,20,4,0.25,0.625,0.125,0.75,0.09375,0.46875,0.0
2968,1,soft_dt_jump,56,1980,14,39,3,0.25,0.6964285714285714,0.05357142857142857,0.6607142857142857,0.23214285714285715,0.19642857142857142,0.0
2969,0,soft_dt_jump,15,210,9,5,1,0.6,0.3333333333333333,0.06666666666666667,0.6666666666666666,0.2,0.5333333333333333,0.0
2970,2,soft_dt_jump,9,120,2,6,1,0.2222222222222222,0.6666666666666666,0.1111111111111111,0.4444444444444444,0.4444444444444444,0.0,0.0
2971,1,soft_side_flip_with_dt_jump,29,1500,3,23,3,0.10344827586206896,0.7931034482758621,0.10344827586206896,0.5862068965517241,0.1724137931034483,0.13793103448275862,0.0
2972,1,soft_state_jump,42,1890,10,27,5,0.23809523809523808,0.6428571428571429,0.11904761904761904,0.5714285714285714,0.23809523809523808,0.30952380952380953,0.0
2973,1,soft_dt_jump,64,2530,9,51,4,0.140625,0.796875,0.0625,0.765625,0.09375,0.390625,0.0
2974,6,max_events_per_episode,25,790,9,16,0,0.36,0.64,0.0,0.56,0.4,0.32,0.0
2975,0,soft_dt_jump,34,820,20,12,2,0.5882352941176471,0.35294117647058826,0.058823529411764705,0.8235294117647058,0.08823529411764706,0.7058823529411765,0.0
2976,6,soft_dt_jump,26,840,12,11,3,0.46153846153846156,0.4230769230769231,0.11538461538461539,0.8076923076923077,0.038461538461538464,0.6153846153846154,0.0
2977,1,soft_dt_jump,46,1330,12,29,5,0.2608695652173913,0.6304347826086957,0.10869565217391304,0.8260869565217391,0.06521739130434782,0.5217391304347826,0.0
2978,2,soft_state_jump,17,540,6,11,0,0.35294117647058826,0.6470588235294118,0.0,0.17647058823529413,0.6470588235294118,0.058823529411764705,0.0
2979,6,soft_side_flip_with_dt_jump,18,720,7,10,1,0.3888888888888889,0.5555555555555556,0.05555555555555555,0.7222222222222222,0.05555555555555555,0.3333333333333333,0.0
2980,2,soft_dt_jump,13,450,3,9,1,0.23076923076923078,0.6923076923076923,0.07692307692307693,0.3076923076923077,0.46153846153846156,0.07692307692307693,0.0
2981,2,soft_side_flip_with_dt_jump,19,570,4,12,3,0.21052631578947367,0.631578947368421,0.15789473684210525,0.2631578947368421,0.42105263157894735,0.0,0.0
2982,7,soft_dt_jump,19,300,9,8,2,0.47368421052631576,0.42105263157894735,0.10526315789473684,0.3157894736842105,0.5789473684210527,0.0,0.0
2983,1,soft_dt_jump,34,1190,11,19,4,0.3235294117647059,0.5588235294117647,0.11764705882352941,0.23529411764705882,0.4117647058823529,0.11764705882352941,0.0
2984,1,soft_dt_jump,47,2040,6,36,5,0.1276595744680851,0.7659574468085106,0.10638297872340426,0.5106382978723404,0.2978723404255319,0.19148936170212766,0.0
2985,1,soft_dt_jump,28,1010,4,22,2,0.14285714285714285,0.7857142857142857,0.07142857142857142,0.5,0.25,0.32142857142857145,0.0
2986,2,soft_side_flip_with_dt_jump,28,1200,7,21,0,0.25,0.75,0.0,0.42857142857142855,0.4642857142857143,0.25,0.0
2987,7,soft_dt_jump,43,340,31,10,2,0.7209302325581395,0.23255813953488372,0.046511627906976744,0.09302325581395349,0.3953488372093023,0.023255813953488372,0.0
2988,0,soft_dt_jump,8,100,5,3,0,0.625,0.375,0.0,0.875,0.0,0.75,0.0
2989,1,soft_side_flip_with_dt_jump,53,2640,11,33,9,0.20754716981132076,0.6226415094339622,0.16981132075471697,0.3018867924528302,0.37735849056603776,0.1509433962264151,0.0
2990,1,soft_dt_jump,51,1690,12,37,2,0.23529411764705882,0.7254901960784313,0.0392156862745098,0.43137254901960786,0.49019607843137253,0.21568627450980393,0.0
2991,1,soft_dt_jump,49,1990,10,35,4,0.20408163265306123,0.7142857142857143,0.08163265306122448,0.3877551020408163,0.42857142857142855,0.08163265306122448,0.0
2992,1,soft_dt_jump,43,2100,7,33,3,0.16279069767441862,0.7674418604651163,0.06976744186046512,0.5581395348837209,0.27906976744186046,0.3488372093023256,0.0
2993,7,soft_dt_jump,12,380,6,6,0,0.5,0.5,0.0,0.08333333333333333,0.9166666666666666,0.08333333333333333,0.0
2994,4,soft_dt_jump,9,60,2,7,0,0.2222222222222222,0.7777777777777778,0.0,0.5555555555555556,0.3333333333333333,0.1111111111111111,0.0
2995,6,soft_dt_jump,13,370,2,11,0,0.15384615384615385,0.8461538461538461,0.0,0.8461538461538461,0.15384615384615385,0.5384615384615384,0.0
2996,6,soft_side_flip_with_dt_jump,8,220,2,5,1,0.25,0.625,0.125,0.875,0.0,0.625,0.0
2997,0,soft_dt_jump,21,0,20,1,0,0.9523809523809523,0.047619047619047616,0.0,0.9523809523809523,0.0,0.9523809523809523,0.0
2998,7,soft_dt_jump,25,430,18,6,1,0.72,0.24,0.04,0.12,0.84,0.08,0.0
2999,1,soft_dt_jump,32,1700,6,24,2,0.1875,0.75,0.0625,0.53125,0.34375,0.21875,0.0
3000,1,soft_dt_jump,35,2030,13,15,7,0.37142857142857144,0.42857142857142855,0.2,0.22857142857142856,0.5428571428571428,0.05714285714285714,0.0
3001,2,soft_dt_jump,28,1240,5,21,2,0.17857142857142858,0.75,0.07142857142857142,0.39285714285714285,0.5357142857142857,0.17857142857142858,0.0
3002,2,soft_dt_jump,24,820,4,18,2,0.16666666666666666,0.75,0.08333333333333333,0.3333333333333333,0.4166666666666667,0.125,0.0
3003,1,soft_state_jump,64,3500,8,52,4,0.125,0.8125,0.0625,0.890625,0.0,0.453125,0.0
3004,3,max_events_per_episode,8,330,1,6,1,0.125,0.75,0.125,0.5,0.125,0.125,0.0
3005,1,soft_dt_jump,26,1590,3,22,1,0.11538461538461539,0.8461538461538461,0.038461538461538464,0.8461538461538461,0.07692307692307693,0.38461538461538464,0.0
3006,2,soft_side_flip_with_dt_jump,9,180,1,7,1,0.1111111111111111,0.7777777777777778,0.1111111111111111,0.7777777777777778,0.1111111111111111,0.3333333333333333,0.0
3007,1,soft_dt_jump,29,1190,5,21,3,0.1724137931034483,0.7241379310344828,0.10344827586206896,0.7586206896551724,0.06896551724137931,0.4482758620689655,0.0
3008,1,soft_dt_jump,51,2350,17,31,3,0.3333333333333333,0.6078431372549019,0.058823529411764705,0.7647058823529411,0.1568627450980392,0.5098039215686274,0.0
3009,1,soft_dt_jump,43,1610,12,24,7,0.27906976744186046,0.5581395348837209,0.16279069767441862,0.7674418604651163,0.0,0.4418604651162791,0.0
3010,7,soft_dt_jump,10,30,8,2,0,0.8,0.2,0.0,0.0,0.9,0.0,0.0
3011,4,soft_dt_jump,10,50,4,6,0,0.4,0.6,0.0,0.5,0.5,0.2,0.0
3012,1,soft_dt_jump,24,1270,6,14,4,0.25,0.5833333333333334,0.16666666666666666,0.7083333333333334,0.08333333333333333,0.3333333333333333,0.0
3013,0,soft_dt_jump,23,450,16,7,0,0.6956521739130435,0.30434782608695654,0.0,0.8260869565217391,0.08695652173913043,0.782608695652174,0.0
3014,6,soft_dt_jump,9,490,3,6,0,0.3333333333333333,0.6666666666666666,0.0,0.6666666666666666,0.1111111111111111,0.5555555555555556,0.0
3015,0,soft_dt_jump,12,0,11,1,0,0.9166666666666666,0.08333333333333333,0.0,1.0,0.0,1.0,0.0
3016,1,soft_dt_jump,37,2370,9,26,2,0.24324324324324326,0.7027027027027027,0.05405405405405406,0.6486486486486487,0.21621621621621623,0.3783783783783784,0.0
3017,2,soft_dt_jump,17,750,5,12,0,0.29411764705882354,0.7058823529411765,0.0,0.6470588235294118,0.29411764705882354,0.23529411764705882,0.0
3018,6,soft_dt_jump,12,380,4,8,0,0.3333333333333333,0.6666666666666666,0.0,0.8333333333333334,0.16666666666666666,0.5833333333333334,0.0
3019,6,soft_dt_jump,25,1450,4,20,1,0.16,0.8,0.04,0.6,0.16,0.4,0.0
3020,1,soft_state_jump,64,2740,15,42,7,0.234375,0.65625,0.109375,0.46875,0.328125,0.21875,0.0
3021,7,max_events_per_episode,64,1220,41,22,1,0.640625,0.34375,0.015625,0.328125,0.640625,0.171875,0.0
3022,7,max_events_per_episode,8,70,7,1,0,0.875,0.125,0.0,0.125,0.875,0.0,0.0
3023,2,soft_dt_jump,9,570,0,5,4,0.0,0.5555555555555556,0.4,0.2222222222222222,0.3333333333333333,0.1111111111111111,0.0
3024,2,soft_dt_jump,8,870,0,7,1,0.0,0.875,0.125,0.875,0.0,0.5,0.0
3025,6,soft_state_jump,17,480,2,15,0,0.11764705882352941,0.8823529411764706,0.0,0.8823529411764706,0.0,0.29411764705882354,0.0
3026,1,soft_side_flip_with_dt_jump,64,4040,7,49,8,0.109375,0.765625,0.125,0.859375,0.0,0.28125,0.0
3027,1,max_events_per_episode,29,1110,5,21,3,0.1724137931034483,0.7241379310344828,0.10344827586206896,0.8620689655172413,0.0,0.41379310344827586,0.0
3028,1,soft_dt_jump,38,2330,7,29,2,0.18421052631578946,0.7631578947368421,0.05263157894736842,0.6578947368421053,0.18421052631578946,0.23684210526315788,0.0
3029,1,soft_dt_jump,58,2580,17,31,10,0.29310344827586204,0.5344827586206896,0.1724137931034483,0.6724137931034483,0.10344827586206896,0.41379310344827586,0.0
3030,1,soft_dt_jump,42,1700,15,23,4,0.35714285714285715,0.5476190476190477,0.09523809523809523,0.47619047619047616,0.30952380952380953,0.19047619047619047,0.0
3031,1,soft_dt_jump,20,1370,4,13,3,0.2,0.65,0.15,0.75,0.0,0.5,0.0
3032,1,soft_state_jump,49,1570,24,21,4,0.4897959183673469,0.42857142857142855,0.08163265306122448,0.32653061224489793,0.5510204081632653,0.12244897959183673,0.0
3033,2,soft_dt_jump,13,640,2,10,1,0.15384615384615385,0.7692307692307693,0.07692307692307693,0.6923076923076923,0.15384615384615385,0.23076923076923078,0.0
3034,2,soft_dt_jump,17,720,1,15,1,0.058823529411764705,0.8823529411764706,0.058823529411764705,0.6470588235294118,0.11764705882352941,0.23529411764705882,0.0
3035,6,soft_dt_jump,25,950,12,12,1,0.48,0.48,0.04,0.84,0.08,0.56,0.0
3036,2,soft_dt_jump,16,1290,3,11,2,0.1875,0.6875,0.125,0.625,0.25,0.25,0.0
3037,1,soft_state_jump,53,2630,15,31,7,0.2830188679245283,0.5849056603773585,0.1320754716981132,0.39622641509433965,0.3584905660377358,0.1509433962264151,0.0
3038,1,soft_dt_jump,30,1270,6,21,3,0.2,0.7,0.1,0.7,0.06666666666666667,0.3333333333333333,0.0
3039,1,soft_side_flip_with_dt_jump,20,1190,6,7,7,0.3,0.35,0.35,0.3,0.3,0.1,0.0
3040,1,soft_dt_jump,49,3520,7,35,7,0.14285714285714285,0.7142857142857143,0.14285714285714285,0.673469387755102,0.12244897959183673,0.16326530612244897,0.0
3041,2,soft_state_jump,15,1040,2,10,3,0.13333333333333333,0.6666666666666666,0.2,0.6666666666666666,0.13333333333333333,0.13333333333333333,0.0
3042,1,soft_dt_jump,18,1150,1,13,4,0.05555555555555555,0.7222222222222222,0.2222222222222222,0.7777777777777778,0.0,0.3333333333333333,0.0
3043,1,soft_state_jump,34,1860,9,22,3,0.2647058823529412,0.6470588235294118,0.08823529411764706,0.5,0.3235294117647059,0.23529411764705882,0.0
3044,1,soft_dt_jump,58,4460,4,48,6,0.06896551724137931,0.8275862068965517,0.10344827586206896,0.6724137931034483,0.1206896551724138,0.2413793103448276,0.0
3045,1,soft_dt_jump,21,1020,5,13,3,0.23809523809523808,0.6190476190476191,0.14285714285714285,0.47619047619047616,0.2857142857142857,0.19047619047619047,0.0
3046,1,soft_dt_jump,22,780,1,18,3,0.045454545454545456,0.8181818181818182,0.13636363636363635,0.6818181818181818,0.13636363636363635,0.13636363636363635,0.0
3047,0,soft_state_jump,12,590,7,5,0,0.5833333333333334,0.4166666666666667,0.0,0.8333333333333334,0.0,0.75,0.0
3048,1,soft_dt_jump,29,2000,8,19,2,0.27586206896551724,0.6551724137931034,0.06896551724137931,0.4827586206896552,0.41379310344827586,0.10344827586206896,0.0
3049,0,soft_dt_jump,25,160,20,4,1,0.8,0.16,0.04,0.92,0.04,0.88,0.0
3050,7,soft_dt_jump,9,260,5,4,0,0.5555555555555556,0.4444444444444444,0.0,0.2222222222222222,0.7777777777777778,0.0,0.0
3051,1,soft_dt_jump,64,3890,4,48,12,0.0625,0.75,0.1875,0.53125,0.1875,0.078125,0.0
3052,7,max_events_per_episode,15,10,12,3,0,0.8,0.2,0.0,0.0,0.9333333333333333,0.0,0.0
3053,6,soft_dt_jump,18,820,6,10,2,0.3333333333333333,0.5555555555555556,0.1111111111111111,0.7222222222222222,0.0,0.5555555555555556,0.0
3054,2,soft_dt_jump,9,320,1,7,1,0.1111111111111111,0.7777777777777778,0.1111111111111111,0.7777777777777778,0.1111111111111111,0.3333333333333333,0.0
3055,7,soft_dt_jump,18,240,13,4,1,0.7222222222222222,0.2222222222222222,0.05555555555555555,0.1111111111111111,0.7777777777777778,0.1111111111111111,0.0
3056,1,soft_dt_jump,33,2860,2,30,1,0.06060606060606061,0.8888888888888888,0.030303030303030304,0.5757575757575758,0.18181818181818182,0.06060606060606061,0.0
3057,1,soft_state_jump,43,2600,6,34,3,0.13953488372093023,0.7906976744186046,0.06976744186046512,0.5813953488372093,0.13953488372093023,0.32558139534883723,0.0
3058,1,soft_state_jump,64,2310,31,27,6,0.484375,0.421875,0.09375,0.734375,0.125,0.5625,0.0
3059,1,max_events_per_episode,64,3480,13,43,8,0.203125,0.671875,0.125,0.421875,0.28125,0.140625,0.0
3060,3,max_events_per_episode,25,1650,4,19,2,0.16,0.76,0.08,0.32,0.2,0.08,0.0
3061,2,soft_dt_jump,13,550,4,8,1,0.3076923076923077,0.6153846153846154,0.07692307692307693,0.07692307692307693,0.6153846153846154,0.0,0.0
3062,1,soft_dt_jump,32,1860,8,21,3,0.25,0.65625,0.09375,0.34375,0.40625,0.15625,0.0
3063,1,soft_dt_jump,28,1190,9,13,6,0.32142857142857145,0.4642857142857143,0.21428571428571427,0.21428571428571427,0.42857142857142855,0.17857142857142858,0.0
3064,2,soft_dt_jump,8,180,3,5,0,0.375,0.625,0.0,0.125,0.75,0.125,0.0
3065,1,soft_dt_jump,28,1430,8,17,3,0.2857142857142857,0.6071428571428571,0.10714285714285714,0.42857142857142855,0.42857142857142855,0.17857142857142858,0.0
3066,7,soft_dt_jump,16,120,10,4,2,0.625,0.25,0.125,0.1875,0.6875,0.0625,0.0
3067,6,soft_dt_jump,9,630,3,6,0,0.3333333333333333,0.6666666666666666,0.0,0.5555555555555556,0.4444444444444444,0.3333333333333333,0.0
3068,6,soft_state_jump,9,400,1,5,3,0.1111111111111111,0.5555555555555556,0.3333333333333333,0.5555555555555556,0.0,0.2222222222222222,0.0
3069,1,soft_dt_jump,32,2040,6,20,6,0.1875,0.625,0.1875,0.625,0.09375,0.28125,0.0
3070,6,soft_dt_jump,24,1150,6,14,4,0.25,0.5833333333333334,0.16666666666666666,0.6666666666666666,0.041666666666666664,0.5416666666666666,0.0
3071,2,soft_dt_jump,8,110,4,4,0,0.5,0.5,0.0,0.5,0.5,0.375,0.0
3072,1,soft_dt_jump,18,1550,2,13,3,0.1111111111111111,0.7222222222222222,0.16666666666666666,0.6111111111111112,0.05555555555555555,0.16666666666666666,0.0
3073,1,soft_state_jump,29,2810,3,23,3,0.10344827586206896,0.7931034482758621,0.10344827586206896,0.6896551724137931,0.1724137931034483,0.13793103448275862,0.0
3074,1,soft_state_jump,33,2690,7,21,5,0.21212121212121213,0.6363636363636364,0.15151515151515152,0.696969696969697,0.12121212121212122,0.30303030303030304,0.0
3075,0,soft_dt_jump,14,280,9,5,0,0.6428571428571429,0.35714285714285715,0.0,0.9285714285714286,0.0,0.8571428571428571,0.0
3076,6,soft_dt_jump,8,170,3,5,0,0.375,0.625,0.0,0.625,0.375,0.5,0.0
3077,1,soft_dt_jump,28,1930,4,22,2,0.14285714285714285,0.7857142857142857,0.07142857142857142,0.6428571428571429,0.14285714285714285,0.2857142857142857,0.0
3078,3,soft_state_jump,12,370,4,8,0,0.3333333333333333,0.6666666666666666,0.0,0.08333333333333333,0.8333333333333334,0.08333333333333333,0.0
3079,0,soft_dt_jump,64,660,53,10,1,0.828125,0.15625,0.015625,0.90625,0.0625,0.84375,0.0
3080,0,max_events_per_episode,8,0,8,0,0,1.0,0.0,0.0,1.0,0.0,1.0,0.0
3081,2,soft_dt_jump,9,1390,1,6,2,0.1111111111111111,0.6666666666666666,0.2222222222222222,0.4444444444444444,0.1111111111111111,0.2222222222222222,0.0
3082,1,soft_state_jump,64,2860,30,33,1,0.46875,0.515625,0.015625,0.5625,0.328125,0.359375,0.0
3083,1,max_events_per_episode,28,1150,8,18,2,0.2857142857142857,0.6428571428571429,0.07142857142857142,0.6428571428571429,0.17857142857142858,0.25,0.0
3084,3,soft_side_flip_with_dt_jump,20,1250,2,14,4,0.1,0.7,0.2,0.4,0.05,0.3,0.0
3085,6,soft_state_jump,44,2470,21,22,1,0.4772727272727273,0.5,0.022727272727272728,0.8409090909090909,0.06818181818181818,0.6590909090909091,0.0
3086,2,soft_dt_jump,24,630,6,15,3,0.25,0.625,0.125,0.3333333333333333,0.4583333333333333,0.125,0.0
3087,1,soft_dt_jump,57,3410,14,36,7,0.24561403508771928,0.631578947368421,0.12280701754385964,0.17543859649122806,0.43859649122807015,0.08771929824561403,0.0
3088,7,soft_dt_jump,9,150,5,4,0,0.5555555555555556,0.4444444444444444,0.0,0.3333333333333333,0.5555555555555556,0.3333333333333333,0.0
3089,2,soft_dt_jump,13,470,6,6,1,0.46153846153846156,0.46153846153846156,0.07692307692307693,0.3076923076923077,0.6153846153846154,0.07692307692307693,0.0
3090,7,soft_dt_jump,10,700,5,4,1,0.5,0.4,0.1,0.1,0.8,0.0,0.0
3091,6,soft_dt_jump,15,1360,4,11,0,0.26666666666666666,0.7333333333333333,0.0,0.6,0.2,0.26666666666666666,0.0
3092,6,soft_dt_jump,13,1310,3,8,2,0.23076923076923078,0.6153846153846154,0.15384615384615385,0.6153846153846154,0.0,0.38461538461538464,0.0
3093,1,soft_state_jump,50,2800,14,30,6,0.28,0.6,0.12,0.26,0.48,0.12,0.0
3094,0,soft_state_jump,8,10,6,1,1,0.75,0.125,0.125,0.875,0.0,0.625,0.0
3095,6,soft_dt_jump,8,120,4,3,1,0.5,0.375,0.125,0.875,0.0,0.375,0.0
3096,4,soft_dt_jump,8,120,2,5,1,0.25,0.625,0.125,0.5,0.25,0.375,0.0
3097,6,soft_dt_jump,8,160,3,5,0,0.375,0.625,0.0,0.875,0.0,0.625,0.0
3098,0,soft_dt_jump,64,1460,43,18,3,0.671875,0.28125,0.046875,0.9375,0.0,0.265625,0.0
3099,0,max_events_per_episode,28,0,28,0,0,1.0,0.0,0.0,1.0,0.0,0.0,0.0
3100,6,soft_dt_jump,8,610,2,6,0,0.25,0.75,0.0,0.875,0.0,0.375,0.0
3101,1,soft_state_jump,40,2010,13,21,6,0.325,0.525,0.15,0.35,0.35,0.225,0.0
3102,3,soft_dt_jump,11,630,1,7,3,0.09090909090909091,0.6363636363636364,0.2727272727272727,0.2727272727272727,0.36363636363636365,0.18181818181818182,0.0
3103,2,soft_state_jump,12,690,2,7,3,0.16666666666666666,0.5833333333333334,0.25,0.3333333333333333,0.4166666666666667,0.16666666666666666,0.0
3104,0,soft_dt_jump,26,560,21,3,2,0.8076923076923077,0.11538461538461539,0.07692307692307693,0.8846153846153846,0.0,0.8846153846153846,0.0
3105,2,soft_dt_jump,14,1330,1,12,1,0.07142857142857142,0.8571428571428571,0.07142857142857142,0.6428571428571429,0.21428571428571427,0.35714285714285715,0.0
3106,1,soft_state_jump,40,2070,8,26,6,0.2,0.65,0.15,0.55,0.3,0.3,0.0
3107,2,soft_dt_jump,10,500,1,9,0,0.1,0.8888888888888888,0.0,0.5,0.3,0.1,0.0
3108,6,soft_state_jump,13,490,2,11,0,0.15384615384615385,0.8461538461538461,0.0,0.7692307692307693,0.0,0.46153846153846156,0.0
3109,3,soft_side_flip_with_dt_jump,24,2220,3,16,5,0.125,0.6666666666666666,0.20833333333333334,0.375,0.375,0.2916666666666667,0.0
3110,6,soft_state_jump,14,960,5,9,0,0.35714285714285715,0.6428571428571429,0.0,0.7857142857142857,0.14285714285714285,0.5,0.0
3111,2,soft_dt_jump,18,1500,3,12,3,0.16666666666666666,0.6666666666666666,0.16666666666666666,0.3333333333333333,0.3888888888888889,0.16666666666666666,0.0
3112,0,soft_state_jump,16,680,11,4,1,0.6875,0.25,0.0625,0.9375,0.0,0.8125,0.0
3113,2,soft_dt_jump,18,1050,4,10,4,0.2222222222222222,0.5555555555555556,0.2222222222222222,0.16666666666666666,0.4444444444444444,0.1111111111111111,0.0
3114,1,soft_dt_jump,28,1060,9,18,1,0.32142857142857145,0.6428571428571429,0.03571428571428571,0.5357142857142857,0.42857142857142855,0.25,0.0
3115,6,soft_dt_jump,15,1180,6,8,1,0.4,0.5333333333333333,0.06666666666666667,0.6,0.2,0.6,0.0
3116,2,soft_dt_jump,8,310,3,4,1,0.375,0.5,0.125,0.375,0.5,0.25,0.0
3117,1,soft_dt_jump,25,1320,3,20,2,0.12,0.8,0.08,0.44,0.36,0.08,0.0
3118,1,soft_side_flip_with_dt_jump,29,1220,9,19,1,0.3103448275862069,0.6551724137931034,0.034482758620689655,0.5517241379310345,0.27586206896551724,0.41379310344827586,0.0
3119,6,soft_dt_jump,10,890,5,5,0,0.5,0.5,0.0,0.7,0.2,0.6,0.0
3120,1,soft_dt_jump,44,3360,8,31,5,0.18181818181818182,0.7045454545454546,0.11363636363636363,0.3409090909090909,0.4090909090909091,0.11363636363636363,0.0
3121,2,soft_dt_jump,11,280,3,7,1,0.2727272727272727,0.6363636363636364,0.09090909090909091,0.36363636363636365,0.5454545454545454,0.0,0.0
3122,2,soft_dt_jump,23,1060,7,14,2,0.30434782608695654,0.6086956521739131,0.08695652173913043,0.391304347826087,0.4782608695652174,0.17391304347826086,0.0
3123,0,soft_dt_jump,14,300,9,5,0,0.6428571428571429,0.35714285714285715,0.0,1.0,0.0,0.7857142857142857,0.0
3124,0,soft_dt_jump,8,170,5,2,1,0.625,0.25,0.125,0.875,0.0,0.875,0.0
3125,1,soft_dt_jump,38,2420,8,26,4,0.21052631578947367,0.6842105263157895,0.10526315789473684,0.5263157894736842,0.23684210526315788,0.23684210526315788,0.0
3126,0,soft_dt_jump,19,120,15,3,1,0.7894736842105263,0.15789473684210525,0.05263157894736842,0.8421052631578947,0.10526315789473684,0.7894736842105263,0.0
3127,6,soft_dt_jump,17,290,10,7,0,0.5882352941176471,0.4117647058823529,0.0,0.5294117647058824,0.4117647058823529,0.47058823529411764,0.0
3128,6,soft_dt_jump,24,1150,11,12,1,0.4583333333333333,0.5,0.041666666666666664,0.75,0.16666666666666666,0.5416666666666666,0.0
3129,6,soft_dt_jump,14,730,7,7,0,0.5,0.5,0.0,0.5714285714285714,0.35714285714285715,0.42857142857142855,0.0
3130,7,soft_dt_jump,14,410,8,6,0,0.5714285714285714,0.42857142857142855,0.0,0.0,0.7142857142857143,0.0,0.0
3131,1,soft_dt_jump,39,1960,11,24,4,0.28205128205128205,0.6153846153846154,0.10256410256410256,0.6410256410256411,0.20512820512820512,0.41025641025641024,0.0
3132,6,soft_dt_jump,15,630,6,9,0,0.4,0.6,0.0,0.8,0.2,0.6666666666666666,0.0
3133,6,soft_dt_jump,17,760,7,8,2,0.4117647058823529,0.47058823529411764,0.11764705882352941,0.8235294117647058,0.058823529411764705,0.5882352941176471,0.0
3134,1,soft_dt_jump,31,2210,2,26,3,0.06451612903225806,0.8387096774193549,0.0967741935483871,0.6451612903225806,0.22580645161290322,0.3225806451612903,0.0
3135,1,soft_state_jump,42,2300,10,27,5,0.23809523809523808,0.6428571428571429,0.11904761904761904,0.6190476190476191,0.19047619047619047,0.38095238095238093,0.0
3136,1,soft_side_flip_with_dt_jump,51,2540,12,33,6,0.23529411764705882,0.6470588235294118,0.11764705882352941,0.47058823529411764,0.37254901960784315,0.19607843137254902,0.0
3137,1,soft_dt_jump,45,2390,16,25,4,0.35555555555555557,0.5555555555555556,0.08888888888888889,0.5333333333333333,0.3111111111111111,0.3333333333333333,0.0
3138,0,soft_side_flip_with_dt_jump,9,170,6,2,1,0.6666666666666666,0.2222222222222222,0.1111111111111111,0.8888888888888888,0.0,0.8888888888888888,0.0
3139,2,soft_dt_jump,19,890,5,13,1,0.2631578947368421,0.6842105263157895,0.05263157894736842,0.5789473684210527,0.2631578947368421,0.3157894736842105,0.0
3140,2,soft_state_jump,10,610,4,5,1,0.4,0.5,0.1,0.3,0.6,0.2,0.0
3141,7,soft_side_flip_with_dt_jump,22,600,15,7,0,0.6818181818181818,0.3181818181818182,0.0,0.18181818181818182,0.7727272727272727,0.13636363636363635,0.0
3142,2,soft_dt_jump,8,230,3,5,0,0.375,0.625,0.0,0.25,0.75,0.125,0.0
3143,2,soft_side_flip_with_dt_jump,14,830,3,9,2,0.21428571428571427,0.6428571428571429,0.14285714285714285,0.5,0.35714285714285715,0.14285714285714285,0.0
3144,6,soft_state_jump,12,540,4,7,1,0.3333333333333333,0.5833333333333334,0.08333333333333333,0.75,0.16666666666666666,0.5833333333333334,0.0
3145,1,soft_dt_jump,39,2390,3,27,9,0.07692307692307693,0.6923076923076923,0.23076923076923078,0.5128205128205128,0.15384615384615385,0.28205128205128205,0.0
3146,6,soft_state_jump,12,160,6,6,0,0.5,0.5,0.0,0.75,0.16666666666666666,0.6666666666666666,0.0
3147,1,soft_dt_jump,28,1790,8,16,4,0.2857142857142857,0.5714285714285714,0.14285714285714285,0.5,0.25,0.35714285714285715,0.0
3148,6,soft_dt_jump,29,1340,10,17,2,0.3448275862068966,0.5862068965517241,0.06896551724137931,0.6206896551724138,0.2413793103448276,0.4482758620689655,0.0
3149,1,soft_dt_jump,32,2080,9,21,2,0.28125,0.65625,0.0625,0.59375,0.25,0.34375,0.0
3150,1,soft_dt_jump,35,1550,18,16,1,0.5142857142857142,0.45714285714285713,0.02857142857142857,0.4857142857142857,0.42857142857142855,0.34285714285714286,0.0
3151,3,soft_dt_jump,13,780,4,7,2,0.3076923076923077,0.5384615384615384,0.15384615384615385,0.46153846153846156,0.3076923076923077,0.38461538461538464,0.0
3152,0,soft_dt_jump,19,320,14,4,1,0.7368421052631579,0.21052631578947367,0.05263157894736842,0.9473684210526315,0.0,0.8421052631578947,0.0
3153,6,soft_dt_jump,16,750,8,7,1,0.5,0.4375,0.0625,0.5,0.375,0.4375,0.0
3154,6,soft_dt_jump,11,360,6,4,1,0.5454545454545454,0.36363636363636365,0.09090909090909091,0.7272727272727273,0.18181818181818182,0.6363636363636364,0.0
3155,2,soft_dt_jump,23,1300,7,16,0,0.30434782608695654,0.6956521739130435,0.0,0.6086956521739131,0.34782608695652173,0.34782608695652173,0.0
3156,0,soft_dt_jump,15,50,10,5,0,0.6666666666666666,0.3333333333333333,0.0,0.8666666666666667,0.13333333333333333,0.7333333333333333,0.0
3157,0,soft_dt_jump,24,240,20,3,1,0.8333333333333334,0.125,0.041666666666666664,0.9166666666666666,0.0,0.9166666666666666,0.0
3158,6,soft_dt_jump,10,470,4,5,1,0.4,0.5,0.1,0.7,0.2,0.7,0.0
3159,6,soft_dt_jump,16,1320,5,9,2,0.3125,0.5625,0.125,0.75,0.0,0.625,0.0
3160,6,soft_dt_jump,10,280,2,6,2,0.2,0.6,0.2,0.7,0.1,0.6,0.0
3161,2,soft_dt_jump,17,410,7,9,1,0.4117647058823529,0.5294117647058824,0.058823529411764705,0.058823529411764705,0.7058823529411765,0.0,0.0
3162,2,soft_dt_jump,8,250,2,6,0,0.25,0.75,0.0,0.25,0.625,0.0,0.0
3163,2,soft_dt_jump,8,460,4,3,1,0.5,0.375,0.125,0.375,0.5,0.25,0.0
3164,2,soft_dt_jump,22,730,7,13,2,0.3181818181818182,0.5909090909090909,0.09090909090909091,0.22727272727272727,0.5454545454545454,0.18181818181818182,0.0
3165,3,soft_dt_jump,27,1270,10,14,3,0.37037037037037035,0.5185185185185185,0.1111111111111111,0.1111111111111111,0.6666666666666666,0.037037037037037035,0.0
3166,2,soft_dt_jump,13,430,5,8,0,0.38461538461538464,0.6153846153846154,0.0,0.15384615384615385,0.6153846153846154,0.0,0.0
3167,3,soft_dt_jump,8,660,2,6,0,0.25,0.75,0.0,0.375,0.375,0.25,0.0
3168,7,soft_side_flip_with_dt_jump,20,610,9,10,1,0.45,0.5,0.05,0.15,0.65,0.05,0.0
3169,1,soft_dt_jump,39,2090,20,17,2,0.5128205128205128,0.4358974358974359,0.05128205128205128,0.46153846153846156,0.41025641025641024,0.3333333333333333,0.0
3170,1,soft_dt_jump,37,3310,6,29,2,0.16216216216216217,0.7837837837837838,0.05405405405405406,0.7297297297297297,0.1891891891891892,0.40540540540540543,0.0
3171,0,soft_state_jump,9,340,5,1,3,0.5555555555555556,0.1111111111111111,0.3333333333333333,0.6666666666666666,0.0,0.6666666666666666,0.0
3172,1,soft_dt_jump,27,1740,4,16,7,0.14814814814814814,0.5925925925925926,0.25925925925925924,0.6666666666666666,0.07407407407407407,0.4074074074074074,0.0
3173,1,soft_dt_jump,41,1970,9,28,4,0.21951219512195122,0.6829268292682927,0.0975609756097561,0.7560975609756098,0.12195121951219512,0.4146341463414634,0.0
3174,2,soft_dt_jump,15,970,3,11,1,0.2,0.7333333333333333,0.06666666666666667,0.5333333333333333,0.4,0.26666666666666666,0.0
3175,1,soft_dt_jump,56,2950,13,36,7,0.23214285714285715,0.6428571428571429,0.125,0.625,0.17857142857142858,0.39285714285714285,0.0
3176,0,soft_state_jump,12,190,10,2,0,0.8333333333333334,0.16666666666666666,0.0,1.0,0.0,1.0,0.0
3177,6,soft_dt_jump,18,1160,5,12,1,0.2777777777777778,0.6666666666666666,0.05555555555555555,0.8333333333333334,0.05555555555555555,0.6111111111111112,0.0
3178,1,soft_dt_jump,16,1050,1,13,2,0.0625,0.8125,0.125,0.8125,0.0,0.5,0.0
3179,0,soft_dt_jump,57,1780,33,19,5,0.5789473684210527,0.3333333333333333,0.08771929824561403,0.7192982456140351,0.15789473684210525,0.5964912280701754,0.0
3180,6,soft_dt_jump,18,1210,6,9,3,0.3333333333333333,0.5,0.16666666666666666,0.7222222222222222,0.1111111111111111,0.4444444444444444,0.0
3181,6,soft_dt_jump,28,1090,10,17,1,0.35714285714285715,0.6071428571428571,0.03571428571428571,0.8571428571428571,0.10714285714285714,0.7142857142857143,0.0
3182,2,soft_dt_jump,15,1520,1,13,1,0.06666666666666667,0.8666666666666667,0.06666666666666667,0.6,0.26666666666666666,0.26666666666666666,0.0
3183,6,soft_state_jump,15,680,3,11,1,0.2,0.7333333333333333,0.06666666666666667,0.6666666666666666,0.2,0.4,0.0
3184,2,soft_dt_jump,19,1870,1,18,0,0.05263157894736842,0.8888888888888888,0.0,0.7894736842105263,0.15789473684210525,0.3684210526315789,0.0
3185,1,soft_state_jump,28,1820,7,19,2,0.25,0.6785714285714286,0.07142857142857142,0.42857142857142855,0.42857142857142855,0.25,0.0
3186,2,soft_dt_jump,12,670,2,9,1,0.16666666666666666,0.75,0.08333333333333333,0.75,0.08333333333333333,0.3333333333333333,0.0
3187,0,soft_state_jump,45,930,27,17,1,0.6,0.37777777777777777,0.022222222222222223,0.9333333333333333,0.044444444444444446,0.7333333333333333,0.0
3188,2,soft_dt_jump,23,730,5,17,1,0.21739130434782608,0.7391304347826086,0.043478260869565216,0.6086956521739131,0.30434782608695654,0.2608695652173913,0.0
3189,2,soft_dt_jump,9,590,1,8,0,0.1111111111111111,0.8888888888888888,0.0,0.6666666666666666,0.2222222222222222,0.1111111111111111,0.0
3190,2,soft_state_jump,13,850,3,7,3,0.23076923076923078,0.5384615384615384,0.23076923076923078,0.38461538461538464,0.38461538461538464,0.15384615384615385,0.0
3191,6,soft_dt_jump,12,570,6,6,0,0.5,0.5,0.0,0.6666666666666666,0.25,0.5833333333333334,0.0
3192,6,soft_dt_jump,18,830,5,11,2,0.2777777777777778,0.6111111111111112,0.1111111111111111,0.6111111111111112,0.2777777777777778,0.5,0.0
3193,0,soft_dt_jump,12,240,7,5,0,0.5833333333333334,0.4166666666666667,0.0,0.75,0.25,0.6666666666666666,0.0
3194,2,soft_dt_jump,18,1100,6,10,2,0.3333333333333333,0.5555555555555556,0.1111111111111111,0.2222222222222222,0.6111111111111112,0.05555555555555555,0.0
3195,2,soft_dt_jump,15,1110,2,13,0,0.13333333333333333,0.8666666666666667,0.0,0.26666666666666666,0.4,0.06666666666666667,0.0
3196,1,soft_state_jump,21,2410,4,15,2,0.19047619047619047,0.7142857142857143,0.09523809523809523,0.8095238095238095,0.047619047619047616,0.3333333333333333,0.0
3197,6,soft_dt_jump,26,1080,13,10,3,0.5,0.38461538461538464,0.11538461538461539,0.5769230769230769,0.23076923076923078,0.5,0.0
3198,2,soft_dt_jump,9,700,1,7,1,0.1111111111111111,0.7777777777777778,0.1111111111111111,0.6666666666666666,0.1111111111111111,0.3333333333333333,0.0
3199,2,soft_dt_jump,18,1140,2,15,1,0.1111111111111111,0.8333333333333334,0.05555555555555555,0.6111111111111112,0.2777777777777778,0.2777777777777778,0.0
3200,1,soft_state_jump,47,2750,6,35,6,0.1276595744680851,0.7446808510638298,0.1276595744680851,0.6595744680851063,0.1276595744680851,0.3829787234042553,0.0
3201,2,soft_state_jump,10,340,3,7,0,0.3,0.7,0.0,0.5,0.5,0.3,0.0
3202,1,soft_dt_jump,22,1640,6,14,2,0.2727272727272727,0.6363636363636364,0.09090909090909091,0.7272727272727273,0.13636363636363635,0.5,0.0
3203,1,soft_dt_jump,64,4020,12,50,2,0.1875,0.78125,0.03125,0.640625,0.28125,0.40625,0.0
3204,0,max_events_per_episode,26,1000,15,10,1,0.5769230769230769,0.38461538461538464,0.038461538461538464,0.9615384615384616,0.0,0.8461538461538461,0.0
3205,2,soft_dt_jump,11,320,3,7,1,0.2727272727272727,0.6363636363636364,0.09090909090909091,0.45454545454545453,0.45454545454545453,0.36363636363636365,0.0
3206,6,soft_dt_jump,10,470,3,6,1,0.3,0.6,0.1,0.8,0.1,0.7,0.0
3207,6,soft_state_jump,8,120,3,5,0,0.375,0.625,0.0,0.625,0.25,0.5,0.0
3208,1,soft_dt_jump,24,570,9,12,3,0.375,0.5,0.125,0.5416666666666666,0.3333333333333333,0.375,0.0
3209,1,soft_dt_jump,23,1540,3,15,5,0.13043478260869565,0.6521739130434783,0.21739130434782608,0.43478260869565216,0.21739130434782608,0.2608695652173913,0.0
3210,6,soft_state_jump,21,1440,8,12,1,0.38095238095238093,0.5714285714285714,0.047619047619047616,0.9047619047619048,0.047619047619047616,0.6666666666666666,0.0
3211,1,soft_dt_jump,58,3260,15,40,3,0.25862068965517243,0.6896551724137931,0.05172413793103448,0.6206896551724138,0.3103448275862069,0.3620689655172414,0.0
3212,0,soft_dt_jump,21,140,19,2,0,0.9047619047619048,0.09523809523809523,0.0,1.0,0.0,0.9523809523809523,0.0
3213,1,soft_dt_jump,18,810,2,12,4,0.1111111111111111,0.6666666666666666,0.2222222222222222,0.6666666666666666,0.05555555555555555,0.5555555555555556,0.0
3214,6,soft_dt_jump,11,220,6,5,0,0.5454545454545454,0.45454545454545453,0.0,0.5454545454545454,0.36363636363636365,0.36363636363636365,0.0
3215,2,soft_dt_jump,8,140,2,5,1,0.25,0.625,0.125,0.5,0.375,0.375,0.0
3216,1,soft_dt_jump,28,1340,10,17,1,0.35714285714285715,0.6071428571428571,0.03571428571428571,0.5,0.42857142857142855,0.32142857142857145,0.0
3217,1,soft_dt_jump,43,3770,5,32,6,0.11627906976744186,0.7441860465116279,0.13953488372093023,0.5348837209302325,0.16279069767441862,0.3488372093023256,0.0
3218,1,soft_state_jump,26,2280,5,15,6,0.19230769230769232,0.5769230769230769,0.23076923076923078,0.4230769230769231,0.2692307692307692,0.23076923076923078,0.0
3219,0,soft_dt_jump,48,810,41,6,1,0.8541666666666666,0.125,0.020833333333333332,0.9375,0.0,0.8958333333333334,0.0
3220,6,soft_dt_jump,16,1080,4,10,2,0.25,0.625,0.125,0.75,0.0,0.5,0.0
3221,7,soft_side_flip_with_dt_jump,12,160,10,2,0,0.8333333333333334,0.16666666666666666,0.0,0.0,1.0,0.0,0.0
3222,2,soft_dt_jump,18,820,4,14,0,0.2222222222222222,0.7777777777777778,0.0,0.5555555555555556,0.3333333333333333,0.4444444444444444,0.0
3223,7,soft_state_jump,9,120,5,3,1,0.5555555555555556,0.3333333333333333,0.1111111111111111,0.1111111111111111,0.5555555555555556,0.0,0.0
3224,7,soft_dt_jump,12,280,8,4,0,0.6666666666666666,0.3333333333333333,0.0,0.16666666666666666,0.8333333333333334,0.0,0.0
3225,0,soft_dt_jump,16,390,12,3,1,0.75,0.1875,0.0625,0.9375,0.0,0.875,0.0
3226,1,soft_dt_jump,31,1530,12,16,3,0.3870967741935484,0.5161290322580645,0.0967741935483871,0.5806451612903226,0.3225806451612903,0.3548387096774194,0.0
3227,6,soft_dt_jump,8,140,2,5,1,0.25,0.625,0.125,0.5,0.25,0.375,0.0
3228,7,soft_state_jump,54,220,51,2,1,0.9444444444444444,0.037037037037037035,0.018518518518518517,0.0,0.07407407407407407,0.0,0.0
3229,2,soft_dt_jump,9,370,2,7,0,0.2222222222222222,0.7777777777777778,0.0,0.6666666666666666,0.1111111111111111,0.3333333333333333,0.0
3230,2,soft_dt_jump,17,670,2,14,1,0.11764705882352941,0.8235294117647058,0.058823529411764705,0.47058823529411764,0.35294117647058826,0.058823529411764705,0.0
3231,3,soft_dt_jump,11,610,2,8,1,0.18181818181818182,0.7272727272727273,0.09090909090909091,0.2727272727272727,0.18181818181818182,0.0,0.0
3232,1,soft_state_jump,39,2380,6,28,5,0.15384615384615385,0.717948717948718,0.1282051282051282,0.7948717948717948,0.0,0.358974358974359,0.0
3233,1,soft_dt_jump,33,1780,6,22,5,0.18181818181818182,0.6666666666666666,0.15151515151515152,0.7272727272727273,0.06060606060606061,0.24242424242424243,0.0
3234,0,soft_dt_jump,11,0,10,1,0,0.9090909090909091,0.09090909090909091,0.0,1.0,0.0,0.0,0.0
3235,1,soft_dt_jump,23,1060,4,16,3,0.17391304347826086,0.6956521739130435,0.13043478260869565,0.6956521739130435,0.043478260869565216,0.30434782608695654,0.0
3236,2,soft_side_flip_with_dt_jump,17,690,4,11,2,0.23529411764705882,0.6470588235294118,0.11764705882352941,0.6470588235294118,0.11764705882352941,0.5294117647058824,0.0
3237,3,soft_side_flip_with_dt_jump,17,1050,8,7,2,0.47058823529411764,0.4117647058823529,0.11764705882352941,0.35294117647058826,0.4117647058823529,0.29411764705882354,0.0
3238,2,soft_dt_jump,19,1280,4,13,2,0.21052631578947367,0.6842105263157895,0.10526315789473684,0.3157894736842105,0.47368421052631576,0.10526315789473684,0.0
3239,1,soft_side_flip_with_dt_jump,40,3010,7,30,3,0.175,0.75,0.075,0.525,0.3,0.375,0.0
3240,2,soft_dt_jump,17,850,3,14,0,0.17647058823529413,0.8235294117647058,0.0,0.7058823529411765,0.23529411764705882,0.4117647058823529,0.0
3241,2,soft_dt_jump,19,690,6,11,2,0.3157894736842105,0.5789473684210527,0.10526315789473684,0.5789473684210527,0.3157894736842105,0.3157894736842105,0.0
3242,3,soft_dt_jump,18,1150,3,14,1,0.16666666666666666,0.7777777777777778,0.05555555555555555,0.5555555555555556,0.2777777777777778,0.3333333333333333,0.0
3243,2,soft_dt_jump,13,850,3,9,1,0.23076923076923078,0.6923076923076923,0.07692307692307693,0.6153846153846154,0.23076923076923078,0.23076923076923078,0.0
3244,7,soft_dt_jump,11,430,6,5,0,0.5454545454545454,0.45454545454545453,0.0,0.18181818181818182,0.8181818181818182,0.09090909090909091,0.0
3245,7,soft_dt_jump,14,320,7,6,1,0.5,0.42857142857142855,0.07142857142857142,0.21428571428571427,0.7142857142857143,0.14285714285714285,0.0
3246,2,soft_dt_jump,21,880,9,11,1,0.42857142857142855,0.5238095238095238,0.047619047619047616,0.3333333333333333,0.5714285714285714,0.09523809523809523,0.0
3247,0,soft_dt_jump,34,670,25,7,2,0.7352941176470589,0.20588235294117646,0.058823529411764705,0.7352941176470589,0.14705882352941177,0.6470588235294118,0.0
3248,2,soft_dt_jump,8,260,3,5,0,0.375,0.625,0.0,0.25,0.625,0.125,0.0
3249,1,soft_dt_jump,22,850,8,9,5,0.36363636363636365,0.4090909090909091,0.22727272727272727,0.5909090909090909,0.13636363636363635,0.5454545454545454,0.0
3250,0,soft_dt_jump,21,790,13,8,0,0.6190476190476191,0.38095238095238093,0.0,0.7619047619047619,0.09523809523809523,0.6190476190476191,0.0
3251,1,soft_dt_jump,49,4000,11,34,4,0.22448979591836735,0.6938775510204082,0.08163265306122448,0.46938775510204084,0.3673469387755102,0.1836734693877551,0.0
3252,1,soft_dt_jump,31,2260,6,23,2,0.1935483870967742,0.7419354838709677,0.06451612903225806,0.8709677419354839,0.03225806451612903,0.5161290322580645,0.0
3253,1,soft_dt_jump,25,3050,2,22,1,0.08,0.88,0.04,0.96,0.0,0.32,0.0
3254,1,soft_state_jump,15,860,3,8,4,0.2,0.5333333333333333,0.26666666666666666,0.7333333333333333,0.0,0.3333333333333333,0.0
3255,7,soft_side_flip_with_dt_jump,10,110,7,3,0,0.7,0.3,0.0,0.1,0.7,0.1,0.0
3256,2,soft_dt_jump,12,1520,0,11,1,0.0,0.8888888888888888,0.08333333333333333,0.9166666666666666,0.0,0.25,0.0
3257,6,soft_state_jump,16,670,5,11,0,0.3125,0.6875,0.0,0.75,0.25,0.375,0.0
3258,1,soft_dt_jump,60,5190,11,40,9,0.18333333333333332,0.6666666666666666,0.15,0.6166666666666667,0.21666666666666667,0.3,0.0
3259,2,soft_dt_jump,15,1040,6,8,1,0.4,0.5333333333333333,0.06666666666666667,0.4,0.4666666666666667,0.06666666666666667,0.0
3260,2,soft_dt_jump,16,560,7,8,1,0.4375,0.5,0.0625,0.375,0.4375,0.25,0.0
3261,2,soft_dt_jump,16,970,1,13,2,0.0625,0.8125,0.125,0.5625,0.1875,0.125,0.0
3262,2,soft_side_flip_with_dt_jump,11,1200,3,8,0,0.2727272727272727,0.7272727272727273,0.0,0.7272727272727273,0.18181818181818182,0.2727272727272727,0.0
3263,1,soft_dt_jump,35,2580,10,23,2,0.2857142857142857,0.6571428571428571,0.05714285714285714,0.6571428571428571,0.2,0.3142857142857143,0.0
3264,0,soft_dt_jump,13,230,9,4,0,0.6923076923076923,0.3076923076923077,0.0,0.8461538461538461,0.15384615384615385,0.6923076923076923,0.0
3265,6,soft_dt_jump,8,360,2,5,1,0.25,0.625,0.125,0.625,0.25,0.625,0.0
3266,1,soft_state_jump,37,2110,11,22,4,0.2972972972972973,0.5945945945945946,0.10810810810810811,0.4864864864864865,0.35135135135135137,0.2972972972972973,0.0
3267,2,soft_dt_jump,9,830,1,7,1,0.1111111111111111,0.7777777777777778,0.1111111111111111,0.5555555555555556,0.2222222222222222,0.3333333333333333,0.0
3268,2,soft_state_jump,13,250,5,8,0,0.38461538461538464,0.6153846153846154,0.0,0.38461538461538464,0.6153846153846154,0.23076923076923078,0.0
3269,1,soft_dt_jump,39,2250,9,24,6,0.23076923076923078,0.6153846153846154,0.15384615384615385,0.48717948717948717,0.3076923076923077,0.20512820512820512,0.0
3270,1,soft_dt_jump,57,1850,32,21,4,0.5614035087719298,0.3684210526315789,0.07017543859649122,0.7543859649122807,0.14035087719298245,0.5964912280701754,0.0
3271,2,soft_dt_jump,22,1170,4,17,1,0.18181818181818182,0.7727272727272727,0.045454545454545456,0.5,0.45454545454545453,0.18181818181818182,0.0
3272,0,soft_state_jump,16,300,12,4,0,0.75,0.25,0.0,0.9375,0.0,0.9375,0.0
3273,1,soft_dt_jump,40,2020,17,18,5,0.425,0.45,0.125,0.725,0.1,0.5,0.0
3274,1,soft_dt_jump,31,2260,10,20,1,0.3225806451612903,0.6451612903225806,0.03225806451612903,0.41935483870967744,0.41935483870967744,0.16129032258064516,0.0
3275,7,soft_dt_jump,22,1080,13,9,0,0.5909090909090909,0.4090909090909091,0.0,0.2727272727272727,0.5909090909090909,0.13636363636363635,0.0
3276,6,soft_dt_jump,19,1240,4,15,0,0.21052631578947367,0.7894736842105263,0.0,0.6842105263157895,0.21052631578947367,0.3157894736842105,0.0
3277,1,soft_dt_jump,35,2140,7,24,4,0.2,0.6857142857142857,0.11428571428571428,0.6857142857142857,0.14285714285714285,0.37142857142857144,0.0
3278,6,soft_dt_jump,20,1450,7,11,2,0.35,0.55,0.1,0.8,0.05,0.65,0.0
3279,1,soft_state_jump,45,2560,11,30,4,0.24444444444444444,0.6666666666666666,0.08888888888888889,0.6888888888888889,0.17777777777777778,0.4222222222222222,0.0
3280,1,soft_dt_jump,32,2180,11,17,4,0.34375,0.53125,0.125,0.53125,0.28125,0.40625,0.0
3281,6,soft_dt_jump,10,430,4,5,1,0.4,0.5,0.1,0.9,0.0,0.7,0.0
3282,1,soft_dt_jump,25,1650,7,16,2,0.28,0.64,0.08,0.64,0.28,0.4,0.0
3283,1,soft_dt_jump,64,5210,11,44,9,0.171875,0.6875,0.140625,0.609375,0.1875,0.3125,0.0
3284,2,max_events_per_episode,18,870,7,8,3,0.3888888888888889,0.4444444444444444,0.16666666666666666,0.2222222222222222,0.5,0.16666666666666666,0.0
3285,2,soft_dt_jump,23,1610,5,16,2,0.21739130434782608,0.6956521739130435,0.08695652173913043,0.5217391304347826,0.34782608695652173,0.17391304347826086,0.0
3286,6,soft_dt_jump,11,510,4,7,0,0.36363636363636365,0.6363636363636364,0.0,0.7272727272727273,0.18181818181818182,0.45454545454545453,0.0
3287,1,soft_side_flip_with_dt_jump,27,1340,12,12,3,0.4444444444444444,0.4444444444444444,0.1111111111111111,0.2222222222222222,0.6296296296296297,0.1111111111111111,0.0
3288,2,soft_dt_jump,12,770,2,9,1,0.16666666666666666,0.75,0.08333333333333333,0.3333333333333333,0.5,0.08333333333333333,0.0
3289,3,soft_state_jump,11,100,2,8,1,0.18181818181818182,0.7272727272727273,0.09090909090909091,0.0,0.8181818181818182,0.0,0.0
3290,2,soft_side_flip_with_dt_jump,8,580,3,5,0,0.375,0.625,0.0,0.5,0.5,0.375,0.0
3291,6,soft_dt_jump,21,1100,9,11,1,0.42857142857142855,0.5238095238095238,0.047619047619047616,0.6190476190476191,0.19047619047619047,0.42857142857142855,0.0
3292,1,soft_dt_jump,29,1610,7,19,3,0.2413793103448276,0.6551724137931034,0.10344827586206896,0.6206896551724138,0.20689655172413793,0.3448275862068966,0.0
3293,1,soft_dt_jump,25,1980,3,15,7,0.12,0.6,0.28,0.32,0.28,0.2,0.0
3294,1,soft_dt_jump,36,2590,6,27,3,0.16666666666666666,0.75,0.08333333333333333,0.6666666666666666,0.1111111111111111,0.4166666666666667,0.0
3295,6,soft_state_jump,13,840,3,9,1,0.23076923076923078,0.6923076923076923,0.07692307692307693,0.8461538461538461,0.0,0.6153846153846154,0.0
3296,2,soft_dt_jump,25,1950,8,16,1,0.32,0.64,0.04,0.6,0.36,0.28,0.0
3297,2,soft_dt_jump,18,590,6,12,0,0.3333333333333333,0.6666666666666666,0.0,0.4444444444444444,0.3333333333333333,0.2777777777777778,0.0
3298,2,soft_dt_jump,15,570,6,9,0,0.4,0.6,0.0,0.3333333333333333,0.6666666666666666,0.13333333333333333,0.0
3299,2,soft_dt_jump,12,1200,5,7,0,0.4166666666666667,0.5833333333333334,0.0,0.4166666666666667,0.4166666666666667,0.25,0.0
3300,1,soft_dt_jump,23,2460,6,16,1,0.2608695652173913,0.6956521739130435,0.043478260869565216,0.6956521739130435,0.17391304347826086,0.43478260869565216,0.0
3301,1,soft_state_jump,35,2820,8,21,6,0.22857142857142856,0.6,0.17142857142857143,0.2571428571428571,0.42857142857142855,0.08571428571428572,0.0
3302,6,soft_state_jump,12,380,6,5,1,0.5,0.4166666666666667,0.08333333333333333,0.8333333333333334,0.08333333333333333,0.6666666666666666,0.0
3303,2,soft_dt_jump,14,620,3,9,2,0.21428571428571427,0.6428571428571429,0.14285714285714285,0.5,0.35714285714285715,0.35714285714285715,0.0
3304,1,soft_dt_jump,30,2100,7,20,3,0.23333333333333334,0.6666666666666666,0.1,0.4666666666666667,0.3,0.23333333333333334,0.0
3305,7,soft_dt_jump,11,760,6,4,1,0.5454545454545454,0.36363636363636365,0.09090909090909091,0.36363636363636365,0.5454545454545454,0.2727272727272727,0.0
3306,2,soft_dt_jump,17,910,3,9,5,0.17647058823529413,0.5294117647058824,0.29411764705882354,0.29411764705882354,0.23529411764705882,0.058823529411764705,0.0
3307,0,soft_dt_jump,8,90,6,2,0,0.75,0.25,0.0,1.0,0.0,0.875,0.0
3308,2,soft_dt_jump,25,2230,9,14,2,0.36,0.56,0.08,0.44,0.48,0.08,0.0
3309,6,soft_dt_jump,8,630,2,5,1,0.25,0.625,0.125,0.625,0.125,0.25,0.0
3310,6,soft_dt_jump,18,660,5,13,0,0.2777777777777778,0.7222222222222222,0.0,0.7222222222222222,0.1111111111111111,0.4444444444444444,0.0
3311,1,soft_dt_jump,45,3530,5,34,6,0.1111111111111111,0.7555555555555555,0.13333333333333333,0.7333333333333333,0.06666666666666667,0.3111111111111111,0.0
3312,2,soft_dt_jump,8,320,0,7,1,0.0,0.875,0.125,0.75,0.0,0.125,0.0
3313,1,soft_dt_jump,21,1190,3,13,5,0.14285714285714285,0.6190476190476191,0.23809523809523808,0.47619047619047616,0.2857142857142857,0.19047619047619047,0.0
3314,6,soft_dt_jump,11,380,4,6,1,0.36363636363636365,0.5454545454545454,0.09090909090909091,0.5454545454545454,0.36363636363636365,0.45454545454545453,0.0
3315,1,soft_dt_jump,43,3130,7,30,6,0.16279069767441862,0.6976744186046512,0.13953488372093023,0.6046511627906976,0.16279069767441862,0.20930232558139536,0.0
3316,1,soft_state_jump,32,2570,9,20,3,0.28125,0.625,0.09375,0.6875,0.125,0.5,0.0
3317,1,soft_dt_jump,48,4340,6,33,9,0.125,0.6875,0.1875,0.6666666666666666,0.10416666666666667,0.3333333333333333,0.0
3318,2,soft_dt_jump,10,1160,1,8,1,0.1,0.8,0.1,0.5,0.2,0.2,0.0
3319,2,soft_state_jump,15,1400,4,11,0,0.26666666666666666,0.7333333333333333,0.0,0.6666666666666666,0.26666666666666666,0.4,0.0
3320,1,soft_dt_jump,64,6200,6,44,14,0.09375,0.6875,0.21875,0.5625,0.109375,0.265625,0.0
3321,2,max_events_per_episode,11,1060,2,7,2,0.18181818181818182,0.6363636363636364,0.18181818181818182,0.6363636363636364,0.09090909090909091,0.36363636363636365,0.0
3322,1,soft_state_jump,32,3630,6,23,3,0.1875,0.71875,0.09375,0.59375,0.1875,0.21875,0.0
3323,1,soft_dt_jump,64,3230,35,24,5,0.546875,0.375,0.078125,0.28125,0.546875,0.125,0.0
3324,7,max_events_per_episode,50,0,50,0,0,1.0,0.0,0.0,0.0,1.0,0.0,0.0
3325,1,soft_dt_jump,20,1450,5,13,2,0.25,0.65,0.1,0.4,0.35,0.15,0.0
3326,1,soft_state_jump,28,2550,5,19,4,0.17857142857142858,0.6785714285714286,0.14285714285714285,0.75,0.03571428571428571,0.32142857142857145,0.0
3327,1,soft_dt_jump,32,2640,6,17,9,0.1875,0.53125,0.28125,0.53125,0.15625,0.1875,0.0
3328,2,soft_dt_jump,12,880,1,8,3,0.08333333333333333,0.6666666666666666,0.25,0.5833333333333334,0.16666666666666666,0.0,0.0
3329,1,soft_dt_jump,20,910,4,12,4,0.2,0.6,0.2,0.75,0.0,0.4,0.0
3330,2,soft_dt_jump,19,1220,5,11,3,0.2631578947368421,0.5789473684210527,0.15789473684210525,0.5263157894736842,0.2631578947368421,0.21052631578947367,0.0
3331,2,soft_dt_jump,15,1360,5,7,3,0.3333333333333333,0.4666666666666667,0.2,0.3333333333333333,0.4666666666666667,0.06666666666666667,0.0
3332,1,soft_dt_jump,26,1660,6,15,5,0.23076923076923078,0.5769230769230769,0.19230769230769232,0.6538461538461539,0.11538461538461539,0.34615384615384615,0.0
3333,2,soft_dt_jump,12,380,5,5,2,0.4166666666666667,0.4166666666666667,0.16666666666666666,0.25,0.5,0.16666666666666666,0.0
3334,1,soft_dt_jump,39,3420,6,25,8,0.15384615384615385,0.6410256410256411,0.20512820512820512,0.38461538461538464,0.3076923076923077,0.1282051282051282,0.0
3335,1,soft_state_jump,44,2860,10,26,8,0.22727272727272727,0.5909090909090909,0.18181818181818182,0.4090909090909091,0.36363636363636365,0.18181818181818182,0.0
3336,1,soft_state_jump,39,2890,8,24,7,0.20512820512820512,0.6153846153846154,0.1794871794871795,0.358974358974359,0.3333333333333333,0.07692307692307693,0.0
3337,1,soft_state_jump,30,2110,6,18,6,0.2,0.6,0.2,0.26666666666666666,0.43333333333333335,0.06666666666666667,0.0
3338,2,soft_dt_jump,25,1510,7,16,2,0.28,0.64,0.08,0.24,0.56,0.12,0.0
3339,7,soft_dt_jump,33,260,28,3,2,0.8484848484848485,0.09090909090909091,0.06060606060606061,0.030303030303030304,0.8787878787878788,0.0,0.0
3340,1,soft_dt_jump,64,4540,9,45,10,0.140625,0.703125,0.15625,0.59375,0.171875,0.328125,0.0
3341,1,max_events_per_episode,43,3000,12,28,3,0.27906976744186046,0.6511627906976745,0.06976744186046512,0.5581395348837209,0.23255813953488372,0.23255813953488372,0.0
3342,2,soft_dt_jump,17,490,3,12,2,0.17647058823529413,0.7058823529411765,0.11764705882352941,0.7058823529411765,0.17647058823529413,0.35294117647058826,0.0
3343,2,soft_dt_jump,8,160,4,4,0,0.5,0.5,0.0,0.25,0.75,0.125,0.0
3344,1,soft_dt_jump,23,1390,4,15,4,0.17391304347826086,0.6521739130434783,0.17391304347826086,0.6956521739130435,0.08695652173913043,0.30434782608695654,0.0
3345,1,soft_dt_jump,55,3860,14,30,11,0.2545454545454545,0.5454545454545454,0.2,0.2727272727272727,0.38181818181818183,0.10909090909090909,0.0
3346,2,soft_dt_jump,12,640,2,9,1,0.16666666666666666,0.75,0.08333333333333333,0.5833333333333334,0.16666666666666666,0.4166666666666667,0.0
3347,2,soft_side_flip_with_dt_jump,13,500,3,7,3,0.23076923076923078,0.5384615384615384,0.23076923076923078,0.46153846153846156,0.3076923076923077,0.15384615384615385,0.0
3348,2,soft_dt_jump,21,780,3,15,3,0.14285714285714285,0.7142857142857143,0.14285714285714285,0.5238095238095238,0.23809523809523808,0.19047619047619047,0.0
3349,1,soft_dt_jump,27,1810,7,17,3,0.25925925925925924,0.6296296296296297,0.1111111111111111,0.4444444444444444,0.3333333333333333,0.25925925925925924,0.0
3350,7,soft_dt_jump,59,830,48,8,3,0.8135593220338984,0.13559322033898305,0.05084745762711865,0.0847457627118644,0.847457627118644,0.05084745762711865,0.0
3351,1,soft_dt_jump,45,4340,10,28,7,0.2222222222222222,0.6222222222222222,0.15555555555555556,0.6222222222222222,0.15555555555555556,0.4444444444444444,0.0
3352,0,soft_dt_jump,8,150,5,2,1,0.625,0.25,0.125,0.875,0.0,0.75,0.0
3353,6,soft_side_flip_with_dt_jump,12,630,3,8,1,0.25,0.6666666666666666,0.08333333333333333,0.5833333333333334,0.08333333333333333,0.16666666666666666,0.0
3354,1,soft_dt_jump,31,2210,1,22,8,0.03225806451612903,0.7096774193548387,0.25806451612903225,0.5483870967741935,0.12903225806451613,0.0967741935483871,0.0
3355,6,soft_state_jump,24,1450,10,13,1,0.4166666666666667,0.5416666666666666,0.041666666666666664,0.6666666666666666,0.25,0.4583333333333333,0.0
3356,7,soft_dt_jump,12,470,6,4,2,0.5,0.3333333333333333,0.16666666666666666,0.3333333333333333,0.5,0.25,0.0
3357,3,soft_dt_jump,8,390,1,2,5,0.125,0.25,0.4,0.375,0.0,0.25,0.0
3358,2,soft_state_jump,10,160,4,5,1,0.4,0.5,0.1,0.3,0.5,0.2,0.0
3359,6,soft_dt_jump,8,320,3,2,3,0.375,0.25,0.375,0.625,0.0,0.625,0.0
3360,6,soft_dt_jump,21,970,6,14,1,0.2857142857142857,0.6666666666666666,0.047619047619047616,0.8095238095238095,0.09523809523809523,0.5238095238095238,0.0
3361,1,soft_dt_jump,20,1810,5,9,6,0.25,0.45,0.3,0.4,0.25,0.3,0.0
3362,1,soft_dt_jump,27,1600,3,19,5,0.1111111111111111,0.7037037037037037,0.18518518518518517,0.37037037037037035,0.25925925925925924,0.1111111111111111,0.0
3363,6,soft_state_jump,19,670,8,8,3,0.42105263157894735,0.42105263157894735,0.15789473684210525,0.5263157894736842,0.15789473684210525,0.47368421052631576,0.0
3364,1,soft_dt_jump,20,2130,5,9,6,0.25,0.45,0.3,0.6,0.05,0.4,0.0
3365,1,soft_state_jump,43,4050,6,27,10,0.13953488372093023,0.627906976744186,0.23255813953488372,0.32558139534883723,0.27906976744186046,0.046511627906976744,0.0
3366,1,soft_dt_jump,51,3520,14,25,12,0.27450980392156865,0.49019607843137253,0.23529411764705882,0.17647058823529413,0.4117647058823529,0.058823529411764705,0.0
3367,2,soft_dt_jump,9,830,2,3,4,0.2222222222222222,0.3333333333333333,0.4,0.2222222222222222,0.1111111111111111,0.0,0.0
3368,5,soft_state_jump,12,290,3,7,2,0.25,0.5833333333333334,0.16666666666666666,0.16666666666666666,0.25,0.08333333333333333,0.4166666666666667
3369,5,soft_dt_jump,31,1990,4,20,7,0.12903225806451613,0.6451612903225806,0.22580645161290322,0.2903225806451613,0.06451612903225806,0.0967741935483871,0.3870967741935484
3370,0,soft_state_jump,18,440,11,5,2,0.6111111111111112,0.2777777777777778,0.1111111111111111,0.7777777777777778,0.05555555555555555,0.7777777777777778,0.0
3371,6,soft_dt_jump,13,640,4,8,1,0.3076923076923077,0.6153846153846154,0.07692307692307693,0.6153846153846154,0.07692307692307693,0.46153846153846156,0.0
3372,6,soft_side_flip_with_dt_jump,15,1270,4,10,1,0.26666666666666666,0.6666666666666666,0.06666666666666667,0.8666666666666667,0.0,0.5333333333333333,0.0
3373,3,soft_state_jump,14,560,4,5,5,0.2857142857142857,0.35714285714285715,0.35714285714285715,0.21428571428571427,0.35714285714285715,0.07142857142857142,0.0
3374,2,soft_dt_jump,21,1450,6,14,1,0.2857142857142857,0.6666666666666666,0.047619047619047616,0.19047619047619047,0.47619047619047616,0.047619047619047616,0.0
3375,1,soft_dt_jump,37,2610,5,23,9,0.13513513513513514,0.6216216216216216,0.24324324324324326,0.35135135135135137,0.16216216216216217,0.10810810810810811,0.0
3376,3,soft_dt_jump,39,3890,8,23,8,0.20512820512820512,0.5897435897435898,0.20512820512820512,0.15384615384615385,0.38461538461538464,0.10256410256410256,0.0
3377,1,soft_state_jump,24,1950,5,15,4,0.20833333333333334,0.625,0.16666666666666666,0.4166666666666667,0.3333333333333333,0.20833333333333334,0.0
3378,2,soft_dt_jump,18,1070,3,13,2,0.16666666666666666,0.7222222222222222,0.1111111111111111,0.3333333333333333,0.3333333333333333,0.05555555555555555,0.0
3379,1,soft_dt_jump,27,1960,3,20,4,0.1111111111111111,0.7407407407407407,0.14814814814814814,0.37037037037037035,0.2222222222222222,0.14814814814814814,0.0
3380,1,soft_side_flip_with_dt_jump,43,2550,14,24,5,0.32558139534883723,0.5581395348837209,0.11627906976744186,0.3488372093023256,0.4418604651162791,0.16279069767441862,0.0
3381,3,soft_dt_jump,8,300,1,5,2,0.125,0.625,0.25,0.25,0.125,0.125,0.0
3382,2,soft_dt_jump,14,730,3,9,2,0.21428571428571427,0.6428571428571429,0.14285714285714285,0.21428571428571427,0.5,0.0,0.0
3383,6,soft_side_flip_with_dt_jump,14,990,1,13,0,0.07142857142857142,0.8888888888888888,0.0,0.5,0.0,0.2857142857142857,0.0
3384,1,soft_side_flip_with_dt_jump,64,4920,8,43,13,0.125,0.671875,0.203125,0.34375,0.25,0.109375,0.0
3385,1,max_events_per_episode,24,2820,4,16,4,0.16666666666666666,0.6666666666666666,0.16666666666666666,0.3333333333333333,0.3333333333333333,0.08333333333333333,0.0
3386,2,soft_dt_jump,16,670,5,10,1,0.3125,0.625,0.0625,0.3125,0.4375,0.1875,0.0
3387,1,soft_dt_jump,42,3500,11,25,6,0.2619047619047619,0.5952380952380952,0.14285714285714285,0.42857142857142855,0.2619047619047619,0.2619047619047619,0.0
3388,3,soft_dt_jump,10,850,2,6,2,0.2,0.6,0.2,0.2,0.4,0.2,0.0
3389,1,soft_dt_jump,44,3430,9,30,5,0.20454545454545456,0.6818181818181818,0.11363636363636363,0.5,0.25,0.29545454545454547,0.0
3390,1,soft_side_flip_with_dt_jump,29,2000,8,18,3,0.27586206896551724,0.6206896551724138,0.10344827586206896,0.5172413793103449,0.2413793103448276,0.3103448275862069,0.0
3391,2,soft_dt_jump,10,400,1,8,1,0.1,0.8,0.1,0.4,0.2,0.2,0.0
3392,6,soft_dt_jump,8,260,3,4,1,0.375,0.5,0.125,0.625,0.125,0.5,0.0
3393,2,soft_side_flip_with_dt_jump,8,370,2,5,1,0.25,0.625,0.125,0.25,0.375,0.125,0.0
3394,6,soft_dt_jump,21,1940,4,15,2,0.19047619047619047,0.7142857142857143,0.09523809523809523,0.7619047619047619,0.047619047619047616,0.5238095238095238,0.0
3395,2,soft_state_jump,12,640,6,6,0,0.5,0.5,0.0,0.3333333333333333,0.5,0.16666666666666666,0.0
3396,3,soft_dt_jump,11,1380,1,8,2,0.09090909090909091,0.7272727272727273,0.18181818181818182,0.36363636363636365,0.0,0.2727272727272727,0.0
3397,2,soft_dt_jump,8,780,1,4,3,0.125,0.5,0.375,0.375,0.25,0.125,0.0
3398,0,soft_dt_jump,8,20,6,2,0,0.75,0.25,0.0,1.0,0.0,0.875,0.0
3399,2,soft_dt_jump,10,1370,2,6,2,0.2,0.6,0.2,0.3,0.3,0.1,0.0
3400,1,soft_state_jump,45,3610,11,28,6,0.24444444444444444,0.6222222222222222,0.13333333333333333,0.5111111111111111,0.28888888888888886,0.4444444444444444,0.0
3401,3,soft_dt_jump,15,1370,2,11,2,0.13333333333333333,0.7333333333333333,0.13333333333333333,0.4,0.2,0.2,0.0
3402,3,soft_side_flip_with_dt_jump,15,890,2,9,4,0.13333333333333333,0.6,0.26666666666666666,0.4666666666666667,0.13333333333333333,0.13333333333333333,0.0
3403,3,soft_side_flip_with_dt_jump,10,1180,2,5,3,0.2,0.5,0.3,0.5,0.0,0.3,0.0
3404,0,soft_dt_jump,12,230,7,3,2,0.5833333333333334,0.25,0.16666666666666666,0.75,0.0,0.6666666666666666,0.0
3405,1,soft_dt_jump,35,3890,11,20,4,0.3142857142857143,0.5714285714285714,0.11428571428571428,0.6571428571428571,0.17142857142857143,0.37142857142857144,0.0
3406,6,soft_dt_jump,10,320,5,4,1,0.5,0.4,0.1,0.9,0.0,0.8,0.0
3407,2,soft_dt_jump,10,900,2,5,3,0.2,0.5,0.3,0.2,0.4,0.0,0.0
3408,7,soft_state_jump,10,440,6,3,1,0.6,0.3,0.1,0.4,0.5,0.4,0.0
3409,0,soft_dt_jump,45,2720,26,14,5,0.5777777777777777,0.3111111111111111,0.1111111111111111,0.7555555555555555,0.06666666666666667,0.6444444444444445,0.0
3410,1,soft_dt_jump,35,2840,8,25,2,0.22857142857142856,0.7142857142857143,0.05714285714285714,0.42857142857142855,0.45714285714285713,0.22857142857142856,0.0
3411,1,soft_dt_jump,58,4990,11,37,10,0.1896551724137931,0.6379310344827587,0.1724137931034483,0.3620689655172414,0.3103448275862069,0.20689655172413793,0.0
3412,3,soft_side_flip_with_dt_jump,11,760,2,8,1,0.18181818181818182,0.7272727272727273,0.09090909090909091,0.5454545454545454,0.18181818181818182,0.36363636363636365,0.0
3413,1,soft_side_flip_with_dt_jump,21,1740,3,13,5,0.14285714285714285,0.6190476190476191,0.23809523809523808,0.47619047619047616,0.23809523809523808,0.3333333333333333,0.0
3414,7,soft_dt_jump,42,770,35,5,2,0.8333333333333334,0.11904761904761904,0.047619047619047616,0.023809523809523808,0.8809523809523809,0.0,0.0
3415,2,soft_dt_jump,20,1730,3,14,3,0.15,0.7,0.15,0.25,0.45,0.1,0.0
3416,6,soft_state_jump,27,2870,12,12,3,0.4444444444444444,0.4444444444444444,0.1111111111111111,0.8518518518518519,0.0,0.6296296296296297,0.0
3417,3,soft_dt_jump,11,950,2,7,2,0.18181818181818182,0.6363636363636364,0.18181818181818182,0.09090909090909091,0.45454545454545453,0.0,0.0
3418,3,soft_dt_jump,17,1620,3,12,2,0.17647058823529413,0.7058823529411765,0.11764705882352941,0.35294117647058826,0.29411764705882354,0.17647058823529413,0.0
3419,6,soft_state_jump,22,1300,6,13,3,0.2727272727272727,0.5909090909090909,0.13636363636363635,0.6818181818181818,0.09090909090909091,0.5454545454545454,0.0
3420,2,soft_dt_jump,11,960,0,10,1,0.0,0.8888888888888888,0.09090909090909091,0.7272727272727273,0.09090909090909091,0.18181818181818182,0.0
3421,1,soft_state_jump,37,3810,11,22,4,0.2972972972972973,0.5945945945945946,0.10810810810810811,0.7027027027027027,0.10810810810810811,0.4864864864864865,0.0
3422,6,soft_dt_jump,18,840,5,12,1,0.2777777777777778,0.6666666666666666,0.05555555555555555,0.4444444444444444,0.2777777777777778,0.3333333333333333,0.0
3423,6,soft_dt_jump,23,1360,9,11,3,0.391304347826087,0.4782608695652174,0.13043478260869565,0.5652173913043478,0.21739130434782608,0.391304347826087,0.0
3424,1,soft_dt_jump,22,2100,3,16,3,0.13636363636363635,0.7272727272727273,0.13636363636363635,0.6818181818181818,0.0,0.45454545454545453,0.0
3425,3,soft_state_jump,13,970,2,9,2,0.15384615384615385,0.6923076923076923,0.15384615384615385,0.15384615384615385,0.46153846153846156,0.07692307692307693,0.0
3426,1,soft_side_flip_with_dt_jump,35,4300,9,20,6,0.2571428571428571,0.5714285714285714,0.17142857142857143,0.4,0.3142857142857143,0.2571428571428571,0.0
3427,3,soft_dt_jump,21,2780,5,13,3,0.23809523809523808,0.6190476190476191,0.14285714285714285,0.14285714285714285,0.5238095238095238,0.047619047619047616,0.0
3428,1,soft_state_jump,64,6920,12,45,7,0.1875,0.703125,0.109375,0.34375,0.390625,0.140625,0.0
3429,3,max_events_per_episode,8,580,2,5,1,0.25,0.625,0.125,0.25,0.375,0.125,0.0
3430,6,soft_dt_jump,11,490,4,6,1,0.36363636363636365,0.5454545454545454,0.09090909090909091,0.45454545454545453,0.2727272727272727,0.36363636363636365,0.0
3431,6,soft_dt_jump,22,660,12,8,2,0.5454545454545454,0.36363636363636365,0.09090909090909091,0.5454545454545454,0.2727272727272727,0.4090909090909091,0.0
3432,1,soft_dt_jump,64,4020,15,41,8,0.234375,0.640625,0.125,0.390625,0.328125,0.234375,0.0
3433,1,max_events_per_episode,64,7880,9,45,10,0.140625,0.703125,0.15625,0.375,0.375,0.109375,0.0
3434,1,max_events_per_episode,30,4450,8,17,5,0.26666666666666666,0.5666666666666667,0.16666666666666666,0.3333333333333333,0.3,0.2,0.0
3435,3,soft_dt_jump,19,1460,5,12,2,0.2631578947368421,0.631578947368421,0.10526315789473684,0.3157894736842105,0.21052631578947367,0.15789473684210525,0.0
3436,2,soft_dt_jump,8,160,3,5,0,0.375,0.625,0.0,0.25,0.625,0.25,0.0
3437,2,soft_dt_jump,13,1670,4,8,1,0.3076923076923077,0.6153846153846154,0.07692307692307693,0.15384615384615385,0.6923076923076923,0.07692307692307693,0.0
3438,2,soft_dt_jump,19,1440,6,12,1,0.3157894736842105,0.631578947368421,0.05263157894736842,0.3157894736842105,0.5789473684210527,0.15789473684210525,0.0
3439,2,soft_dt_jump,23,2080,4,16,3,0.17391304347826086,0.6956521739130435,0.13043478260869565,0.391304347826087,0.391304347826087,0.043478260869565216,0.0
3440,1,soft_dt_jump,64,5560,18,39,7,0.28125,0.609375,0.109375,0.515625,0.328125,0.296875,0.0
3441,6,max_events_per_episode,8,190,4,4,0,0.5,0.5,0.0,0.75,0.25,0.5,0.0
3442,1,soft_dt_jump,27,3100,4,19,4,0.14814814814814814,0.7037037037037037,0.14814814814814814,0.4444444444444444,0.14814814814814814,0.3333333333333333,0.0
3443,1,soft_state_jump,30,3400,4,23,3,0.13333333333333333,0.7666666666666667,0.1,0.6,0.2,0.3333333333333333,0.0
3444,6,soft_dt_jump,13,1430,6,5,2,0.46153846153846156,0.38461538461538464,0.15384615384615385,0.7692307692307693,0.0,0.5384615384615384,0.0
3445,2,soft_dt_jump,8,360,2,5,1,0.25,0.625,0.125,0.625,0.125,0.375,0.0
3446,3,soft_side_flip_with_dt_jump,20,2500,3,12,5,0.15,0.6,0.25,0.3,0.15,0.2,0.0
3447,6,soft_state_jump,12,1990,3,9,0,0.25,0.75,0.0,0.6666666666666666,0.08333333333333333,0.6666666666666666,0.0
3448,1,soft_dt_jump,23,2880,4,17,2,0.17391304347826086,0.7391304347826086,0.08695652173913043,0.5217391304347826,0.21739130434782608,0.30434782608695654,0.0
3449,0,soft_state_jump,31,590,26,4,1,0.8387096774193549,0.12903225806451613,0.03225806451612903,0.8709677419354839,0.06451612903225806,0.8709677419354839,0.0
3450,6,soft_dt_jump,10,1250,2,7,1,0.2,0.7,0.1,0.8,0.0,0.6,0.0
3451,3,soft_side_flip_with_dt_jump,18,2960,1,13,4,0.05555555555555555,0.7222222222222222,0.2222222222222222,0.3333333333333333,0.2222222222222222,0.2222222222222222,0.0
3452,6,soft_dt_jump,9,580,5,4,0,0.5555555555555556,0.4444444444444444,0.0,1.0,0.0,1.0,0.0
3453,6,soft_dt_jump,23,1960,9,11,3,0.391304347826087,0.4782608695652174,0.13043478260869565,0.782608695652174,0.08695652173913043,0.5217391304347826,0.0
3454,1,soft_dt_jump,30,2540,7,21,2,0.23333333333333334,0.7,0.06666666666666667,0.5333333333333333,0.2,0.26666666666666666,0.0
3455,1,soft_side_flip_with_dt_jump,38,4330,7,21,10,0.18421052631578946,0.5526315789473685,0.2631578947368421,0.39473684210526316,0.23684210526315788,0.23684210526315788,0.0
3456,1,soft_dt_jump,35,3470,8,25,2,0.22857142857142856,0.7142857142857143,0.05714285714285714,0.6,0.14285714285714285,0.45714285714285713,0.0
3457,6,soft_state_jump,9,1320,3,6,0,0.3333333333333333,0.6666666666666666,0.0,0.6666666666666666,0.2222222222222222,0.5555555555555556,0.0
3458,3,soft_dt_jump,10,1190,1,7,2,0.1,0.7,0.2,0.3,0.2,0.0,0.0
3459,1,soft_dt_jump,59,8450,11,36,12,0.1864406779661017,0.6101694915254238,0.2033898305084746,0.3898305084745763,0.23728813559322035,0.23728813559322035,0.0
3460,7,soft_state_jump,9,530,5,4,0,0.5555555555555556,0.4444444444444444,0.0,0.1111111111111111,0.8888888888888888,0.0,0.0
3461,1,soft_dt_jump,17,3260,2,13,2,0.11764705882352941,0.7647058823529411,0.11764705882352941,0.5882352941176471,0.29411764705882354,0.4117647058823529,0.0
3462,2,soft_dt_jump,15,1260,6,9,0,0.4,0.6,0.0,0.3333333333333333,0.6,0.06666666666666667,0.0
3463,6,soft_dt_jump,16,1200,6,10,0,0.375,0.625,0.0,0.75,0.1875,0.5,0.0
3464,2,soft_dt_jump,14,1230,5,8,1,0.35714285714285715,0.5714285714285714,0.07142857142857142,0.14285714285714285,0.6428571428571429,0.0,0.0
3465,1,soft_dt_jump,38,5260,6,28,4,0.15789473684210525,0.7368421052631579,0.10526315789473684,0.3157894736842105,0.4473684210526316,0.05263157894736842,0.0
3466,3,soft_side_flip_with_dt_jump,16,2320,2,11,3,0.125,0.6875,0.1875,0.5625,0.0625,0.3125,0.0
3467,6,soft_state_jump,24,1280,14,7,3,0.5833333333333334,0.2916666666666667,0.125,0.7083333333333334,0.125,0.6666666666666666,0.0
3468,6,soft_dt_jump,25,2590,8,16,1,0.32,0.64,0.04,0.72,0.12,0.52,0.0
3469,3,soft_dt_jump,9,1510,1,6,2,0.1111111111111111,0.6666666666666666,0.2222222222222222,0.2222222222222222,0.5555555555555556,0.2222222222222222,0.0
3470,1,soft_state_jump,29,3480,5,19,5,0.1724137931034483,0.6551724137931034,0.1724137931034483,0.4827586206896552,0.3103448275862069,0.2413793103448276,0.0
3471,3,soft_dt_jump,14,1580,3,9,2,0.21428571428571427,0.6428571428571429,0.14285714285714285,0.42857142857142855,0.21428571428571427,0.21428571428571427,0.0
3472,6,soft_state_jump,8,690,5,3,0,0.625,0.375,0.0,0.625,0.25,0.5,0.0
3473,1,soft_dt_jump,32,5150,4,24,4,0.125,0.75,0.125,0.5,0.21875,0.21875,0.0
3474,2,soft_dt_jump,21,1800,4,17,0,0.19047619047619047,0.8095238095238095,0.0,0.6190476190476191,0.23809523809523808,0.19047619047619047,0.0
3475,1,soft_side_flip_with_dt_jump,37,5070,12,22,3,0.32432432432432434,0.5945945945945946,0.08108108108108109,0.5675675675675675,0.2702702702702703,0.32432432432432434,0.0
3476,0,soft_dt_jump,9,30,6,3,0,0.6666666666666666,0.3333333333333333,0.0,0.7777777777777778,0.2222222222222222,0.6666666666666666,0.0
3477,7,soft_dt_jump,18,1410,12,4,2,0.6666666666666666,0.2222222222222222,0.1111111111111111,0.16666666666666666,0.7222222222222222,0.05555555555555555,0.0
3478,2,soft_dt_jump,22,2380,8,14,0,0.36363636363636365,0.6363636363636364,0.0,0.5909090909090909,0.36363636363636365,0.36363636363636365,0.0
3479,1,soft_dt_jump,25,3750,9,13,3,0.36,0.52,0.12,0.4,0.48,0.24,0.0
3480,2,soft_dt_jump,13,1420,5,8,0,0.38461538461538464,0.6153846153846154,0.0,0.38461538461538464,0.5384615384615384,0.07692307692307693,0.0
3481,0,soft_dt_jump,9,1070,6,2,1,0.6666666666666666,0.2222222222222222,0.1111111111111111,0.6666666666666666,0.2222222222222222,0.6666666666666666,0.0
3482,1,soft_dt_jump,35,4720,9,19,7,0.2571428571428571,0.5428571428571428,0.2,0.37142857142857144,0.2571428571428571,0.17142857142857143,0.0
3483,6,soft_dt_jump,8,450,4,3,1,0.5,0.375,0.125,0.625,0.125,0.625,0.0
3484,3,soft_dt_jump,12,980,2,6,4,0.16666666666666666,0.5,0.3333333333333333,0.5,0.08333333333333333,0.25,0.0
3485,6,soft_dt_jump,17,980,9,6,2,0.5294117647058824,0.35294117647058826,0.11764705882352941,0.8823529411764706,0.0,0.7058823529411765,0.0
3486,2,soft_dt_jump,11,490,3,6,2,0.2727272727272727,0.5454545454545454,0.18181818181818182,0.6363636363636364,0.18181818181818182,0.2727272727272727,0.0
3487,6,soft_dt_jump,9,1080,4,3,2,0.4444444444444444,0.3333333333333333,0.2222222222222222,0.6666666666666666,0.0,0.5555555555555556,0.0
3488,1,soft_dt_jump,26,2200,6,14,6,0.23076923076923078,0.5384615384615384,0.23076923076923078,0.6153846153846154,0.07692307692307693,0.3076923076923077,0.0
3489,7,soft_dt_jump,13,920,7,2,4,0.5384615384615384,0.15384615384615385,0.3076923076923077,0.07692307692307693,0.5384615384615384,0.0,0.0
3490,1,soft_dt_jump,42,6950,4,30,8,0.09523809523809523,0.7142857142857143,0.19047619047619047,0.40476190476190477,0.21428571428571427,0.2619047619047619,0.0
3491,0,soft_state_jump,30,0,29,1,0,0.9666666666666667,0.03333333333333333,0.0,1.0,0.0,1.0,0.0
3492,3,soft_dt_jump,21,2730,3,13,5,0.14285714285714285,0.6190476190476191,0.23809523809523808,0.47619047619047616,0.14285714285714285,0.23809523809523808,0.0
3493,6,soft_state_jump,18,2570,5,10,3,0.2777777777777778,0.5555555555555556,0.16666666666666666,0.6111111111111112,0.2222222222222222,0.5555555555555556,0.0
3494,7,soft_state_jump,18,1990,10,7,1,0.5555555555555556,0.3888888888888889,0.05555555555555555,0.2222222222222222,0.6111111111111112,0.1111111111111111,0.0
3495,0,soft_dt_jump,43,870,35,6,2,0.813953488372093,0.13953488372093023,0.046511627906976744,0.8372093023255814,0.06976744186046512,0.813953488372093,0.0
3496,3,soft_dt_jump,11,2150,2,5,4,0.18181818181818182,0.45454545454545453,0.36363636363636365,0.45454545454545453,0.09090909090909091,0.2727272727272727,0.0
3497,3,soft_dt_jump,43,5560,8,29,6,0.18604651162790697,0.6744186046511628,0.13953488372093023,0.20930232558139536,0.37209302325581395,0.09302325581395349,0.0
3498,2,soft_state_jump,13,590,4,8,1,0.3076923076923077,0.6153846153846154,0.07692307692307693,0.23076923076923078,0.6153846153846154,0.15384615384615385,0.0
3499,3,soft_dt_jump,14,1630,2,8,4,0.14285714285714285,0.5714285714285714,0.2857142857142857,0.21428571428571427,0.2857142857142857,0.14285714285714285,0.0
3500,3,soft_side_flip_with_dt_jump,27,3270,3,19,5,0.1111111111111111,0.7037037037037037,0.18518518518518517,0.3333333333333333,0.25925925925925924,0.1111111111111111,0.0
3501,1,soft_dt_jump,64,8060,13,41,10,0.203125,0.640625,0.15625,0.3125,0.40625,0.171875,0.0
3502,3,max_events_per_episode,49,5970,7,33,9,0.14285714285714285,0.673469387755102,0.1836734693877551,0.16326530612244897,0.5714285714285714,0.0,0.0
3503,2,soft_side_flip_with_dt_jump,22,1370,6,13,3,0.2727272727272727,0.5909090909090909,0.13636363636363635,0.2727272727272727,0.5454545454545454,0.13636363636363635,0.0
3504,2,soft_dt_jump,8,470,2,4,2,0.25,0.5,0.25,0.5,0.125,0.25,0.0
3505,1,soft_dt_jump,39,3170,11,20,8,0.28205128205128205,0.5128205128205128,0.20512820512820512,0.46153846153846156,0.2564102564102564,0.23076923076923078,0.0
3506,1,soft_dt_jump,23,2280,6,14,3,0.2608695652173913,0.6086956521739131,0.13043478260869565,0.5217391304347826,0.2608695652173913,0.2608695652173913,0.0
3507,1,soft_dt_jump,31,3800,8,19,4,0.25806451612903225,0.6129032258064516,0.12903225806451613,0.6451612903225806,0.16129032258064516,0.3870967741935484,0.0
3508,1,soft_dt_jump,30,7440,4,17,9,0.13333333333333333,0.5666666666666667,0.3,0.3,0.26666666666666666,0.06666666666666667,0.0
3509,2,soft_state_jump,22,2760,5,16,1,0.22727272727272727,0.7272727272727273,0.045454545454545456,0.36363636363636365,0.4090909090909091,0.18181818181818182,0.0
3510,1,soft_state_jump,28,2690,5,17,6,0.17857142857142858,0.6071428571428571,0.21428571428571427,0.4642857142857143,0.2857142857142857,0.25,0.0
3511,2,soft_dt_jump,21,2230,4,14,3,0.19047619047619047,0.6666666666666666,0.14285714285714285,0.42857142857142855,0.38095238095238093,0.19047619047619047,0.0
3512,1,soft_state_jump,25,2890,6,13,6,0.24,0.52,0.24,0.4,0.32,0.2,0.0
3513,2,soft_state_jump,10,580,3,7,0,0.3,0.7,0.0,0.3,0.6,0.0,0.0
3514,2,soft_dt_jump,10,700,3,7,0,0.3,0.7,0.0,0.4,0.5,0.0,0.0
3515,1,soft_dt_jump,15,1200,2,10,3,0.13333333333333333,0.6666666666666666,0.2,0.8,0.0,0.4,0.0
3516,3,soft_dt_jump,21,1730,4,13,4,0.19047619047619047,0.6190476190476191,0.19047619047619047,0.42857142857142855,0.23809523809523808,0.3333333333333333,0.0
3517,1,soft_dt_jump,18,1290,2,13,3,0.1111111111111111,0.7222222222222222,0.16666666666666666,0.6111111111111112,0.1111111111111111,0.5,0.0
3518,6,soft_dt_jump,8,300,1,7,0,0.125,0.875,0.0,0.875,0.0,0.875,0.0
3519,3,soft_dt_jump,26,1950,9,15,2,0.34615384615384615,0.5769230769230769,0.07692307692307693,0.5384615384615384,0.3076923076923077,0.46153846153846156,0.0
3520,3,soft_dt_jump,10,610,2,7,1,0.2,0.7,0.1,0.4,0.3,0.2,0.0
3521,2,soft_side_flip_with_dt_jump,8,530,3,4,1,0.375,0.5,0.125,0.125,0.625,0.0,0.0
3522,1,soft_state_jump,18,1510,4,12,2,0.2222222222222222,0.6666666666666666,0.1111111111111111,0.6111111111111112,0.16666666666666666,0.3333333333333333,0.0
3523,1,soft_dt_jump,52,7040,10,33,9,0.19230769230769232,0.6346153846153846,0.17307692307692307,0.5192307692307693,0.17307692307692307,0.2692307692307692,0.0
3524,1,soft_state_jump,40,5840,10,23,7,0.25,0.575,0.175,0.525,0.25,0.35,0.0
3525,7,soft_state_jump,26,120,23,2,1,0.8846153846153846,0.07692307692307693,0.038461538461538464,0.0,0.9615384615384616,0.0,0.0
3526,1,soft_dt_jump,30,5390,6,19,5,0.2,0.6333333333333333,0.16666666666666666,0.4666666666666667,0.2,0.3,0.0
3527,3,soft_state_jump,9,420,1,7,1,0.1111111111111111,0.7777777777777778,0.1111111111111111,0.4444444444444444,0.0,0.2222222222222222,0.0
3528,2,soft_dt_jump,9,1160,5,4,0,0.5555555555555556,0.4444444444444444,0.0,0.4444444444444444,0.5555555555555556,0.3333333333333333,0.0
3529,1,soft_dt_jump,33,4070,8,22,3,0.24242424242424243,0.6666666666666666,0.09090909090909091,0.5151515151515151,0.36363636363636365,0.24242424242424243,0.0
3530,3,soft_dt_jump,14,840,2,8,4,0.14285714285714285,0.5714285714285714,0.2857142857142857,0.21428571428571427,0.5,0.0,0.0
3531,7,soft_side_flip_with_dt_jump,22,800,11,11,0,0.5,0.5,0.0,0.18181818181818182,0.5454545454545454,0.13636363636363635,0.0
3532,0,soft_dt_jump,13,1410,7,4,2,0.5384615384615384,0.3076923076923077,0.15384615384615385,0.8461538461538461,0.0,0.6923076923076923,0.0
3533,7,soft_dt_jump,8,260,4,2,2,0.5,0.25,0.25,0.125,0.625,0.0,0.0
3534,2,soft_side_flip_with_dt_jump,10,730,3,7,0,0.3,0.7,0.0,0.3,0.4,0.2,0.0
3535,2,soft_side_flip_with_dt_jump,9,360,4,4,1,0.4444444444444444,0.4444444444444444,0.1111111111111111,0.1111111111111111,0.7777777777777778,0.0,0.0
3536,1,soft_dt_jump,35,3290,12,20,3,0.34285714285714286,0.5714285714285714,0.08571428571428572,0.37142857142857144,0.42857142857142855,0.2571428571428571,0.0
3537,1,soft_dt_jump,25,3810,5,17,3,0.2,0.68,0.12,0.56,0.24,0.32,0.0
3538,3,soft_side_flip_with_dt_jump,18,2530,3,11,4,0.16666666666666666,0.6111111111111112,0.2222222222222222,0.5,0.2777777777777778,0.2777777777777778,0.0
3539,6,soft_dt_jump,15,1780,2,13,0,0.13333333333333333,0.8666666666666667,0.0,0.7333333333333333,0.2,0.5333333333333333,0.0
3540,3,soft_dt_jump,15,1430,4,8,3,0.26666666666666666,0.5333333333333333,0.2,0.5333333333333333,0.2,0.2,0.0
3541,3,soft_dt_jump,28,3600,8,15,5,0.2857142857142857,0.5357142857142857,0.17857142857142858,0.4642857142857143,0.32142857142857145,0.42857142857142855,0.0
3542,3,soft_state_jump,16,2680,3,12,1,0.1875,0.75,0.0625,0.4375,0.3125,0.25,0.0
3543,6,soft_state_jump,11,1170,3,7,1,0.2727272727272727,0.6363636363636364,0.09090909090909091,0.6363636363636364,0.09090909090909091,0.6363636363636364,0.0
3544,2,soft_dt_jump,20,1530,5,11,4,0.25,0.55,0.2,0.45,0.3,0.2,0.0
3545,7,soft_state_jump,8,580,4,4,0,0.5,0.5,0.0,0.25,0.75,0.25,0.0
3546,3,soft_dt_jump,16,1880,3,11,2,0.1875,0.6875,0.125,0.5625,0.25,0.3125,0.0
3547,1,soft_state_jump,37,4850,9,23,5,0.24324324324324326,0.6216216216216216,0.13513513513513514,0.2702702702702703,0.4864864864864865,0.13513513513513514,0.0
3548,6,soft_dt_jump,16,1600,8,7,1,0.5,0.4375,0.0625,0.625,0.25,0.5,0.0
3549,2,soft_dt_jump,16,810,6,7,3,0.375,0.4375,0.1875,0.375,0.375,0.25,0.0
3550,6,soft_dt_jump,13,720,4,7,2,0.3076923076923077,0.5384615384615384,0.15384615384615385,0.5384615384615384,0.23076923076923078,0.5384615384615384,0.0
3551,2,soft_dt_jump,13,2400,3,8,2,0.23076923076923078,0.6153846153846154,0.15384615384615385,0.38461538461538464,0.3076923076923077,0.38461538461538464,0.0
3552,3,soft_dt_jump,13,1490,2,11,0,0.15384615384615385,0.8461538461538461,0.0,0.38461538461538464,0.38461538461538464,0.23076923076923078,0.0
3553,3,soft_dt_jump,24,4100,3,16,5,0.125,0.6666666666666666,0.20833333333333334,0.2916666666666667,0.375,0.125,0.0
3554,1,soft_state_jump,40,5350,9,26,5,0.225,0.65,0.125,0.5,0.325,0.25,0.0
3555,3,soft_state_jump,16,1400,4,11,1,0.25,0.6875,0.0625,0.5,0.25,0.3125,0.0
3556,1,soft_side_flip_with_dt_jump,30,3550,4,20,6,0.13333333333333333,0.6666666666666666,0.2,0.4,0.23333333333333334,0.2,0.0
3557,1,soft_state_jump,34,5570,7,23,4,0.20588235294117646,0.6764705882352942,0.11764705882352941,0.38235294117647056,0.5,0.14705882352941177,0.0
3558,1,soft_dt_jump,38,5380,10,24,4,0.2631578947368421,0.631578947368421,0.10526315789473684,0.47368421052631576,0.3684210526315789,0.3157894736842105,0.0
3559,6,soft_dt_jump,15,2100,5,9,1,0.3333333333333333,0.6,0.06666666666666667,0.6,0.26666666666666666,0.4666666666666667,0.0
3560,1,soft_state_jump,29,2390,6,17,6,0.20689655172413793,0.5862068965517241,0.20689655172413793,0.5862068965517241,0.10344827586206896,0.2413793103448276,0.0
3561,3,soft_dt_jump,21,3160,4,11,6,0.19047619047619047,0.5238095238095238,0.2857142857142857,0.42857142857142855,0.09523809523809523,0.2857142857142857,0.0
3562,2,soft_state_jump,9,160,2,6,1,0.2222222222222222,0.6666666666666666,0.1111111111111111,0.4444444444444444,0.3333333333333333,0.3333333333333333,0.0
3563,3,soft_dt_jump,19,2200,3,11,5,0.15789473684210525,0.5789473684210527,0.2631578947368421,0.47368421052631576,0.21052631578947367,0.21052631578947367,0.0
3564,1,soft_state_jump,44,5800,12,28,4,0.2727272727272727,0.6363636363636364,0.09090909090909091,0.45454545454545453,0.38636363636363635,0.29545454545454547,0.0
3565,3,soft_state_jump,19,2710,5,12,2,0.2631578947368421,0.631578947368421,0.10526315789473684,0.5263157894736842,0.21052631578947367,0.47368421052631576,0.0
3566,1,soft_state_jump,54,7420,16,31,7,0.2962962962962963,0.5740740740740741,0.12962962962962962,0.4074074074074074,0.35185185185185186,0.2962962962962963,0.0
3567,3,soft_dt_jump,8,1380,1,5,2,0.125,0.625,0.25,0.125,0.25,0.125,0.0
3568,7,soft_state_jump,10,0,9,1,0,0.9,0.1,0.0,0.0,1.0,0.0,0.0
3569,3,soft_dt_jump,17,2830,5,9,3,0.29411764705882354,0.5294117647058824,0.17647058823529413,0.6470588235294118,0.11764705882352941,0.5882352941176471,0.0
3570,2,soft_state_jump,23,2660,8,13,2,0.34782608695652173,0.5652173913043478,0.08695652173913043,0.4782608695652174,0.34782608695652173,0.21739130434782608,0.0
3571,7,soft_dt_jump,29,2400,16,11,2,0.5517241379310345,0.3793103448275862,0.06896551724137931,0.3448275862068966,0.5517241379310345,0.1724137931034483,0.0
3572,2,soft_dt_jump,18,1880,6,12,0,0.3333333333333333,0.6666666666666666,0.0,0.5555555555555556,0.3888888888888889,0.2222222222222222,0.0
3573,6,soft_side_flip_with_dt_jump,9,1430,2,7,0,0.2222222222222222,0.7777777777777778,0.0,0.6666666666666666,0.2222222222222222,0.4444444444444444,0.0
3574,7,soft_state_jump,13,1390,8,5,0,0.6153846153846154,0.38461538461538464,0.0,0.3076923076923077,0.6923076923076923,0.23076923076923078,0.0
3575,7,soft_dt_jump,19,1130,10,9,0,0.5263157894736842,0.47368421052631576,0.0,0.42105263157894735,0.42105263157894735,0.2631578947368421,0.0
3576,1,soft_dt_jump,35,5760,5,26,4,0.14285714285714285,0.7428571428571429,0.11428571428571428,0.5142857142857142,0.2571428571428571,0.2571428571428571,0.0
3577,3,soft_state_jump,19,2700,5,10,4,0.2631578947368421,0.5263157894736842,0.21052631578947367,0.2631578947368421,0.5263157894736842,0.10526315789473684,0.0
3578,1,soft_dt_jump,64,8360,15,38,11,0.234375,0.59375,0.171875,0.609375,0.171875,0.390625,0.0
3579,3,max_events_per_episode,10,1800,2,5,3,0.2,0.5,0.3,0.4,0.2,0.3,0.0
3580,1,soft_dt_jump,35,5960,9,23,3,0.2571428571428571,0.6571428571428571,0.08571428571428572,0.5142857142857142,0.34285714285714286,0.3142857142857143,0.0
3581,6,soft_dt_jump,19,2630,8,9,2,0.42105263157894735,0.47368421052631576,0.10526315789473684,0.631578947368421,0.21052631578947367,0.5263157894736842,0.0
3582,3,soft_dt_jump,19,2270,5,10,4,0.2631578947368421,0.5263157894736842,0.21052631578947367,0.5789473684210527,0.10526315789473684,0.5263157894736842,0.0
3583,1,soft_dt_jump,38,6190,8,22,8,0.21052631578947367,0.5789473684210527,0.21052631578947367,0.47368421052631576,0.21052631578947367,0.2631578947368421,0.0
3584,2,soft_state_jump,21,2620,8,12,1,0.38095238095238093,0.5714285714285714,0.047619047619047616,0.38095238095238093,0.5238095238095238,0.2857142857142857,0.0
3585,3,soft_state_jump,20,2180,3,15,2,0.15,0.75,0.1,0.45,0.2,0.25,0.0
3586,1,soft_state_jump,32,5790,4,22,6,0.125,0.6875,0.1875,0.53125,0.15625,0.25,0.0
3587,6,soft_state_jump,9,1260,3,5,1,0.3333333333333333,0.5555555555555556,0.1111111111111111,0.5555555555555556,0.2222222222222222,0.5555555555555556,0.0
3588,1,soft_dt_jump,47,6820,8,30,9,0.1702127659574468,0.6382978723404256,0.19148936170212766,0.5319148936170213,0.19148936170212766,0.3617021276595745,0.0
3589,1,soft_state_jump,32,5780,6,20,6,0.1875,0.625,0.1875,0.40625,0.3125,0.15625,0.0
3590,2,soft_state_jump,13,2830,2,11,0,0.15384615384615385,0.8461538461538461,0.0,0.6153846153846154,0.3076923076923077,0.46153846153846156,0.0
3591,1,soft_state_jump,33,4110,8,21,4,0.24242424242424243,0.6363636363636364,0.12121212121212122,0.696969696969697,0.12121212121212122,0.5454545454545454,0.0
3592,2,soft_dt_jump,10,990,1,8,1,0.1,0.8,0.1,0.8,0.1,0.1,0.0
3593,1,soft_dt_jump,22,3330,6,12,4,0.2727272727272727,0.5454545454545454,0.18181818181818182,0.6363636363636364,0.18181818181818182,0.4090909090909091,0.0
3594,1,soft_dt_jump,26,1790,8,13,5,0.3076923076923077,0.5,0.19230769230769232,0.38461538461538464,0.3076923076923077,0.23076923076923078,0.0
3595,1,soft_dt_jump,26,3100,7,15,4,0.2692307692307692,0.5769230769230769,0.15384615384615385,0.5384615384615384,0.19230769230769232,0.3076923076923077,0.0
3596,6,soft_dt_jump,14,720,5,7,2,0.35714285714285715,0.5,0.14285714285714285,0.5,0.2857142857142857,0.42857142857142855,0.0
3597,3,soft_dt_jump,16,1250,3,10,3,0.1875,0.625,0.1875,0.125,0.375,0.125,0.0
3598,3,soft_dt_jump,21,2960,4,15,2,0.19047619047619047,0.7142857142857143,0.09523809523809523,0.3333333333333333,0.42857142857142855,0.09523809523809523,0.0
3599,1,soft_state_jump,19,2820,4,14,1,0.21052631578947367,0.7368421052631579,0.05263157894736842,0.7894736842105263,0.10526315789473684,0.47368421052631576,0.0
3600,1,soft_state_jump,31,3390,7,20,4,0.22580645161290322,0.6451612903225806,0.12903225806451613,0.5806451612903226,0.25806451612903225,0.41935483870967744,0.0
3601,2,soft_dt_jump,10,820,3,5,2,0.3,0.5,0.2,0.1,0.5,0.1,0.0
3602,1,soft_dt_jump,18,3200,2,12,4,0.1111111111111111,0.6666666666666666,0.2222222222222222,0.6666666666666666,0.05555555555555555,0.3888888888888889,0.0
3603,1,soft_state_jump,22,2890,4,17,1,0.18181818181818182,0.7727272727272727,0.045454545454545456,0.5909090909090909,0.18181818181818182,0.3181818181818182,0.0
3604,2,soft_state_jump,17,1600,5,9,3,0.29411764705882354,0.5294117647058824,0.17647058823529413,0.35294117647058826,0.47058823529411764,0.29411764705882354,0.0
3605,2,soft_dt_jump,8,900,0,5,3,0.0,0.625,0.375,0.625,0.0,0.125,0.0
3606,2,soft_state_jump,16,750,6,9,1,0.375,0.5625,0.0625,0.375,0.5625,0.25,0.0
3607,3,soft_dt_jump,13,1570,3,7,3,0.23076923076923078,0.5384615384615384,0.23076923076923078,0.23076923076923078,0.23076923076923078,0.23076923076923078,0.0
3608,1,soft_state_jump,13,1850,2,7,4,0.15384615384615385,0.5384615384615384,0.3076923076923077,0.46153846153846156,0.23076923076923078,0.3076923076923077,0.0
3609,2,soft_side_flip_with_dt_jump,15,1710,5,8,2,0.3333333333333333,0.5333333333333333,0.13333333333333333,0.26666666666666666,0.5333333333333333,0.2,0.0
3610,6,soft_dt_jump,9,980,4,5,0,0.4444444444444444,0.5555555555555556,0.0,0.5555555555555556,0.4444444444444444,0.5555555555555556,0.0
3611,1,soft_dt_jump,40,5020,6,24,10,0.15,0.6,0.25,0.375,0.275,0.325,0.0
3612,2,soft_state_jump,21,2730,5,15,1,0.23809523809523808,0.7142857142857143,0.047619047619047616,0.2857142857142857,0.5238095238095238,0.09523809523809523,0.0
3613,1,soft_state_jump,31,4270,7,18,6,0.22580645161290322,0.5806451612903226,0.1935483870967742,0.3548387096774194,0.3225806451612903,0.1935483870967742,0.0
3614,1,soft_dt_jump,42,5850,7,24,11,0.16666666666666666,0.5714285714285714,0.2619047619047619,0.40476190476190477,0.2857142857142857,0.21428571428571427,0.0
3615,2,soft_dt_jump,16,2140,3,9,4,0.1875,0.5625,0.25,0.3125,0.375,0.0625,0.0
3616,2,soft_dt_jump,13,1140,3,9,1,0.23076923076923078,0.6923076923076923,0.07692307692307693,0.38461538461538464,0.3076923076923077,0.23076923076923078,0.0
3617,1,soft_dt_jump,47,4670,10,34,3,0.2127659574468085,0.723404255319149,0.06382978723404255,0.48936170212765956,0.3829787234042553,0.1702127659574468,0.0
3618,7,soft_dt_jump,9,120,7,2,0,0.7777777777777778,0.2222222222222222,0.0,0.0,1.0,0.0,0.0
3619,1,soft_dt_jump,33,3360,8,19,6,0.24242424242424243,0.5757575757575758,0.18181818181818182,0.36363636363636365,0.3939393939393939,0.12121212121212122,0.0
3620,3,soft_side_flip_with_dt_jump,10,590,3,4,3,0.3,0.4,0.3,0.4,0.2,0.4,0.0
3621,1,soft_dt_jump,23,2220,8,11,4,0.34782608695652173,0.4782608695652174,0.17391304347826086,0.34782608695652173,0.43478260869565216,0.2608695652173913,0.0
3622,1,soft_state_jump,43,3860,8,28,7,0.18604651162790697,0.6511627906976745,0.16279069767441862,0.3488372093023256,0.3953488372093023,0.11627906976744186,0.0
3623,2,soft_dt_jump,8,610,2,3,3,0.25,0.375,0.375,0.125,0.5,0.125,0.0
3624,1,soft_side_flip_with_dt_jump,64,6420,16,41,7,0.25,0.640625,0.109375,0.375,0.421875,0.15625,0.0
3625,2,max_events_per_episode,19,2110,5,13,1,0.2631578947368421,0.6842105263157895,0.05263157894736842,0.5789473684210527,0.3684210526315789,0.3684210526315789,0.0
3626,6,soft_dt_jump,9,860,2,6,1,0.2222222222222222,0.6666666666666666,0.1111111111111111,0.7777777777777778,0.1111111111111111,0.5555555555555556,0.0
3627,3,soft_dt_jump,10,790,3,6,1,0.3,0.6,0.1,0.3,0.4,0.3,0.0
3628,3,soft_dt_jump,8,420,2,6,0,0.25,0.75,0.0,0.25,0.625,0.25,0.0
3629,1,soft_dt_jump,38,4490,10,22,6,0.2631578947368421,0.5789473684210527,0.15789473684210525,0.42105263157894735,0.39473684210526316,0.2631578947368421,0.0
3630,6,soft_dt_jump,8,790,3,5,0,0.375,0.625,0.0,0.625,0.25,0.5,0.0
3631,2,soft_dt_jump,8,830,2,4,2,0.25,0.5,0.25,0.25,0.5,0.125,0.0
3632,1,soft_state_jump,52,8470,8,32,12,0.15384615384615385,0.6153846153846154,0.23076923076923078,0.38461538461538464,0.3076923076923077,0.21153846153846154,0.0
3633,1,soft_state_jump,64,8130,10,43,11,0.15625,0.671875,0.171875,0.421875,0.234375,0.25,0.0
3634,3,max_events_per_episode,8,790,1,5,2,0.125,0.625,0.25,0.625,0.0,0.25,0.0
3635,2,soft_dt_jump,9,1030,1,6,2,0.1111111111111111,0.6666666666666666,0.2222222222222222,0.4444444444444444,0.2222222222222222,0.2222222222222222,0.0
3636,1,soft_state_jump,64,7970,19,35,10,0.296875,0.546875,0.15625,0.40625,0.375,0.25,0.0
3637,3,max_events_per_episode,10,920,3,6,1,0.3,0.6,0.1,0.4,0.3,0.4,0.0
3638,6,soft_dt_jump,9,360,3,5,1,0.3333333333333333,0.5555555555555556,0.1111111111111111,0.5555555555555556,0.2222222222222222,0.4444444444444444,0.0
3639,2,soft_side_flip_with_dt_jump,19,1760,9,8,2,0.47368421052631576,0.42105263157894735,0.10526315789473684,0.15789473684210525,0.6842105263157895,0.15789473684210525,0.0
3640,6,soft_dt_jump,10,570,3,5,2,0.3,0.5,0.2,0.6,0.2,0.6,0.0
3641,1,soft_dt_jump,35,3240,9,20,6,0.2571428571428571,0.5714285714285714,0.17142857142857143,0.3142857142857143,0.45714285714285713,0.2,0.0
3642,2,soft_dt_jump,12,820,4,7,1,0.3333333333333333,0.5833333333333334,0.08333333333333333,0.3333333333333333,0.5833333333333334,0.08333333333333333,0.0
3643,3,soft_state_jump,18,3310,7,8,3,0.3888888888888889,0.4444444444444444,0.16666666666666666,0.3333333333333333,0.3888888888888889,0.2777777777777778,0.0
3644,0,soft_dt_jump,27,1730,17,9,1,0.6296296296296297,0.3333333333333333,0.037037037037037035,0.7037037037037037,0.2222222222222222,0.5925925925925926,0.0
3645,6,soft_dt_jump,8,1620,2,4,2,0.25,0.5,0.25,0.75,0.0,0.5,0.0
3646,2,soft_dt_jump,16,2990,6,6,4,0.375,0.375,0.25,0.375,0.375,0.0625,0.0
3647,3,soft_dt_jump,13,1260,2,5,6,0.15384615384615385,0.38461538461538464,0.4,0.38461538461538464,0.15384615384615385,0.07692307692307693,0.0
3648,6,soft_dt_jump,23,2750,10,11,2,0.43478260869565216,0.4782608695652174,0.08695652173913043,0.6521739130434783,0.2608695652173913,0.6086956521739131,0.0
3649,2,soft_dt_jump,10,430,5,4,1,0.5,0.4,0.1,0.4,0.5,0.2,0.0
3650,2,soft_dt_jump,10,460,2,8,0,0.2,0.8,0.0,0.3,0.6,0.0,0.0
3651,6,soft_dt_jump,10,1700,4,5,1,0.4,0.5,0.1,0.6,0.3,0.5,0.0
3652,1,soft_dt_jump,24,4300,5,15,4,0.20833333333333334,0.625,0.16666666666666666,0.4583333333333333,0.2916666666666667,0.25,0.0
3653,0,soft_state_jump,23,930,15,8,0,0.6521739130434783,0.34782608695652173,0.0,0.7391304347826086,0.2608695652173913,0.6521739130434783,0.0
3654,1,soft_dt_jump,17,1680,3,11,3,0.17647058823529413,0.6470588235294118,0.17647058823529413,0.6470588235294118,0.11764705882352941,0.4117647058823529,0.0
3655,3,soft_dt_jump,22,2630,7,9,6,0.3181818181818182,0.4090909090909091,0.2727272727272727,0.36363636363636365,0.2727272727272727,0.3181818181818182,0.0
3656,1,soft_dt_jump,26,3220,7,16,3,0.2692307692307692,0.6153846153846154,0.11538461538461539,0.7692307692307693,0.07692307692307693,0.4230769230769231,0.0
3657,1,soft_dt_jump,20,2120,5,12,3,0.25,0.6,0.15,0.55,0.3,0.4,0.0
3658,1,soft_state_jump,23,2740,6,14,3,0.2608695652173913,0.6086956521739131,0.13043478260869565,0.34782608695652173,0.43478260869565216,0.13043478260869565,0.0
3659,2,soft_state_jump,17,2570,3,12,2,0.17647058823529413,0.7058823529411765,0.11764705882352941,0.5294117647058824,0.29411764705882354,0.23529411764705882,0.0
3660,6,soft_state_jump,32,3600,17,13,2,0.53125,0.40625,0.0625,0.6875,0.25,0.59375,0.0
3661,1,soft_dt_jump,27,3320,8,15,4,0.2962962962962963,0.5555555555555556,0.14814814814814814,0.5925925925925926,0.18518518518518517,0.3333333333333333,0.0
3662,2,soft_dt_jump,15,2140,4,9,2,0.26666666666666666,0.6,0.13333333333333333,0.4,0.4666666666666667,0.26666666666666666,0.0
3663,3,soft_dt_jump,10,1330,2,7,1,0.2,0.7,0.1,0.2,0.5,0.2,0.0
3664,6,soft_side_flip_with_dt_jump,11,1180,3,8,0,0.2727272727272727,0.7272727272727273,0.0,0.6363636363636364,0.09090909090909091,0.45454545454545453,0.0
3665,2,soft_state_jump,16,5500,3,10,3,0.1875,0.625,0.1875,0.4375,0.3125,0.25,0.0
3666,7,soft_state_jump,8,420,4,2,2,0.5,0.25,0.25,0.125,0.5,0.0,0.0
3667,2,soft_dt_jump,13,2060,3,8,2,0.23076923076923078,0.6153846153846154,0.15384615384615385,0.38461538461538464,0.23076923076923078,0.38461538461538464,0.0
3668,3,soft_state_jump,11,1850,2,5,4,0.18181818181818182,0.45454545454545453,0.36363636363636365,0.5454545454545454,0.09090909090909091,0.36363636363636365,0.0
3669,7,soft_dt_jump,10,1000,6,4,0,0.6,0.4,0.0,0.3,0.6,0.3,0.0
3670,7,soft_dt_jump,20,1430,13,5,2,0.65,0.25,0.1,0.2,0.7,0.1,0.0
3671,3,soft_dt_jump,20,1400,4,11,5,0.2,0.55,0.25,0.45,0.25,0.25,0.0
3672,6,soft_dt_jump,8,820,4,3,1,0.5,0.375,0.125,0.875,0.0,0.75,0.0
3673,3,soft_dt_jump,21,3670,6,11,4,0.2857142857142857,0.5238095238095238,0.19047619047619047,0.38095238095238093,0.3333333333333333,0.23809523809523808,0.0
3674,2,soft_dt_jump,10,1000,5,5,0,0.5,0.5,0.0,0.4,0.6,0.3,0.0
3675,7,soft_dt_jump,14,790,11,3,0,0.7857142857142857,0.21428571428571427,0.0,0.14285714285714285,0.8571428571428571,0.0,0.0
3676,1,soft_dt_jump,22,4930,4,15,3,0.18181818181818182,0.6818181818181818,0.13636363636363635,0.5909090909090909,0.045454545454545456,0.45454545454545453,0.0
3677,3,soft_state_jump,16,1050,5,8,3,0.3125,0.5,0.1875,0.3125,0.4375,0.25,0.0
3678,1,soft_dt_jump,36,4330,13,19,4,0.3611111111111111,0.5277777777777778,0.1111111111111111,0.6666666666666666,0.19444444444444445,0.5277777777777778,0.0
3679,7,soft_dt_jump,29,1740,15,9,5,0.5172413793103449,0.3103448275862069,0.1724137931034483,0.20689655172413793,0.5862068965517241,0.13793103448275862,0.0
3680,1,soft_dt_jump,40,5970,10,30,0,0.25,0.75,0.0,0.525,0.275,0.3,0.0
3681,3,soft_state_jump,18,2720,2,4,12,0.1111111111111111,0.2222222222222222,0.4,0.1111111111111111,0.16666666666666666,0.05555555555555555,0.0
3682,0,soft_dt_jump,32,210,30,2,0,0.9375,0.0625,0.0,1.0,0.0,1.0,0.0
3683,6,soft_dt_jump,14,1060,7,6,1,0.5,0.42857142857142855,0.07142857142857142,0.7857142857142857,0.14285714285714285,0.7142857142857143,0.0
3684,3,soft_dt_jump,11,1210,2,7,2,0.18181818181818182,0.6363636363636364,0.18181818181818182,0.45454545454545453,0.2727272727272727,0.18181818181818182,0.0
3685,6,soft_state_jump,11,520,6,5,0,0.5454545454545454,0.45454545454545453,0.0,0.9090909090909091,0.09090909090909091,0.7272727272727273,0.0
3686,0,soft_dt_jump,17,1210,11,6,0,0.6470588235294118,0.35294117647058826,0.0,0.7647058823529411,0.17647058823529413,0.7647058823529411,0.0
3687,0,soft_dt_jump,32,1040,25,5,2,0.78125,0.15625,0.0625,0.875,0.0625,0.78125,0.0
3688,0,soft_dt_jump,16,0,15,1,0,0.9375,0.0625,0.0,1.0,0.0,1.0,0.0
3689,1,soft_dt_jump,38,5890,12,23,3,0.3157894736842105,0.6052631578947368,0.07894736842105263,0.7368421052631579,0.15789473684210525,0.6842105263157895,0.0
3690,3,soft_dt_jump,23,2240,6,11,6,0.2608695652173913,0.4782608695652174,0.2608695652173913,0.5217391304347826,0.13043478260869565,0.391304347826087,0.0
3691,0,soft_dt_jump,64,3400,39,20,5,0.609375,0.3125,0.078125,0.84375,0.015625,0.75,0.0
3692,0,max_events_per_episode,10,700,6,3,1,0.6,0.3,0.1,0.9,0.0,0.8,0.0
3693,0,soft_dt_jump,64,770,59,5,0,0.921875,0.078125,0.0,0.953125,0.03125,0.953125,0.0
3694,0,max_events_per_episode,19,0,19,0,0,1.0,0.0,0.0,1.0,0.0,1.0,0.0
3695,0,soft_dt_jump,17,10,15,2,0,0.8823529411764706,0.11764705882352941,0.0,1.0,0.0,1.0,0.0
3696,6,soft_dt_jump,24,1670,13,9,2,0.5416666666666666,0.375,0.08333333333333333,0.75,0.125,0.7083333333333334,0.0
3697,0,soft_dt_jump,39,950,32,6,1,0.8205128205128205,0.15384615384615385,0.02564102564102564,0.9487179487179487,0.0,0.9230769230769231,0.0
3698,6,soft_dt_jump,28,3220,10,16,2,0.35714285714285715,0.5714285714285714,0.07142857142857142,0.7142857142857143,0.21428571428571427,0.6071428571428571,0.0
3699,6,soft_dt_jump,10,380,3,6,1,0.3,0.6,0.1,0.7,0.2,0.5,0.0
3700,7,soft_side_flip_with_dt_jump,44,600,38,4,2,0.8636363636363636,0.09090909090909091,0.045454545454545456,0.06818181818181818,0.8636363636363636,0.045454545454545456,0.0
3701,6,soft_dt_jump,18,1920,1,15,2,0.05555555555555555,0.8333333333333334,0.1111111111111111,0.7222222222222222,0.1111111111111111,0.5,0.0
3702,3,soft_state_jump,17,2310,6,8,3,0.35294117647058826,0.47058823529411764,0.17647058823529413,0.058823529411764705,0.47058823529411764,0.0,0.0
3703,3,soft_dt_jump,11,820,1,7,3,0.09090909090909091,0.6363636363636364,0.2727272727272727,0.2727272727272727,0.36363636363636365,0.09090909090909091,0.0
3704,6,soft_dt_jump,20,1350,12,6,2,0.6,0.3,0.1,0.55,0.25,0.55,0.0
3705,1,soft_dt_jump,35,2940,14,14,7,0.4,0.4,0.2,0.5142857142857142,0.11428571428571428,0.42857142857142855,0.0
3706,3,soft_dt_jump,16,2610,2,7,7,0.125,0.4375,0.4,0.125,0.3125,0.0625,0.0
3707,3,soft_state_jump,16,2240,2,10,4,0.125,0.625,0.25,0.4375,0.1875,0.1875,0.0
3708,3,soft_side_flip_with_dt_jump,24,3760,4,12,8,0.16666666666666666,0.5,0.3333333333333333,0.375,0.125,0.375,0.0
3709,3,soft_dt_jump,17,1700,4,10,3,0.23529411764705882,0.5882352941176471,0.17647058823529413,0.4117647058823529,0.35294117647058826,0.35294117647058826,0.0
3710,3,soft_state_jump,20,2620,2,13,5,0.1,0.65,0.25,0.25,0.25,0.15,0.0
3711,1,soft_state_jump,47,7190,12,25,10,0.2553191489361702,0.5319148936170213,0.2127659574468085,0.2978723404255319,0.3191489361702128,0.2127659574468085,0.0
3712,1,soft_dt_jump,28,5560,6,18,4,0.21428571428571427,0.6428571428571429,0.14285714285714285,0.35714285714285715,0.32142857142857145,0.14285714285714285,0.0
3713,2,soft_dt_jump,21,2770,9,10,2,0.42857142857142855,0.47619047619047616,0.09523809523809523,0.19047619047619047,0.7142857142857143,0.09523809523809523,0.0
3714,2,soft_dt_jump,12,1080,5,4,3,0.4166666666666667,0.3333333333333333,0.25,0.25,0.5,0.16666666666666666,0.0
3715,3,soft_dt_jump,20,2340,2,14,4,0.1,0.7,0.2,0.35,0.3,0.05,0.0
3716,7,soft_state_jump,20,890,11,7,2,0.55,0.35,0.1,0.15,0.6,0.05,0.0
3717,3,soft_dt_jump,17,2310,2,12,3,0.11764705882352941,0.7058823529411765,0.17647058823529413,0.47058823529411764,0.17647058823529413,0.17647058823529413,0.0
3718,2,soft_dt_jump,16,820,7,8,1,0.4375,0.5,0.0625,0.25,0.625,0.125,0.0
3719,3,soft_dt_jump,24,3980,5,15,4,0.20833333333333334,0.625,0.16666666666666666,0.2916666666666667,0.2916666666666667,0.20833333333333334,0.0
3720,3,soft_state_jump,14,2770,1,11,2,0.07142857142857142,0.7857142857142857,0.14285714285714285,0.5,0.21428571428571427,0.21428571428571427,0.0
3721,1,soft_state_jump,31,3840,3,21,7,0.0967741935483871,0.6774193548387096,0.22580645161290322,0.4838709677419355,0.16129032258064516,0.16129032258064516,0.0
3722,1,soft_dt_jump,29,3690,9,16,4,0.3103448275862069,0.5517241379310345,0.13793103448275862,0.3793103448275862,0.41379310344827586,0.2413793103448276,0.0
3723,3,soft_dt_jump,17,2610,5,7,5,0.29411764705882354,0.4117647058823529,0.29411764705882354,0.17647058823529413,0.5294117647058824,0.11764705882352941,0.0
3724,7,soft_dt_jump,28,1140,16,7,5,0.5714285714285714,0.25,0.17857142857142858,0.10714285714285714,0.7142857142857143,0.03571428571428571,0.0
3725,2,soft_dt_jump,8,2290,0,6,2,0.0,0.75,0.25,0.25,0.25,0.125,0.0
3726,1,soft_state_jump,23,3640,7,13,3,0.30434782608695654,0.5652173913043478,0.13043478260869565,0.7391304347826086,0.043478260869565216,0.4782608695652174,0.0
3727,6,soft_dt_jump,8,1230,2,5,1,0.25,0.625,0.125,0.875,0.0,0.625,0.0
3728,6,soft_state_jump,10,1000,2,7,1,0.2,0.7,0.1,0.8,0.0,0.4,0.0
3729,6,soft_dt_jump,32,5500,14,17,1,0.4375,0.53125,0.03125,0.84375,0.09375,0.6875,0.0
3730,6,soft_dt_jump,11,520,5,6,0,0.45454545454545453,0.5454545454545454,0.0,0.6363636363636364,0.18181818181818182,0.6363636363636364,0.0
3731,2,soft_dt_jump,24,2360,7,15,2,0.2916666666666667,0.625,0.08333333333333333,0.3333333333333333,0.4583333333333333,0.125,0.0
3732,2,soft_dt_jump,28,3600,7,18,3,0.25,0.6428571428571429,0.10714285714285714,0.21428571428571427,0.5,0.03571428571428571,0.0
3733,1,soft_side_flip_with_dt_jump,44,7510,8,26,10,0.18181818181818182,0.5909090909090909,0.22727272727272727,0.22727272727272727,0.4772727272727273,0.11363636363636363,0.0
3734,2,soft_state_jump,12,930,3,7,2,0.25,0.5833333333333334,0.16666666666666666,0.25,0.5,0.08333333333333333,0.0
3735,3,soft_side_flip_with_dt_jump,23,2850,6,16,1,0.2608695652173913,0.6956521739130435,0.043478260869565216,0.391304347826087,0.30434782608695654,0.17391304347826086,0.0
3736,2,soft_dt_jump,16,1400,6,10,0,0.375,0.625,0.0,0.1875,0.5625,0.0625,0.0
3737,3,soft_dt_jump,14,2770,1,9,4,0.07142857142857142,0.6428571428571429,0.2857142857142857,0.42857142857142855,0.14285714285714285,0.14285714285714285,0.0
3738,2,soft_state_jump,10,1930,4,5,1,0.4,0.5,0.1,0.5,0.4,0.3,0.0
3739,2,soft_dt_jump,11,3200,2,9,0,0.18181818181818182,0.8181818181818182,0.0,0.7272727272727273,0.2727272727272727,0.45454545454545453,0.0
3740,1,soft_state_jump,30,4190,4,21,5,0.13333333333333333,0.7,0.16666666666666666,0.5666666666666667,0.2,0.26666666666666666,0.0
3741,6,soft_dt_jump,9,100,4,5,0,0.4444444444444444,0.5555555555555556,0.0,0.5555555555555556,0.4444444444444444,0.4444444444444444,0.0
3742,2,soft_dt_jump,8,880,1,6,1,0.125,0.75,0.125,0.375,0.375,0.0,0.0
3743,1,soft_state_jump,37,5890,10,22,5,0.2702702702702703,0.5945945945945946,0.13513513513513514,0.43243243243243246,0.24324324324324326,0.32432432432432434,0.0
3744,1,soft_state_jump,38,8780,3,26,9,0.07894736842105263,0.6842105263157895,0.23684210526315788,0.47368421052631576,0.23684210526315788,0.13157894736842105,0.0
3745,3,soft_state_jump,12,1670,2,8,2,0.16666666666666666,0.6666666666666666,0.16666666666666666,0.5833333333333334,0.25,0.3333333333333333,0.0
3746,2,soft_state_jump,20,2210,6,12,2,0.3,0.6,0.1,0.3,0.45,0.2,0.0
3747,6,soft_dt_jump,21,1390,8,10,3,0.38095238095238093,0.47619047619047616,0.14285714285714285,0.5714285714285714,0.23809523809523808,0.42857142857142855,0.0
3748,2,soft_dt_jump,9,980,2,6,1,0.2222222222222222,0.6666666666666666,0.1111111111111111,0.2222222222222222,0.5555555555555556,0.2222222222222222,0.0
3749,1,soft_state_jump,37,5970,8,23,6,0.21621621621621623,0.6216216216216216,0.16216216216216217,0.40540540540540543,0.35135135135135137,0.2702702702702703,0.0
3750,2,soft_state_jump,16,1210,5,10,1,0.3125,0.625,0.0625,0.4375,0.375,0.3125,0.0
3751,3,soft_side_flip_with_dt_jump,21,2350,6,14,1,0.2857142857142857,0.6666666666666666,0.047619047619047616,0.5238095238095238,0.42857142857142855,0.38095238095238093,0.0
3752,7,soft_dt_jump,19,1640,10,5,4,0.5263157894736842,0.2631578947368421,0.21052631578947367,0.15789473684210525,0.631578947368421,0.0,0.0
3753,3,soft_dt_jump,21,3240,2,13,6,0.09523809523809523,0.6190476190476191,0.2857142857142857,0.23809523809523808,0.2857142857142857,0.047619047619047616,0.0
3754,7,soft_side_flip_with_dt_jump,11,1470,7,4,0,0.6363636363636364,0.36363636363636365,0.0,0.0,0.9090909090909091,0.0,0.0
3755,2,soft_dt_jump,16,1770,4,10,2,0.25,0.625,0.125,0.375,0.4375,0.1875,0.0
3756,2,soft_side_flip_with_dt_jump,10,510,3,7,0,0.3,0.7,0.0,0.6,0.3,0.4,0.0
3757,1,soft_dt_jump,64,9160,9,43,12,0.140625,0.671875,0.1875,0.421875,0.28125,0.140625,0.0
3758,1,max_events_per_episode,39,3450,8,22,9,0.20512820512820512,0.5641025641025641,0.23076923076923078,0.1794871794871795,0.5128205128205128,0.02564102564102564,0.0
3759,2,soft_dt_jump,9,1450,2,5,2,0.2222222222222222,0.5555555555555556,0.2222222222222222,0.5555555555555556,0.2222222222222222,0.2222222222222222,0.0
3760,3,soft_dt_jump,21,3040,2,12,7,0.09523809523809523,0.5714285714285714,0.3333333333333333,0.23809523809523808,0.23809523809523808,0.047619047619047616,0.0
3761,1,soft_dt_jump,24,3700,6,15,3,0.25,0.625,0.125,0.5,0.25,0.2916666666666667,0.0
3762,3,soft_dt_jump,28,1750,11,17,0,0.39285714285714285,0.6071428571428571,0.0,0.10714285714285714,0.8571428571428571,0.03571428571428571,0.0
3763,2,soft_dt_jump,9,1330,2,6,1,0.2222222222222222,0.6666666666666666,0.1111111111111111,0.2222222222222222,0.4444444444444444,0.1111111111111111,0.0
3764,3,soft_dt_jump,11,1160,2,8,1,0.18181818181818182,0.7272727272727273,0.09090909090909091,0.45454545454545453,0.18181818181818182,0.18181818181818182,0.0
3765,7,soft_dt_jump,9,520,4,3,2,0.4444444444444444,0.3333333333333333,0.2222222222222222,0.2222222222222222,0.5555555555555556,0.2222222222222222,0.0
3766,7,soft_dt_jump,8,430,6,1,1,0.75,0.125,0.125,0.0,0.875,0.0,0.0
3767,7,soft_dt_jump,8,60,5,2,1,0.625,0.25,0.125,0.0,0.75,0.0,0.0
3768,2,soft_dt_jump,12,600,5,7,0,0.4166666666666667,0.5833333333333334,0.0,0.25,0.75,0.16666666666666666,0.0
3769,7,soft_dt_jump,64,450,62,2,0,0.96875,0.03125,0.0,0.03125,0.265625,0.03125,0.0
3770,0,max_events_per_episode,10,0,10,0,0,1.0,0.0,0.0,0.0,0.0,0.0,0.0
3771,2,soft_dt_jump,14,1950,1,11,2,0.07142857142857142,0.7857142857142857,0.14285714285714285,0.6428571428571429,0.21428571428571427,0.35714285714285715,0.0
3772,6,soft_state_jump,11,1530,3,8,0,0.2727272727272727,0.7272727272727273,0.0,0.9090909090909091,0.0,0.7272727272727273,0.0
3773,6,soft_dt_jump,17,800,11,6,0,0.6470588235294118,0.35294117647058826,0.0,0.23529411764705882,0.058823529411764705,0.23529411764705882,0.0
3774,0,soft_dt_jump,9,80,7,2,0,0.7777777777777778,0.2222222222222222,0.0,0.8888888888888888,0.0,0.8888888888888888,0.0
3775,5,soft_dt_jump,23,2380,4,19,0,0.17391304347826086,0.8260869565217391,0.0,0.6956521739130435,0.0,0.4782608695652174,0.17391304347826086
3776,3,soft_state_jump,17,1520,3,10,4,0.17647058823529413,0.5882352941176471,0.23529411764705882,0.5294117647058824,0.11764705882352941,0.4117647058823529,0.0
3777,7,soft_dt_jump,64,520,61,3,0,0.953125,0.046875,0.0,0.03125,0.046875,0.015625,0.0
3778,0,max_events_per_episode,22,0,22,0,0,1.0,0.0,0.0,0.0,0.0,0.0,0.0
3779,1,soft_dt_jump,60,9610,11,38,11,0.18333333333333332,0.6333333333333333,0.18333333333333332,0.7,0.06666666666666667,0.35,0.0
3780,1,max_duration_ms,22,3310,8,13,1,0.36363636363636365,0.5909090909090909,0.045454545454545456,0.45454545454545453,0.45454545454545453,0.22727272727272727,0.0
3781,1,soft_dt_jump,47,3790,23,21,3,0.48936170212765956,0.44680851063829785,0.06382978723404255,0.425531914893617,0.48936170212765956,0.14893617021276595,0.0
3782,6,soft_dt_jump,9,560,3,5,1,0.3333333333333333,0.5555555555555556,0.1111111111111111,0.7777777777777778,0.0,0.7777777777777778,0.0
3783,6,soft_dt_jump,10,1780,2,7,1,0.2,0.7,0.1,0.7,0.0,0.5,0.0
3784,2,soft_state_jump,10,2500,2,5,3,0.2,0.5,0.3,0.5,0.2,0.2,0.0
3785,6,soft_state_jump,8,380,2,5,1,0.25,0.625,0.125,0.625,0.25,0.5,0.0
3786,6,soft_dt_jump,9,420,6,3,0,0.6666666666666666,0.3333333333333333,0.0,0.7777777777777778,0.1111111111111111,0.7777777777777778,0.0
3787,0,soft_dt_jump,53,2050,39,11,3,0.7358490566037735,0.20754716981132076,0.05660377358490566,0.8301886792452831,0.11320754716981132,0.05660377358490566,0.0
3788,3,soft_dt_jump,14,1610,0,9,5,0.0,0.6428571428571429,0.35714285714285715,0.35714285714285715,0.2857142857142857,0.07142857142857142,0.0
3789,1,soft_state_jump,26,2270,6,15,5,0.23076923076923078,0.5769230769230769,0.19230769230769232,0.19230769230769232,0.2692307692307692,0.15384615384615385,0.038461538461538464
3790,3,soft_dt_jump,19,2310,4,12,3,0.21052631578947367,0.631578947368421,0.15789473684210525,0.21052631578947367,0.47368421052631576,0.0,0.0
3791,3,soft_dt_jump,17,2300,1,13,3,0.058823529411764705,0.7647058823529411,0.17647058823529413,0.4117647058823529,0.17647058823529413,0.058823529411764705,0.0
3792,6,soft_dt_jump,10,700,4,6,0,0.4,0.6,0.0,0.3,0.5,0.2,0.0
3793,0,soft_dt_jump,15,590,8,3,4,0.5333333333333333,0.2,0.26666666666666666,0.6666666666666666,0.06666666666666667,0.6,0.0
3794,3,soft_dt_jump,12,2230,2,6,4,0.16666666666666666,0.5,0.3333333333333333,0.6666666666666666,0.0,0.3333333333333333,0.0
3795,5,soft_state_jump,14,2700,1,9,4,0.07142857142857142,0.6428571428571429,0.2857142857142857,0.21428571428571427,0.2857142857142857,0.07142857142857142,0.07142857142857142
3796,1,soft_state_jump,39,5770,7,28,4,0.1794871794871795,0.717948717948718,0.10256410256410256,0.4358974358974359,0.3333333333333333,0.1794871794871795,0.0
3797,1,soft_state_jump,23,2750,3,16,4,0.13043478260869565,0.6956521739130435,0.17391304347826086,0.4782608695652174,0.2608695652173913,0.21739130434782608,0.0
3798,3,soft_state_jump,20,2790,6,11,3,0.3,0.55,0.15,0.3,0.45,0.2,0.0
3799,3,soft_dt_jump,24,2540,3,19,2,0.125,0.7916666666666666,0.08333333333333333,0.4166666666666667,0.2916666666666667,0.16666666666666666,0.0
3800,1,soft_state_jump,60,7960,11,38,11,0.18333333333333332,0.6333333333333333,0.18333333333333332,0.35,0.35,0.21666666666666667,0.0
3801,2,soft_dt_jump,20,1930,6,12,2,0.3,0.6,0.1,0.3,0.5,0.15,0.0
3802,1,soft_dt_jump,50,4500,19,27,4,0.38,0.54,0.08,0.14,0.56,0.08,0.0
3803,1,soft_dt_jump,48,6770,9,32,7,0.1875,0.6666666666666666,0.14583333333333334,0.3541666666666667,0.3541666666666667,0.14583333333333334,0.0
3804,2,soft_dt_jump,10,1660,2,7,1,0.2,0.7,0.1,0.3,0.5,0.1,0.0
3805,1,soft_state_jump,39,6000,8,24,7,0.20512820512820512,0.6153846153846154,0.1794871794871795,0.6923076923076923,0.05128205128205128,0.3333333333333333,0.0
3806,1,soft_dt_jump,30,5070,2,21,7,0.06666666666666667,0.7,0.23333333333333334,0.6,0.16666666666666666,0.23333333333333334,0.0
3807,1,soft_state_jump,20,2440,4,10,6,0.2,0.5,0.3,0.55,0.0,0.45,0.0
3808,6,soft_dt_jump,9,2040,4,5,0,0.4444444444444444,0.5555555555555556,0.0,1.0,0.0,0.8888888888888888,0.0
3809,0,soft_dt_jump,12,190,9,3,0,0.75,0.25,0.0,0.8333333333333334,0.16666666666666666,0.5833333333333334,0.0
3810,3,soft_dt_jump,30,2970,9,17,4,0.3,0.5666666666666667,0.13333333333333333,0.2,0.4,0.06666666666666667,0.0
3811,6,soft_state_jump,14,2110,4,6,4,0.2857142857142857,0.42857142857142855,0.2857142857142857,0.5714285714285714,0.07142857142857142,0.35714285714285715,0.0
3812,2,soft_state_jump,12,2580,1,9,2,0.08333333333333333,0.75,0.16666666666666666,0.5833333333333334,0.16666666666666666,0.08333333333333333,0.0
3813,1,soft_state_jump,21,2910,4,15,2,0.19047619047619047,0.7142857142857143,0.09523809523809523,0.8095238095238095,0.0,0.42857142857142855,0.0
3814,3,soft_state_jump,18,1070,7,8,3,0.3888888888888889,0.4444444444444444,0.16666666666666666,0.3888888888888889,0.3333333333333333,0.2222222222222222,0.0
3815,1,soft_dt_jump,29,4170,2,23,4,0.06896551724137931,0.7931034482758621,0.13793103448275862,0.5172413793103449,0.1724137931034483,0.2413793103448276,0.0
3816,6,soft_state_jump,19,2450,5,13,1,0.2631578947368421,0.6842105263157895,0.05263157894736842,0.6842105263157895,0.21052631578947367,0.47368421052631576,0.0
3817,1,soft_dt_jump,18,1510,6,9,3,0.3333333333333333,0.5,0.16666666666666666,0.5,0.2777777777777778,0.2777777777777778,0.0
3818,2,soft_dt_jump,15,1420,3,10,2,0.2,0.6666666666666666,0.13333333333333333,0.5333333333333333,0.3333333333333333,0.26666666666666666,0.0
3819,1,soft_dt_jump,25,3980,5,17,3,0.2,0.68,0.12,0.4,0.36,0.16,0.0
3820,6,soft_state_jump,10,2050,1,8,1,0.1,0.8,0.1,0.8,0.0,0.5,0.0
3821,3,soft_dt_jump,13,2480,2,4,7,0.15384615384615385,0.3076923076923077,0.4,0.15384615384615385,0.23076923076923078,0.0,0.0
3822,6,soft_state_jump,9,300,5,4,0,0.5555555555555556,0.4444444444444444,0.0,0.4444444444444444,0.4444444444444444,0.4444444444444444,0.0
3823,2,soft_dt_jump,18,430,8,8,2,0.4444444444444444,0.4444444444444444,0.1111111111111111,0.0,0.5,0.0,0.0
3824,7,soft_dt_jump,10,280,7,3,0,0.7,0.3,0.0,0.2,0.7,0.1,0.0
3825,6,soft_dt_jump,9,1190,2,6,1,0.2222222222222222,0.6666666666666666,0.1111111111111111,0.8888888888888888,0.0,0.6666666666666666,0.0
3826,3,soft_state_jump,16,1910,4,10,2,0.25,0.625,0.125,0.25,0.5,0.1875,0.0
3827,6,soft_dt_jump,25,3260,7,16,2,0.28,0.64,0.08,0.8,0.0,0.56,0.0
3828,1,soft_state_jump,39,5210,13,20,6,0.3333333333333333,0.5128205128205128,0.15384615384615385,0.6153846153846154,0.23076923076923078,0.46153846153846156,0.0
3829,6,soft_dt_jump,9,350,1,7,1,0.1111111111111111,0.7777777777777778,0.1111111111111111,0.7777777777777778,0.1111111111111111,0.4444444444444444,0.0
3830,2,soft_dt_jump,8,870,3,3,2,0.375,0.375,0.25,0.125,0.625,0.0,0.0
3831,2,soft_dt_jump,9,1140,4,5,0,0.4444444444444444,0.5555555555555556,0.0,0.4444444444444444,0.4444444444444444,0.1111111111111111,0.0
3832,1,soft_dt_jump,27,4100,6,19,2,0.2222222222222222,0.7037037037037037,0.07407407407407407,0.6666666666666666,0.18518518518518517,0.4074074074074074,0.0
3833,0,soft_dt_jump,26,640,24,2,0,0.9230769230769231,0.07692307692307693,0.0,1.0,0.0,0.9615384615384616,0.0
3834,6,soft_dt_jump,9,1150,2,5,2,0.2222222222222222,0.5555555555555556,0.2222222222222222,0.6666666666666666,0.0,0.5555555555555556,0.0
3835,6,soft_dt_jump,27,4520,6,21,0,0.2222222222222222,0.7777777777777778,0.0,0.6666666666666666,0.14814814814814814,0.4444444444444444,0.0
3836,1,soft_dt_jump,34,3990,12,18,4,0.35294117647058826,0.5294117647058824,0.11764705882352941,0.7352941176470589,0.14705882352941177,0.5588235294117647,0.0
3837,6,soft_dt_jump,8,720,2,6,0,0.25,0.75,0.0,0.75,0.125,0.375,0.0
3838,1,soft_dt_jump,53,9390,9,35,9,0.16981132075471697,0.660377358490566,0.16981132075471697,0.32075471698113206,0.39622641509433965,0.16981132075471697,0.0
3839,1,soft_dt_jump,43,9780,8,27,8,0.18604651162790697,0.627906976744186,0.18604651162790697,0.37209302325581395,0.27906976744186046,0.18604651162790697,0.0
3840,2,max_duration_ms,11,690,3,6,2,0.2727272727272727,0.5454545454545454,0.18181818181818182,0.09090909090909091,0.5454545454545454,0.0,0.0
3841,1,soft_dt_jump,26,3960,6,17,3,0.23076923076923078,0.6538461538461539,0.11538461538461539,0.6153846153846154,0.07692307692307693,0.46153846153846156,0.0
3842,1,soft_side_flip_with_dt_jump,34,6900,3,24,7,0.08823529411764706,0.7058823529411765,0.20588235294117646,0.4411764705882353,0.08823529411764706,0.11764705882352941,0.0
3843,3,soft_dt_jump,11,1510,1,8,2,0.09090909090909091,0.7272727272727273,0.18181818181818182,0.45454545454545453,0.2727272727272727,0.2727272727272727,0.0
3844,1,soft_dt_jump,25,2470,3,13,9,0.12,0.52,0.36,0.36,0.24,0.12,0.0
3845,2,soft_state_jump,18,2860,2,13,3,0.1111111111111111,0.7222222222222222,0.16666666666666666,0.4444444444444444,0.3333333333333333,0.2222222222222222,0.0
3846,1,soft_state_jump,37,5900,6,23,8,0.16216216216216217,0.6216216216216216,0.21621621621621623,0.4864864864864865,0.1891891891891892,0.32432432432432434,0.0
3847,3,soft_state_jump,10,1170,1,6,3,0.1,0.6,0.3,0.5,0.1,0.2,0.0
3848,3,soft_dt_jump,9,970,3,4,2,0.3333333333333333,0.4444444444444444,0.2222222222222222,0.4444444444444444,0.1111111111111111,0.4444444444444444,0.0
3849,3,soft_dt_jump,10,880,2,3,5,0.2,0.3,0.4,0.2,0.2,0.2,0.0
3850,2,soft_dt_jump,12,1060,2,8,2,0.16666666666666666,0.6666666666666666,0.16666666666666666,0.3333333333333333,0.3333333333333333,0.08333333333333333,0.0
3851,3,soft_dt_jump,14,1620,3,6,5,0.21428571428571427,0.42857142857142855,0.35714285714285715,0.2857142857142857,0.21428571428571427,0.21428571428571427,0.0
3852,3,soft_state_jump,29,3870,6,17,6,0.20689655172413793,0.5862068965517241,0.20689655172413793,0.5517241379310345,0.13793103448275862,0.3793103448275862,0.0
3853,2,soft_side_flip_with_dt_jump,10,1420,2,5,3,0.2,0.5,0.3,0.2,0.3,0.2,0.0
3854,3,soft_state_jump,10,1860,0,6,4,0.0,0.6,0.4,0.3,0.1,0.1,0.0
3855,3,soft_dt_jump,14,1950,3,9,2,0.21428571428571427,0.6428571428571429,0.14285714285714285,0.5714285714285714,0.2857142857142857,0.5,0.0
3856,1,soft_dt_jump,49,8450,11,33,5,0.22448979591836735,0.673469387755102,0.10204081632653061,0.42857142857142855,0.3469387755102041,0.2653061224489796,0.0
3857,7,soft_dt_jump,17,430,12,4,1,0.7058823529411765,0.23529411764705882,0.058823529411764705,0.0,0.8823529411764706,0.0,0.0
3858,3,soft_dt_jump,14,600,3,9,2,0.21428571428571427,0.6428571428571429,0.14285714285714285,0.2857142857142857,0.2857142857142857,0.21428571428571427,0.0
3859,3,soft_dt_jump,24,2760,5,16,3,0.20833333333333334,0.6666666666666666,0.125,0.3333333333333333,0.25,0.2916666666666667,0.0
3860,2,soft_side_flip_with_dt_jump,21,3190,5,15,1,0.23809523809523808,0.7142857142857143,0.047619047619047616,0.42857142857142855,0.38095238095238093,0.19047619047619047,0.0
3861,2,soft_state_jump,15,2910,3,10,2,0.2,0.6666666666666666,0.13333333333333333,0.6,0.2,0.4,0.0
3862,3,soft_state_jump,14,520,5,6,3,0.35714285714285715,0.42857142857142855,0.21428571428571427,0.5,0.2857142857142857,0.42857142857142855,0.0
3863,3,soft_dt_jump,14,1080,6,6,2,0.42857142857142855,0.42857142857142855,0.14285714285714285,0.42857142857142855,0.35714285714285715,0.42857142857142855,0.0
3864,7,soft_dt_jump,11,1300,7,3,1,0.6363636363636364,0.2727272727272727,0.09090909090909091,0.18181818181818182,0.7272727272727273,0.18181818181818182,0.0
3865,1,soft_dt_jump,13,1780,2,8,3,0.15384615384615385,0.6153846153846154,0.23076923076923078,0.7692307692307693,0.0,0.38461538461538464,0.0
3866,1,soft_state_jump,48,6440,14,26,8,0.2916666666666667,0.5416666666666666,0.16666666666666666,0.3958333333333333,0.375,0.3333333333333333,0.0
3867,1,soft_dt_jump,33,3540,13,14,6,0.3939393939393939,0.42424242424242425,0.18181818181818182,0.36363636363636365,0.42424242424242425,0.18181818181818182,0.0
3868,2,soft_dt_jump,11,540,3,8,0,0.2727272727272727,0.7272727272727273,0.0,0.5454545454545454,0.36363636363636365,0.18181818181818182,0.0
3869,1,soft_dt_jump,18,2540,1,15,2,0.05555555555555555,0.8333333333333334,0.1111111111111111,0.6111111111111112,0.16666666666666666,0.3333333333333333,0.0
3870,2,soft_state_jump,11,930,5,6,0,0.45454545454545453,0.5454545454545454,0.0,0.6363636363636364,0.36363636363636365,0.5454545454545454,0.0
3871,2,soft_dt_jump,9,1090,1,6,2,0.1111111111111111,0.6666666666666666,0.2222222222222222,0.5555555555555556,0.2222222222222222,0.0,0.0
3872,3,soft_state_jump,13,830,3,8,2,0.23076923076923078,0.6153846153846154,0.15384615384615385,0.23076923076923078,0.46153846153846156,0.23076923076923078,0.0
3873,2,soft_dt_jump,20,2640,9,9,2,0.45,0.45,0.1,0.35,0.55,0.15,0.0
3874,2,soft_dt_jump,12,1250,5,7,0,0.4166666666666667,0.5833333333333334,0.0,0.16666666666666666,0.75,0.08333333333333333,0.0
3875,3,soft_side_flip_with_dt_jump,12,1190,4,7,1,0.3333333333333333,0.5833333333333334,0.08333333333333333,0.4166666666666667,0.3333333333333333,0.4166666666666667,0.0
3876,1,soft_dt_jump,22,4060,2,16,4,0.09090909090909091,0.7272727272727273,0.18181818181818182,0.5454545454545454,0.22727272727272727,0.2727272727272727,0.0
3877,7,soft_state_jump,12,360,6,4,2,0.5,0.3333333333333333,0.16666666666666666,0.16666666666666666,0.4166666666666667,0.16666666666666666,0.0
3878,2,soft_dt_jump,12,710,3,8,1,0.25,0.6666666666666666,0.08333333333333333,0.5833333333333334,0.3333333333333333,0.25,0.0
3879,6,soft_dt_jump,20,3700,6,12,2,0.3,0.6,0.1,0.7,0.1,0.55,0.0
3880,1,soft_dt_jump,41,8830,4,23,14,0.0975609756097561,0.5609756097560976,0.34146341463414637,0.4146341463414634,0.12195121951219512,0.14634146341463414,0.0
3881,1,soft_state_jump,19,2750,3,12,4,0.15789473684210525,0.631578947368421,0.21052631578947367,0.42105263157894735,0.21052631578947367,0.10526315789473684,0.0
3882,6,soft_dt_jump,15,1380,7,5,3,0.4666666666666667,0.3333333333333333,0.2,0.6,0.13333333333333333,0.5333333333333333,0.0
3883,1,soft_dt_jump,38,4480,8,27,3,0.21052631578947367,0.7105263157894737,0.07894736842105263,0.5789473684210527,0.3157894736842105,0.21052631578947367,0.0
3884,0,soft_dt_jump,34,870,30,4,0,0.8823529411764706,0.11764705882352941,0.0,0.8823529411764706,0.08823529411764706,0.17647058823529413,0.0
3885,3,soft_dt_jump,15,3790,2,10,3,0.13333333333333333,0.6666666666666666,0.2,0.2,0.4,0.0,0.06666666666666667
3886,2,soft_state_jump,22,4870,3,16,3,0.13636363636363635,0.7272727272727273,0.13636363636363635,0.36363636363636365,0.3181818181818182,0.18181818181818182,0.0
3887,1,soft_state_jump,20,2190,6,11,3,0.3,0.55,0.15,0.6,0.2,0.35,0.0
3888,3,soft_dt_jump,17,2970,2,11,4,0.11764705882352941,0.6470588235294118,0.23529411764705882,0.4117647058823529,0.23529411764705882,0.17647058823529413,0.0
3889,6,soft_state_jump,8,450,4,3,1,0.5,0.375,0.125,0.875,0.0,0.625,0.0
3890,6,soft_dt_jump,9,630,5,4,0,0.5555555555555556,0.4444444444444444,0.0,0.8888888888888888,0.1111111111111111,0.7777777777777778,0.0
3891,3,soft_side_flip_with_dt_jump,20,4590,2,12,6,0.1,0.6,0.3,0.25,0.35,0.0,0.0
3892,2,soft_dt_jump,8,970,3,5,0,0.375,0.625,0.0,0.5,0.5,0.25,0.0
3893,3,soft_side_flip_with_dt_jump,21,1800,6,14,1,0.2857142857142857,0.6666666666666666,0.047619047619047616,0.42857142857142855,0.38095238095238093,0.38095238095238093,0.0
3894,3,soft_dt_jump,20,2610,5,11,4,0.25,0.55,0.2,0.3,0.4,0.1,0.0
3895,1,soft_state_jump,22,3560,4,12,6,0.18181818181818182,0.5454545454545454,0.2727272727272727,0.5454545454545454,0.13636363636363635,0.3181818181818182,0.0
3896,6,soft_side_flip_with_dt_jump,8,360,4,4,0,0.5,0.5,0.0,1.0,0.0,1.0,0.0
3897,6,soft_dt_jump,8,940,1,5,2,0.125,0.625,0.25,0.75,0.0,0.375,0.0
3898,3,soft_state_jump,29,3800,7,17,5,0.2413793103448276,0.5862068965517241,0.1724137931034483,0.3793103448275862,0.3103448275862069,0.27586206896551724,0.0
3899,1,soft_side_flip_with_dt_jump,23,4270,6,12,5,0.2608695652173913,0.5217391304347826,0.21739130434782608,0.6086956521739131,0.13043478260869565,0.43478260869565216,0.0
3900,3,soft_state_jump,17,2480,4,10,3,0.23529411764705882,0.5882352941176471,0.17647058823529413,0.17647058823529413,0.47058823529411764,0.11764705882352941,0.0
3901,1,soft_state_jump,37,4890,5,26,6,0.13513513513513514,0.7027027027027027,0.16216216216216217,0.5135135135135135,0.16216216216216217,0.1891891891891892,0.0
3902,2,soft_side_flip_with_dt_jump,18,3690,4,14,0,0.2222222222222222,0.7777777777777778,0.0,0.4444444444444444,0.3888888888888889,0.1111111111111111,0.0
3903,2,soft_state_jump,12,1930,1,9,2,0.08333333333333333,0.75,0.16666666666666666,0.6666666666666666,0.16666666666666666,0.08333333333333333,0.0
3904,6,soft_side_flip_with_dt_jump,21,3420,6,14,1,0.2857142857142857,0.6666666666666666,0.047619047619047616,0.7142857142857143,0.14285714285714285,0.47619047619047616,0.0
3905,6,soft_dt_jump,12,2420,5,7,0,0.4166666666666667,0.5833333333333334,0.0,0.6666666666666666,0.25,0.4166666666666667,0.0
3906,1,soft_dt_jump,18,2830,2,15,1,0.1111111111111111,0.8333333333333334,0.05555555555555555,0.4444444444444444,0.2777777777777778,0.2777777777777778,0.0
3907,6,soft_dt_jump,16,3650,6,9,1,0.375,0.5625,0.0625,0.8125,0.125,0.625,0.0
3908,0,soft_dt_jump,13,1170,8,4,1,0.6153846153846154,0.3076923076923077,0.07692307692307693,0.8461538461538461,0.07692307692307693,0.8461538461538461,0.0
3909,6,soft_dt_jump,14,2550,3,11,0,0.21428571428571427,0.7857142857142857,0.0,0.6428571428571429,0.2857142857142857,0.35714285714285715,0.0
3910,1,soft_dt_jump,28,4570,8,15,5,0.2857142857142857,0.5357142857142857,0.17857142857142858,0.5,0.25,0.32142857142857145,0.0
3911,2,soft_dt_jump,14,3170,2,9,3,0.14285714285714285,0.6428571428571429,0.21428571428571427,0.2857142857142857,0.42857142857142855,0.07142857142857142,0.0
3912,3,soft_state_jump,20,3130,5,9,6,0.25,0.45,0.3,0.3,0.4,0.2,0.0
3913,6,soft_dt_jump,13,1700,4,8,1,0.3076923076923077,0.6153846153846154,0.07692307692307693,0.7692307692307693,0.07692307692307693,0.6153846153846154,0.0
3914,2,soft_state_jump,16,1850,5,10,1,0.3125,0.625,0.0625,0.5625,0.375,0.25,0.0
3915,3,soft_dt_jump,21,2560,4,12,5,0.19047619047619047,0.5714285714285714,0.23809523809523808,0.2857142857142857,0.38095238095238093,0.19047619047619047,0.0
3916,1,soft_dt_jump,28,5760,4,22,2,0.14285714285714285,0.7857142857142857,0.07142857142857142,0.7142857142857143,0.14285714285714285,0.32142857142857145,0.0
3917,6,soft_state_jump,12,2420,3,8,1,0.25,0.6666666666666666,0.08333333333333333,0.6666666666666666,0.25,0.5833333333333334,0.0
3918,0,soft_state_jump,16,310,14,2,0,0.875,0.125,0.0,1.0,0.0,1.0,0.0
3919,2,soft_dt_jump,14,2200,3,9,2,0.21428571428571427,0.6428571428571429,0.14285714285714285,0.35714285714285715,0.2857142857142857,0.07142857142857142,0.0
3920,6,soft_dt_jump,10,1000,5,4,1,0.5,0.4,0.1,0.8,0.1,0.7,0.0
3921,6,soft_dt_jump,15,3170,7,8,0,0.4666666666666667,0.5333333333333333,0.0,0.8666666666666667,0.13333333333333333,0.6666666666666666,0.0
3922,3,soft_dt_jump,21,2960,2,14,5,0.09523809523809523,0.6666666666666666,0.23809523809523808,0.5714285714285714,0.0,0.2857142857142857,0.0
3923,3,soft_dt_jump,10,2140,2,6,2,0.2,0.6,0.2,0.1,0.6,0.0,0.0
3924,3,soft_state_jump,13,2010,3,6,4,0.23076923076923078,0.46153846153846156,0.3076923076923077,0.23076923076923078,0.46153846153846156,0.15384615384615385,0.0
3925,2,soft_dt_jump,10,780,4,5,1,0.4,0.5,0.1,0.3,0.5,0.1,0.0
3926,1,soft_dt_jump,40,7550,12,27,1,0.3,0.675,0.025,0.8,0.1,0.6,0.0
3927,3,soft_dt_jump,16,1370,5,8,3,0.3125,0.5,0.1875,0.4375,0.25,0.375,0.0
3928,1,soft_side_flip_with_dt_jump,55,9990,12,34,9,0.21818181818181817,0.6181818181818182,0.16363636363636364,0.6545454545454545,0.12727272727272726,0.4,0.0
3929,6,max_duration_ms,9,250,3,5,1,0.3333333333333333,0.5555555555555556,0.1111111111111111,0.5555555555555556,0.2222222222222222,0.3333333333333333,0.0
3930,6,soft_dt_jump,10,460,3,6,1,0.3,0.6,0.1,0.6,0.3,0.5,0.0
3931,3,soft_dt_jump,13,3070,3,8,2,0.23076923076923078,0.6153846153846154,0.15384615384615385,0.5384615384615384,0.23076923076923078,0.38461538461538464,0.0
3932,0,soft_state_jump,14,1640,10,3,1,0.7142857142857143,0.21428571428571427,0.07142857142857142,0.8571428571428571,0.07142857142857142,0.8571428571428571,0.0
3933,3,soft_dt_jump,31,3920,6,17,8,0.1935483870967742,0.5483870967741935,0.25806451612903225,0.1935483870967742,0.3548387096774194,0.0967741935483871,0.0
3934,2,soft_dt_jump,16,4310,2,12,2,0.125,0.75,0.125,0.4375,0.4375,0.125,0.0
3935,1,soft_dt_jump,37,5170,8,26,3,0.21621621621621623,0.7027027027027027,0.08108108108108109,0.21621621621621623,0.4594594594594595,0.13513513513513514,0.0
3936,1,soft_dt_jump,56,6320,23,29,4,0.4107142857142857,0.5178571428571429,0.07142857142857142,0.5178571428571429,0.35714285714285715,0.42857142857142855,0.0
3937,3,soft_dt_jump,26,4460,3,18,5,0.11538461538461539,0.6923076923076923,0.19230769230769232,0.3076923076923077,0.38461538461538464,0.15384615384615385,0.0
3938,3,soft_state_jump,21,5520,4,13,4,0.19047619047619047,0.6190476190476191,0.19047619047619047,0.42857142857142855,0.3333333333333333,0.2857142857142857,0.0
3939,3,soft_state_jump,23,2290,11,9,3,0.4782608695652174,0.391304347826087,0.13043478260869565,0.21739130434782608,0.5217391304347826,0.13043478260869565,0.0
3940,2,soft_dt_jump,15,2440,2,10,3,0.13333333333333333,0.6666666666666666,0.2,0.4666666666666667,0.26666666666666666,0.13333333333333333,0.0
3941,1,soft_dt_jump,56,9250,13,33,10,0.23214285714285715,0.5892857142857143,0.17857142857142858,0.32142857142857145,0.4642857142857143,0.14285714285714285,0.0
3942,1,max_duration_ms,53,8410,13,29,11,0.24528301886792453,0.5471698113207547,0.20754716981132076,0.33962264150943394,0.3584905660377358,0.1509433962264151,0.0
3943,3,soft_state_jump,14,2450,1,11,2,0.07142857142857142,0.7857142857142857,0.14285714285714285,0.35714285714285715,0.35714285714285715,0.2857142857142857,0.0
3944,1,soft_state_jump,30,6150,10,16,4,0.3333333333333333,0.5333333333333333,0.13333333333333333,0.16666666666666666,0.6333333333333333,0.1,0.0
3945,3,soft_dt_jump,8,1080,1,4,3,0.125,0.5,0.375,0.375,0.125,0.25,0.0
3946,2,soft_side_flip_with_dt_jump,15,1870,4,9,2,0.26666666666666666,0.6,0.13333333333333333,0.4,0.4666666666666667,0.3333333333333333,0.0
3947,0,soft_state_jump,11,480,9,2,0,0.8181818181818182,0.18181818181818182,0.0,1.0,0.0,1.0,0.0
3948,6,soft_dt_jump,17,1460,9,6,2,0.5294117647058824,0.35294117647058826,0.11764705882352941,0.7058823529411765,0.058823529411764705,0.7058823529411765,0.0
3949,2,soft_dt_jump,17,2070,7,9,1,0.4117647058823529,0.5294117647058824,0.058823529411764705,0.4117647058823529,0.47058823529411764,0.35294117647058826,0.0
3950,7,soft_dt_jump,13,350,10,3,0,0.7692307692307693,0.23076923076923078,0.0,0.07692307692307693,0.9230769230769231,0.07692307692307693,0.0
3951,1,soft_dt_jump,41,3840,8,26,7,0.1951219512195122,0.6341463414634146,0.17073170731707318,0.34146341463414637,0.4634146341463415,0.1951219512195122,0.0
3952,3,soft_dt_jump,26,3710,6,13,7,0.23076923076923078,0.5,0.2692307692307692,0.3076923076923077,0.38461538461538464,0.23076923076923078,0.0
3953,2,soft_dt_jump,12,1230,4,8,0,0.3333333333333333,0.6666666666666666,0.0,0.5833333333333334,0.4166666666666667,0.4166666666666667,0.0
3954,3,soft_dt_jump,9,960,2,6,1,0.2222222222222222,0.6666666666666666,0.1111111111111111,0.3333333333333333,0.4444444444444444,0.3333333333333333,0.0
3955,6,soft_dt_jump,10,1090,5,5,0,0.5,0.5,0.0,0.4,0.5,0.4,0.0
3956,2,soft_dt_jump,18,3110,3,14,1,0.16666666666666666,0.7777777777777778,0.05555555555555555,0.3888888888888889,0.4444444444444444,0.1111111111111111,0.0
3957,6,soft_dt_jump,10,1240,6,4,0,0.6,0.4,0.0,0.6,0.4,0.5,0.0
3958,2,soft_dt_jump,19,2270,8,11,0,0.42105263157894735,0.5789473684210527,0.0,0.631578947368421,0.2631578947368421,0.42105263157894735,0.0
3959,3,soft_dt_jump,8,560,2,4,2,0.25,0.5,0.25,0.625,0.125,0.375,0.0
3960,1,soft_dt_jump,30,5420,10,18,2,0.3333333333333333,0.6,0.06666666666666667,0.5333333333333333,0.3333333333333333,0.4666666666666667,0.0
3961,2,soft_state_jump,9,1120,1,7,1,0.1111111111111111,0.7777777777777778,0.1111111111111111,0.6666666666666666,0.1111111111111111,0.3333333333333333,0.0
3962,7,soft_side_flip_with_dt_jump,29,1110,21,7,1,0.7241379310344828,0.2413793103448276,0.034482758620689655,0.2413793103448276,0.7241379310344828,0.1724137931034483,0.0
3963,7,soft_dt_jump,13,1150,7,5,1,0.5384615384615384,0.38461538461538464,0.07692307692307693,0.38461538461538464,0.5384615384615384,0.23076923076923078,0.0
3964,2,soft_dt_jump,12,1590,5,7,0,0.4166666666666667,0.5833333333333334,0.0,0.08333333333333333,0.8333333333333334,0.0,0.0
3965,2,soft_dt_jump,8,1070,4,4,0,0.5,0.5,0.0,0.25,0.625,0.0,0.0
3966,3,soft_dt_jump,8,260,3,4,1,0.375,0.5,0.125,0.0,0.75,0.0,0.0
3967,6,soft_dt_jump,11,570,6,5,0,0.5454545454545454,0.45454545454545453,0.0,1.0,0.0,0.7272727272727273,0.0
3968,3,soft_dt_jump,17,3090,2,11,4,0.11764705882352941,0.6470588235294118,0.23529411764705882,0.35294117647058826,0.35294117647058826,0.17647058823529413,0.0
3969,2,soft_state_jump,17,1370,6,11,0,0.35294117647058826,0.6470588235294118,0.0,0.29411764705882354,0.5882352941176471,0.17647058823529413,0.0
3970,3,soft_dt_jump,20,2880,7,10,3,0.35,0.5,0.15,0.55,0.25,0.45,0.0
3971,2,soft_dt_jump,9,1290,2,6,1,0.2222222222222222,0.6666666666666666,0.1111111111111111,0.6666666666666666,0.2222222222222222,0.5555555555555556,0.0
3972,6,soft_dt_jump,12,2180,5,6,1,0.4166666666666667,0.5,0.08333333333333333,0.6666666666666666,0.25,0.5,0.0
3973,6,soft_dt_jump,8,760,2,5,1,0.25,0.625,0.125,0.75,0.125,0.625,0.0
3974,0,soft_dt_jump,15,540,11,3,1,0.7333333333333333,0.2,0.06666666666666667,0.7333333333333333,0.06666666666666667,0.7333333333333333,0.0
3975,6,soft_dt_jump,10,1910,3,7,0,0.3,0.7,0.0,0.8,0.2,0.5,0.0
3976,6,soft_dt_jump,11,880,5,6,0,0.45454545454545453,0.5454545454545454,0.0,0.45454545454545453,0.36363636363636365,0.45454545454545453,0.0
3977,6,soft_dt_jump,23,1880,13,7,3,0.5652173913043478,0.30434782608695654,0.13043478260869565,0.7391304347826086,0.13043478260869565,0.6521739130434783,0.0
3978,2,soft_dt_jump,8,1360,3,5,0,0.375,0.625,0.0,0.5,0.5,0.5,0.0
3979,6,soft_dt_jump,11,1570,3,7,1,0.2727272727272727,0.6363636363636364,0.09090909090909091,0.7272727272727273,0.18181818181818182,0.5454545454545454,0.0
3980,3,soft_state_jump,8,2640,2,5,1,0.25,0.625,0.125,0.375,0.5,0.375,0.0
3981,6,soft_state_jump,9,710,3,5,1,0.3333333333333333,0.5555555555555556,0.1111111111111111,0.4444444444444444,0.2222222222222222,0.4444444444444444,0.0
3982,3,soft_dt_jump,19,2510,5,9,5,0.2631578947368421,0.47368421052631576,0.2631578947368421,0.47368421052631576,0.21052631578947367,0.2631578947368421,0.0
3983,2,soft_dt_jump,21,1950,7,14,0,0.3333333333333333,0.6666666666666666,0.0,0.5238095238095238,0.42857142857142855,0.38095238095238093,0.0
3984,1,soft_dt_jump,31,4200,8,22,1,0.25806451612903225,0.7096774193548387,0.03225806451612903,0.7096774193548387,0.16129032258064516,0.45161290322580644,0.0
3985,1,soft_state_jump,26,6900,4,19,3,0.15384615384615385,0.7307692307692307,0.11538461538461539,0.46153846153846156,0.38461538461538464,0.23076923076923078,0.0
3986,3,soft_dt_jump,12,2620,3,6,3,0.25,0.5,0.25,0.3333333333333333,0.3333333333333333,0.08333333333333333,0.0
3987,1,soft_state_jump,42,7830,9,28,5,0.21428571428571427,0.6666666666666666,0.11904761904761904,0.35714285714285715,0.40476190476190477,0.21428571428571427,0.0
3988,1,soft_dt_jump,29,8530,6,18,5,0.20689655172413793,0.6206896551724138,0.1724137931034483,0.41379310344827586,0.3448275862068966,0.27586206896551724,0.0
3989,2,soft_state_jump,14,1970,3,9,2,0.21428571428571427,0.6428571428571429,0.14285714285714285,0.21428571428571427,0.5,0.07142857142857142,0.0
3990,2,soft_dt_jump,8,760,4,4,0,0.5,0.5,0.0,0.375,0.5,0.25,0.0
3991,6,soft_dt_jump,8,540,5,3,0,0.625,0.375,0.0,0.5,0.375,0.5,0.0
3992,3,soft_dt_jump,15,3630,2,9,4,0.13333333333333333,0.6,0.26666666666666666,0.26666666666666666,0.4666666666666667,0.13333333333333333,0.0
3993,6,soft_state_jump,12,1420,5,6,1,0.4166666666666667,0.5,0.08333333333333333,0.5,0.3333333333333333,0.4166666666666667,0.0
3994,1,soft_dt_jump,49,9720,14,29,6,0.2857142857142857,0.5918367346938775,0.12244897959183673,0.32653061224489793,0.42857142857142855,0.20408163265306123,0.0
3995,1,max_duration_ms,22,2300,5,12,5,0.22727272727272727,0.5454545454545454,0.22727272727272727,0.4090909090909091,0.36363636363636365,0.22727272727272727,0.0
3996,3,soft_dt_jump,9,3400,1,7,1,0.1111111111111111,0.7777777777777778,0.1111111111111111,0.1111111111111111,0.6666666666666666,0.0,0.0
3997,6,soft_side_flip_with_dt_jump,8,490,4,4,0,0.5,0.5,0.0,0.75,0.25,0.625,0.0
3998,1,soft_side_flip_with_dt_jump,33,5730,10,19,4,0.30303030303030304,0.5757575757575758,0.12121212121212122,0.24242424242424243,0.6060606060606061,0.09090909090909091,0.0
3999,1,soft_dt_jump,20,3310,6,9,5,0.3,0.45,0.25,0.3,0.35,0.15,0.0
4000,7,soft_dt_jump,14,1060,8,4,2,0.5714285714285714,0.2857142857142857,0.14285714285714285,0.07142857142857142,0.7857142857142857,0.07142857142857142,0.0
4001,3,soft_dt_jump,13,1690,5,6,2,0.38461538461538464,0.46153846153846156,0.15384615384615385,0.38461538461538464,0.3076923076923077,0.38461538461538464,0.0
4002,6,soft_dt_jump,11,1290,5,3,3,0.45454545454545453,0.2727272727272727,0.2727272727272727,0.45454545454545453,0.2727272727272727,0.45454545454545453,0.0
4003,2,soft_dt_jump,12,1410,5,6,1,0.4166666666666667,0.5,0.08333333333333333,0.16666666666666666,0.75,0.08333333333333333,0.0
4004,2,soft_dt_jump,22,2010,9,12,1,0.4090909090909091,0.5454545454545454,0.045454545454545456,0.36363636363636365,0.5454545454545454,0.3181818181818182,0.0
4005,2,soft_dt_jump,13,2710,4,8,1,0.3076923076923077,0.6153846153846154,0.07692307692307693,0.6153846153846154,0.3076923076923077,0.46153846153846156,0.0
4006,2,soft_dt_jump,10,1440,4,5,1,0.4,0.5,0.1,0.1,0.7,0.1,0.0
4007,7,soft_dt_jump,16,1920,8,6,2,0.5,0.375,0.125,0.125,0.75,0.0,0.0
4008,6,soft_dt_jump,11,2020,3,7,1,0.2727272727272727,0.6363636363636364,0.09090909090909091,0.9090909090909091,0.0,0.8181818181818182,0.0
4009,6,soft_dt_jump,19,2260,9,10,0,0.47368421052631576,0.5263157894736842,0.0,0.5789473684210527,0.3157894736842105,0.5263157894736842,0.0
4010,7,soft_dt_jump,8,10,6,1,1,0.75,0.125,0.125,0.0,0.875,0.0,0.0
4011,3,soft_dt_jump,21,3500,7,13,1,0.3333333333333333,0.6190476190476191,0.047619047619047616,0.3333333333333333,0.5238095238095238,0.2857142857142857,0.0
4012,1,soft_dt_jump,52,8540,14,27,11,0.2692307692307692,0.5192307692307693,0.21153846153846154,0.3269230769230769,0.40384615384615385,0.17307692307692307,0.0
4013,2,soft_state_jump,8,720,3,4,1,0.375,0.5,0.125,0.0,0.75,0.0,0.0
4014,2,soft_dt_jump,8,1010,3,3,2,0.375,0.375,0.25,0.0,0.75,0.0,0.0
4015,2,soft_dt_jump,15,1910,5,8,2,0.3333333333333333,0.5333333333333333,0.13333333333333333,0.13333333333333333,0.6666666666666666,0.06666666666666667,0.0
4016,0,soft_dt_jump,19,1090,11,5,3,0.5789473684210527,0.2631578947368421,0.15789473684210525,0.6842105263157895,0.10526315789473684,0.5789473684210527,0.0
4017,2,soft_dt_jump,8,710,3,5,0,0.375,0.625,0.0,0.375,0.5,0.25,0.0
4018,7,soft_dt_jump,8,470,6,2,0,0.75,0.25,0.0,0.0,1.0,0.0,0.0
4019,2,soft_dt_jump,16,1920,7,6,3,0.4375,0.375,0.1875,0.125,0.6875,0.0625,0.0
4020,2,soft_dt_jump,9,1080,4,5,0,0.4444444444444444,0.5555555555555556,0.0,0.0,0.8888888888888888,0.0,0.0
4021,3,soft_dt_jump,9,1680,3,4,2,0.3333333333333333,0.4444444444444444,0.2222222222222222,0.4444444444444444,0.2222222222222222,0.4444444444444444,0.0
4022,2,soft_dt_jump,9,1840,3,6,0,0.3333333333333333,0.6666666666666666,0.0,0.2222222222222222,0.6666666666666666,0.1111111111111111,0.0
4023,7,soft_dt_jump,16,960,8,6,2,0.5,0.375,0.125,0.1875,0.6875,0.125,0.0
4024,2,soft_dt_jump,15,3080,5,8,2,0.3333333333333333,0.5333333333333333,0.13333333333333333,0.4,0.4,0.26666666666666666,0.0
4025,3,soft_dt_jump,13,990,3,7,3,0.23076923076923078,0.5384615384615384,0.23076923076923078,0.5384615384615384,0.23076923076923078,0.3076923076923077,0.0
4026,2,soft_dt_jump,13,1030,6,6,1,0.46153846153846156,0.46153846153846156,0.07692307692307693,0.15384615384615385,0.7692307692307693,0.07692307692307693,0.0
4027,2,soft_dt_jump,19,1290,8,9,2,0.42105263157894735,0.47368421052631576,0.10526315789473684,0.2631578947368421,0.5789473684210527,0.21052631578947367,0.0
4028,2,soft_dt_jump,11,490,2,8,1,0.18181818181818182,0.7272727272727273,0.09090909090909091,0.45454545454545453,0.45454545454545453,0.18181818181818182,0.0
4029,2,soft_dt_jump,10,950,4,4,2,0.4,0.4,0.2,0.2,0.5,0.1,0.0
4030,1,soft_dt_jump,24,3860,4,17,3,0.16666666666666666,0.7083333333333334,0.125,0.75,0.08333333333333333,0.375,0.0
4031,2,soft_state_jump,15,1550,4,9,2,0.26666666666666666,0.6,0.13333333333333333,0.06666666666666667,0.6666666666666666,0.06666666666666667,0.0
4032,1,soft_dt_jump,16,3020,1,13,2,0.0625,0.8125,0.125,0.6875,0.125,0.4375,0.0
4033,0,soft_state_jump,14,200,12,2,0,0.8571428571428571,0.14285714285714285,0.0,1.0,0.0,1.0,0.0
4034,0,soft_dt_jump,16,380,10,5,1,0.625,0.3125,0.0625,0.9375,0.0,0.25,0.0
4035,6,soft_dt_jump,10,360,3,6,1,0.3,0.6,0.1,0.6,0.2,0.5,0.0
4036,1,soft_dt_jump,41,5800,11,18,12,0.2682926829268293,0.43902439024390244,0.2926829268292683,0.36585365853658536,0.2926829268292683,0.2926829268292683,0.0
4037,2,soft_dt_jump,10,1080,2,8,0,0.2,0.8,0.0,0.5,0.5,0.2,0.0
4038,1,soft_side_flip_with_dt_jump,50,8570,14,30,6,0.28,0.6,0.12,0.22,0.6,0.08,0.0
4039,7,soft_side_flip_with_dt_jump,10,790,6,4,0,0.6,0.4,0.0,0.1,0.8,0.1,0.0
4040,2,soft_dt_jump,24,5180,5,15,4,0.20833333333333334,0.625,0.16666666666666666,0.2916666666666667,0.4166666666666667,0.125,0.0
4041,3,soft_dt_jump,24,3470,6,15,3,0.25,0.625,0.125,0.25,0.5,0.125,0.0
4042,1,soft_dt_jump,40,5830,14,22,4,0.35,0.55,0.1,0.2,0.65,0.05,0.0
4043,2,soft_dt_jump,10,1490,1,9,0,0.1,0.8888888888888888,0.0,0.2,0.5,0.1,0.0
4044,1,soft_state_jump,27,4320,3,18,6,0.1111111111111111,0.6666666666666666,0.2222222222222222,0.5185185185185185,0.2222222222222222,0.3333333333333333,0.0
4045,2,soft_dt_jump,14,3980,2,10,2,0.14285714285714285,0.7142857142857143,0.14285714285714285,0.7142857142857143,0.14285714285714285,0.2857142857142857,0.0
4046,1,soft_state_jump,23,2540,6,13,4,0.2608695652173913,0.5652173913043478,0.17391304347826086,0.391304347826087,0.34782608695652173,0.21739130434782608,0.0
4047,7,soft_state_jump,18,1030,12,4,2,0.6666666666666666,0.2222222222222222,0.1111111111111111,0.1111111111111111,0.7777777777777778,0.0,0.0
4048,1,soft_dt_jump,15,1290,3,9,3,0.2,0.6,0.2,0.6,0.2,0.5333333333333333,0.0
4049,7,soft_dt_jump,9,550,5,3,1,0.5555555555555556,0.3333333333333333,0.1111111111111111,0.1111111111111111,0.7777777777777778,0.0,0.0
4050,1,soft_dt_jump,33,4180,6,23,4,0.18181818181818182,0.696969696969697,0.12121212121212122,0.5454545454545454,0.24242424242424243,0.3939393939393939,0.0
4051,6,soft_dt_jump,9,630,4,3,2,0.4444444444444444,0.3333333333333333,0.2222222222222222,0.5555555555555556,0.2222222222222222,0.5555555555555556,0.0
4052,1,soft_dt_jump,18,1400,5,10,3,0.2777777777777778,0.5555555555555556,0.16666666666666666,0.5,0.3333333333333333,0.3333333333333333,0.0
4053,1,soft_dt_jump,25,4330,6,14,5,0.24,0.56,0.2,0.28,0.4,0.16,0.0
4054,1,soft_dt_jump,35,4560,4,23,8,0.11428571428571428,0.6571428571428571,0.22857142857142856,0.5142857142857142,0.17142857142857143,0.37142857142857144,0.0
4055,6,soft_state_jump,11,600,4,7,0,0.36363636363636365,0.6363636363636364,0.0,0.8181818181818182,0.18181818181818182,0.5454545454545454,0.0
4056,2,soft_dt_jump,8,770,1,5,2,0.125,0.625,0.25,0.5,0.25,0.25,0.0
4057,1,soft_side_flip_with_dt_jump,36,5850,11,15,10,0.3055555555555556,0.4166666666666667,0.2777777777777778,0.2222222222222222,0.4722222222222222,0.1388888888888889,0.0
4058,2,soft_dt_jump,11,1070,4,6,1,0.36363636363636365,0.5454545454545454,0.09090909090909091,0.45454545454545453,0.45454545454545453,0.09090909090909091,0.0
4059,2,soft_side_flip_with_dt_jump,10,430,3,7,0,0.3,0.7,0.0,0.3,0.6,0.3,0.0
4060,7,soft_dt_jump,20,1000,14,6,0,0.7,0.3,0.0,0.1,0.8,0.05,0.0
4061,1,soft_dt_jump,30,3810,7,16,7,0.23333333333333334,0.5333333333333333,0.23333333333333334,0.43333333333333335,0.3333333333333333,0.23333333333333334,0.0
4062,2,soft_dt_jump,15,1180,5,7,3,0.3333333333333333,0.4666666666666667,0.2,0.26666666666666666,0.4666666666666667,0.13333333333333333,0.0
4063,1,soft_dt_jump,36,8480,8,24,4,0.2222222222222222,0.6666666666666666,0.1111111111111111,0.2777777777777778,0.5277777777777778,0.16666666666666666,0.0
4064,2,soft_side_flip_with_dt_jump,12,1770,3,8,1,0.25,0.6666666666666666,0.08333333333333333,0.5833333333333334,0.3333333333333333,0.4166666666666667,0.0
4065,2,soft_dt_jump,8,220,2,4,2,0.25,0.5,0.25,0.125,0.625,0.0,0.0
4066,0,soft_dt_jump,11,90,9,2,0,0.8181818181818182,0.18181818181818182,0.0,1.0,0.0,0.8181818181818182,0.0
4067,2,soft_dt_jump,10,540,4,5,1,0.4,0.5,0.1,0.2,0.7,0.1,0.0
4068,3,soft_side_flip_with_dt_jump,20,3560,8,9,3,0.4,0.45,0.15,0.2,0.45,0.0,0.0
4069,7,soft_dt_jump,8,280,5,3,0,0.625,0.375,0.0,0.125,0.875,0.0,0.0
4070,7,soft_side_flip_with_dt_jump,17,1300,9,5,3,0.5294117647058824,0.29411764705882354,0.17647058823529413,0.23529411764705882,0.5294117647058824,0.17647058823529413,0.0
4071,2,soft_dt_jump,13,530,4,5,4,0.3076923076923077,0.38461538461538464,0.3076923076923077,0.38461538461538464,0.3076923076923077,0.3076923076923077,0.0
4072,2,soft_dt_jump,11,2070,3,6,2,0.2727272727272727,0.5454545454545454,0.18181818181818182,0.45454545454545453,0.36363636363636365,0.36363636363636365,0.0
4073,2,soft_state_jump,15,1330,5,8,2,0.3333333333333333,0.5333333333333333,0.13333333333333333,0.3333333333333333,0.5333333333333333,0.26666666666666666,0.0
4074,2,soft_dt_jump,9,1210,2,6,1,0.2222222222222222,0.6666666666666666,0.1111111111111111,0.5555555555555556,0.3333333333333333,0.4444444444444444,0.0
4075,3,soft_dt_jump,9,1740,1,3,5,0.1111111111111111,0.3333333333333333,0.4,0.4444444444444444,0.0,0.3333333333333333,0.0
4076,1,soft_state_jump,46,7400,11,27,8,0.2391304347826087,0.5869565217391305,0.17391304347826086,0.41304347826086957,0.32608695652173914,0.2391304347826087,0.0
4077,6,soft_dt_jump,9,430,2,7,0,0.2222222222222222,0.7777777777777778,0.0,0.5555555555555556,0.3333333333333333,0.4444444444444444,0.0
4078,1,soft_side_flip_with_dt_jump,39,4360,6,20,13,0.15384615384615385,0.5128205128205128,0.3333333333333333,0.358974358974359,0.2564102564102564,0.1282051282051282,0.0
4079,7,soft_dt_jump,23,570,16,6,1,0.6956521739130435,0.2608695652173913,0.043478260869565216,0.08695652173913043,0.8695652173913043,0.043478260869565216,0.0
4080,1,soft_dt_jump,42,4920,12,25,5,0.2857142857142857,0.5952380952380952,0.11904761904761904,0.5238095238095238,0.35714285714285715,0.35714285714285715,0.0
4081,3,soft_dt_jump,9,810,3,4,2,0.3333333333333333,0.4444444444444444,0.2222222222222222,0.0,0.7777777777777778,0.0,0.0
4082,2,soft_dt_jump,18,2220,5,10,3,0.2777777777777778,0.5555555555555556,0.16666666666666666,0.4444444444444444,0.3888888888888889,0.2777777777777778,0.0
4083,3,soft_state_jump,9,510,3,5,1,0.3333333333333333,0.5555555555555556,0.1111111111111111,0.2222222222222222,0.5555555555555556,0.2222222222222222,0.0
4084,7,soft_dt_jump,25,2370,17,7,1,0.68,0.28,0.04,0.12,0.8,0.08,0.0
4085,2,soft_dt_jump,17,1470,4,9,4,0.23529411764705882,0.5294117647058824,0.23529411764705882,0.35294117647058826,0.35294117647058826,0.11764705882352941,0.0
4086,7,soft_dt_jump,39,2540,27,10,2,0.6923076923076923,0.2564102564102564,0.05128205128205128,0.1282051282051282,0.8205128205128205,0.05128205128205128,0.0
4087,2,soft_dt_jump,10,2250,1,9,0,0.1,0.8888888888888888,0.0,0.7,0.3,0.4,0.0
4088,2,soft_side_flip_with_dt_jump,9,2480,1,6,2,0.1111111111111111,0.6666666666666666,0.2222222222222222,0.3333333333333333,0.2222222222222222,0.0,0.0
4089,2,soft_state_jump,12,910,5,6,1,0.4166666666666667,0.5,0.08333333333333333,0.4166666666666667,0.4166666666666667,0.3333333333333333,0.0
4090,7,soft_dt_jump,28,2020,18,8,2,0.6428571428571429,0.2857142857142857,0.07142857142857142,0.2857142857142857,0.6428571428571429,0.21428571428571427,0.0
4091,2,soft_dt_jump,9,1070,2,6,1,0.2222222222222222,0.6666666666666666,0.1111111111111111,0.5555555555555556,0.3333333333333333,0.2222222222222222,0.0
4092,2,soft_state_jump,9,1000,1,6,2,0.1111111111111111,0.6666666666666666,0.2222222222222222,0.4444444444444444,0.2222222222222222,0.1111111111111111,0.0
4093,1,soft_dt_jump,15,1350,5,6,4,0.3333333333333333,0.4,0.26666666666666666,0.3333333333333333,0.4,0.26666666666666666,0.0
4094,7,soft_dt_jump,11,800,7,3,1,0.6363636363636364,0.2727272727272727,0.09090909090909091,0.09090909090909091,0.7272727272727273,0.09090909090909091,0.0
4095,2,soft_dt_jump,12,1050,1,10,1,0.08333333333333333,0.8333333333333334,0.08333333333333333,0.5833333333333334,0.25,0.25,0.0
4096,2,soft_dt_jump,16,2510,7,8,1,0.4375,0.5,0.0625,0.4375,0.4375,0.375,0.0
4097,7,soft_dt_jump,12,210,9,2,1,0.75,0.16666666666666666,0.08333333333333333,0.0,0.9166666666666666,0.0,0.0
4098,1,soft_dt_jump,42,6740,10,24,8,0.23809523809523808,0.5714285714285714,0.19047619047619047,0.6190476190476191,0.16666666666666666,0.4523809523809524,0.0
4099,7,soft_dt_jump,9,930,5,3,1,0.5555555555555556,0.3333333333333333,0.1111111111111111,0.0,0.8888888888888888,0.0,0.0
4100,1,soft_dt_jump,41,6870,12,22,7,0.2926829268292683,0.5365853658536586,0.17073170731707318,0.3170731707317073,0.43902439024390244,0.1951219512195122,0.0
4101,2,soft_dt_jump,10,1290,3,5,2,0.3,0.5,0.2,0.2,0.6,0.0,0.0
4102,3,soft_dt_jump,15,870,6,5,4,0.4,0.3333333333333333,0.26666666666666666,0.13333333333333333,0.4666666666666667,0.13333333333333333,0.0
4103,6,soft_dt_jump,10,1550,3,6,1,0.3,0.6,0.1,0.7,0.2,0.6,0.0
4104,7,soft_dt_jump,35,1870,24,10,1,0.6857142857142857,0.2857142857142857,0.02857142857142857,0.17142857142857143,0.8,0.17142857142857143,0.0
4105,2,soft_dt_jump,8,1640,3,5,0,0.375,0.625,0.0,0.125,0.875,0.125,0.0
4106,1,soft_dt_jump,19,2430,4,9,6,0.21052631578947367,0.47368421052631576,0.3157894736842105,0.2631578947368421,0.42105263157894735,0.15789473684210525,0.0
4107,1,soft_dt_jump,20,1840,5,11,4,0.25,0.55,0.2,0.25,0.5,0.2,0.0
4108,2,soft_side_flip_with_dt_jump,8,480,3,4,1,0.375,0.5,0.125,0.125,0.625,0.125,0.0
4109,6,soft_dt_jump,13,1110,3,9,1,0.23076923076923078,0.6923076923076923,0.07692307692307693,0.6923076923076923,0.15384615384615385,0.5384615384615384,0.0
4110,7,soft_state_jump,15,1160,13,2,0,0.8666666666666667,0.13333333333333333,0.0,0.0,1.0,0.0,0.0
4111,2,soft_dt_jump,14,1230,5,7,2,0.35714285714285715,0.5,0.14285714285714285,0.35714285714285715,0.5,0.14285714285714285,0.0
4112,7,soft_dt_jump,59,2920,37,18,4,0.6271186440677966,0.3050847457627119,0.06779661016949153,0.1694915254237288,0.6949152542372882,0.11864406779661017,0.0
4113,2,soft_dt_jump,13,1970,2,9,2,0.15384615384615385,0.6923076923076923,0.15384615384615385,0.5384615384615384,0.23076923076923078,0.23076923076923078,0.0
4114,7,soft_dt_jump,26,920,16,8,2,0.6153846153846154,0.3076923076923077,0.07692307692307693,0.07692307692307693,0.7692307692307693,0.0,0.0
4115,1,soft_dt_jump,15,1820,2,7,6,0.13333333333333333,0.4666666666666667,0.4,0.3333333333333333,0.26666666666666666,0.2,0.0
4116,1,soft_dt_jump,19,2620,6,12,1,0.3157894736842105,0.631578947368421,0.05263157894736842,0.5789473684210527,0.2631578947368421,0.3684210526315789,0.0
4117,2,soft_state_jump,18,1520,6,11,1,0.3333333333333333,0.6111111111111112,0.05555555555555555,0.3888888888888889,0.5,0.2222222222222222,0.0
4118,7,soft_dt_jump,18,1470,11,5,2,0.6111111111111112,0.2777777777777778,0.1111111111111111,0.05555555555555555,0.8333333333333334,0.0,0.0
4119,2,soft_dt_jump,12,2390,2,7,3,0.16666666666666666,0.5833333333333334,0.25,0.5,0.16666666666666666,0.16666666666666666,0.0
4120,2,soft_state_jump,15,2790,2,12,1,0.13333333333333333,0.8,0.06666666666666667,0.4666666666666667,0.4,0.06666666666666667,0.0
4121,7,soft_state_jump,47,3000,37,9,1,0.7872340425531915,0.19148936170212766,0.02127659574468085,0.1702127659574468,0.8085106382978723,0.1276595744680851,0.0
4122,2,soft_dt_jump,23,2660,5,17,1,0.21739130434782608,0.7391304347826086,0.043478260869565216,0.5217391304347826,0.34782608695652173,0.21739130434782608,0.0
4123,2,soft_state_jump,17,2440,3,12,2,0.17647058823529413,0.7058823529411765,0.11764705882352941,0.47058823529411764,0.29411764705882354,0.29411764705882354,0.0
4124,7,soft_state_jump,22,730,18,3,1,0.8181818181818182,0.13636363636363635,0.045454545454545456,0.0,0.9090909090909091,0.0,0.0
4125,6,soft_dt_jump,12,1120,5,7,0,0.4166666666666667,0.5833333333333334,0.0,0.5833333333333334,0.4166666666666667,0.4166666666666667,0.0
4126,7,soft_dt_jump,22,1240,14,8,0,0.6363636363636364,0.36363636363636365,0.0,0.09090909090909091,0.9090909090909091,0.045454545454545456,0.0
4127,7,soft_dt_jump,8,0,7,1,0,0.875,0.125,0.0,0.0,1.0,0.0,0.0
4128,3,soft_dt_jump,19,2030,2,12,5,0.10526315789473684,0.631578947368421,0.2631578947368421,0.21052631578947367,0.42105263157894735,0.21052631578947367,0.0
4129,1,soft_state_jump,35,5410,7,19,9,0.2,0.5428571428571428,0.2571428571428571,0.5428571428571428,0.08571428571428572,0.34285714285714286,0.0
4130,6,soft_dt_jump,20,3020,4,14,2,0.2,0.7,0.1,0.65,0.05,0.55,0.0
4131,7,soft_dt_jump,22,1440,12,9,1,0.5454545454545454,0.4090909090909091,0.045454545454545456,0.36363636363636365,0.5454545454545454,0.3181818181818182,0.0
4132,1,soft_dt_jump,34,5560,4,23,7,0.11764705882352941,0.6764705882352942,0.20588235294117646,0.47058823529411764,0.14705882352941177,0.2647058823529412,0.0
4133,6,soft_state_jump,20,1370,9,8,3,0.45,0.4,0.15,0.7,0.1,0.6,0.0
4134,3,soft_dt_jump,11,1370,2,7,2,0.18181818181818182,0.6363636363636364,0.18181818181818182,0.45454545454545453,0.18181818181818182,0.36363636363636365,0.0
4135,6,soft_state_jump,8,780,2,5,1,0.25,0.625,0.125,0.625,0.125,0.5,0.0
4136,1,soft_dt_jump,12,1920,1,8,3,0.08333333333333333,0.6666666666666666,0.25,0.6666666666666666,0.08333333333333333,0.6666666666666666,0.0
4137,3,soft_side_flip_with_dt_jump,9,810,1,5,3,0.1111111111111111,0.5555555555555556,0.3333333333333333,0.1111111111111111,0.3333333333333333,0.0,0.0
4138,3,soft_state_jump,19,2450,5,10,4,0.2631578947368421,0.5263157894736842,0.21052631578947367,0.10526315789473684,0.5789473684210527,0.10526315789473684,0.0
4139,2,soft_dt_jump,11,1070,2,7,2,0.18181818181818182,0.6363636363636364,0.18181818181818182,0.36363636363636365,0.36363636363636365,0.2727272727272727,0.0
4140,2,soft_side_flip_with_dt_jump,11,2000,3,6,2,0.2727272727272727,0.5454545454545454,0.18181818181818182,0.2727272727272727,0.5454545454545454,0.18181818181818182,0.0
4141,1,soft_dt_jump,26,3840,5,16,5,0.19230769230769232,0.6153846153846154,0.19230769230769232,0.38461538461538464,0.3076923076923077,0.2692307692307692,0.0
4142,1,soft_dt_jump,63,9660,13,33,17,0.20634920634920634,0.5238095238095238,0.2698412698412698,0.2222222222222222,0.36507936507936506,0.1111111111111111,0.0
4143,6,max_duration_ms,12,700,3,7,2,0.25,0.5833333333333334,0.16666666666666666,0.75,0.0,0.5,0.0
4144,1,soft_dt_jump,32,3090,14,13,5,0.4375,0.40625,0.15625,0.5,0.3125,0.46875,0.0
4145,1,soft_dt_jump,19,3170,5,11,3,0.2631578947368421,0.5789473684210527,0.15789473684210525,0.47368421052631576,0.2631578947368421,0.21052631578947367,0.0
4146,6,soft_state_jump,17,1390,7,10,0,0.4117647058823529,0.5882352941176471,0.0,0.7058823529411765,0.11764705882352941,0.5294117647058824,0.0
4147,1,soft_dt_jump,23,3690,6,13,4,0.2608695652173913,0.5652173913043478,0.17391304347826086,0.34782608695652173,0.30434782608695654,0.30434782608695654,0.0
4148,1,soft_dt_jump,50,6030,18,23,9,0.36,0.46,0.18,0.24,0.5,0.08,0.0
4149,1,soft_dt_jump,18,2420,5,7,6,0.2777777777777778,0.3888888888888889,0.3333333333333333,0.3888888888888889,0.2777777777777778,0.2777777777777778,0.0
4150,1,soft_dt_jump,21,2020,9,9,3,0.42857142857142855,0.42857142857142855,0.14285714285714285,0.47619047619047616,0.23809523809523808,0.42857142857142855,0.0
4151,3,soft_dt_jump,11,1000,2,7,2,0.18181818181818182,0.6363636363636364,0.18181818181818182,0.2727272727272727,0.18181818181818182,0.09090909090909091,0.0
4152,3,soft_dt_jump,17,3010,2,11,4,0.11764705882352941,0.6470588235294118,0.23529411764705882,0.23529411764705882,0.29411764705882354,0.17647058823529413,0.0
4153,1,soft_dt_jump,19,2600,3,10,6,0.15789473684210525,0.5263157894736842,0.3157894736842105,0.2631578947368421,0.3157894736842105,0.05263157894736842,0.0
4154,6,soft_dt_jump,10,1080,3,6,1,0.3,0.6,0.1,0.5,0.2,0.4,0.0
4155,2,soft_state_jump,23,2580,7,16,0,0.30434782608695654,0.6956521739130435,0.0,0.5217391304347826,0.34782608695652173,0.2608695652173913,0.0
4156,3,soft_state_jump,10,2830,2,3,5,0.2,0.3,0.4,0.2,0.2,0.2,0.0
4157,7,soft_dt_jump,11,300,5,4,2,0.45454545454545453,0.36363636363636365,0.18181818181818182,0.0,0.6363636363636364,0.0,0.0
4158,1,soft_dt_jump,30,2680,11,16,3,0.36666666666666664,0.5333333333333333,0.1,0.4,0.4,0.26666666666666666,0.0
4159,7,soft_dt_jump,47,2230,34,10,3,0.723404255319149,0.2127659574468085,0.06382978723404255,0.10638297872340426,0.7872340425531915,0.02127659574468085,0.0
4160,2,soft_dt_jump,11,2000,2,7,2,0.18181818181818182,0.6363636363636364,0.18181818181818182,0.5454545454545454,0.2727272727272727,0.2727272727272727,0.0
4161,7,soft_state_jump,27,580,22,5,0,0.8148148148148148,0.18518518518518517,0.0,0.18518518518518517,0.7777777777777778,0.1111111111111111,0.0
4162,2,soft_dt_jump,13,520,2,10,1,0.15384615384615385,0.7692307692307693,0.07692307692307693,0.6153846153846154,0.23076923076923078,0.3076923076923077,0.0
4163,6,soft_dt_jump,10,1380,2,5,3,0.2,0.5,0.3,0.6,0.0,0.6,0.0
4164,2,soft_side_flip_with_dt_jump,13,2120,4,9,0,0.3076923076923077,0.6923076923076923,0.0,0.38461538461538464,0.5384615384615384,0.07692307692307693,0.0
4165,1,soft_state_jump,41,5570,11,21,9,0.2682926829268293,0.5121951219512195,0.21951219512195122,0.2926829268292683,0.34146341463414637,0.14634146341463414,0.0
4166,1,soft_dt_jump,16,2480,3,9,4,0.1875,0.5625,0.25,0.5625,0.125,0.375,0.0
4167,3,soft_dt_jump,12,1230,4,5,3,0.3333333333333333,0.4166666666666667,0.25,0.3333333333333333,0.3333333333333333,0.08333333333333333,0.0
4168,3,soft_dt_jump,17,2910,6,8,3,0.35294117647058826,0.47058823529411764,0.17647058823529413,0.11764705882352941,0.5882352941176471,0.058823529411764705,0.0
4169,2,soft_dt_jump,10,280,3,5,2,0.3,0.5,0.2,0.3,0.5,0.2,0.0
4170,1,soft_dt_jump,21,2110,4,13,4,0.19047619047619047,0.6190476190476191,0.19047619047619047,0.38095238095238093,0.42857142857142855,0.14285714285714285,0.0
4171,7,soft_side_flip_with_dt_jump,36,640,30,6,0,0.8333333333333334,0.16666666666666666,0.0,0.08333333333333333,0.8611111111111112,0.08333333333333333,0.0
4172,3,soft_dt_jump,31,5680,8,18,5,0.25806451612903225,0.5806451612903226,0.16129032258064516,0.41935483870967744,0.3225806451612903,0.25806451612903225,0.0
4173,7,soft_state_jump,17,680,13,3,1,0.7647058823529411,0.17647058823529413,0.058823529411764705,0.0,0.8823529411764706,0.0,0.0
4174,3,soft_dt_jump,17,1700,2,12,3,0.11764705882352941,0.7058823529411765,0.17647058823529413,0.17647058823529413,0.47058823529411764,0.058823529411764705,0.0
4175,1,soft_state_jump,36,4570,11,22,3,0.3055555555555556,0.6111111111111112,0.08333333333333333,0.3333333333333333,0.5555555555555556,0.16666666666666666,0.0
4176,7,soft_dt_jump,18,1870,9,7,2,0.5,0.3888888888888889,0.1111111111111111,0.1111111111111111,0.7777777777777778,0.0,0.0
4177,3,soft_dt_jump,14,2770,5,7,2,0.35714285714285715,0.5,0.14285714285714285,0.07142857142857142,0.7142857142857143,0.0,0.0
4178,3,soft_dt_jump,9,1730,1,6,2,0.1111111111111111,0.6666666666666666,0.2222222222222222,0.5555555555555556,0.2222222222222222,0.4444444444444444,0.0
4179,3,soft_state_jump,16,2310,5,8,3,0.3125,0.5,0.1875,0.25,0.5,0.0625,0.0
4180,3,soft_dt_jump,21,1400,8,11,2,0.38095238095238093,0.5238095238095238,0.09523809523809523,0.23809523809523808,0.6666666666666666,0.23809523809523808,0.0
4181,1,soft_dt_jump,43,7490,6,26,11,0.13953488372093023,0.6046511627906976,0.2558139534883721,0.37209302325581395,0.27906976744186046,0.27906976744186046,0.0
4182,1,soft_state_jump,64,4730,39,21,4,0.609375,0.328125,0.0625,0.734375,0.1875,0.625,0.0
4183,0,max_events_per_episode,8,110,6,2,0,0.75,0.25,0.0,0.875,0.125,0.875,0.0
4184,6,soft_dt_jump,13,1570,3,9,1,0.23076923076923078,0.6923076923076923,0.07692307692307693,0.46153846153846156,0.15384615384615385,0.46153846153846156,0.0
4185,2,soft_dt_jump,17,1830,6,9,2,0.35294117647058826,0.5294117647058824,0.11764705882352941,0.23529411764705882,0.5882352941176471,0.11764705882352941,0.0
4186,1,soft_state_jump,24,2670,6,11,7,0.25,0.4583333333333333,0.2916666666666667,0.5833333333333334,0.125,0.4583333333333333,0.0
4187,3,soft_state_jump,33,4040,6,26,1,0.18181818181818182,0.7878787878787878,0.030303030303030304,0.24242424242424243,0.42424242424242425,0.06060606060606061,0.0
4188,3,soft_dt_jump,19,2190,5,11,3,0.2631578947368421,0.5789473684210527,0.15789473684210525,0.47368421052631576,0.21052631578947367,0.3157894736842105,0.0
4189,3,soft_dt_jump,28,4220,6,15,7,0.21428571428571427,0.5357142857142857,0.25,0.17857142857142858,0.42857142857142855,0.10714285714285714,0.0
4190,2,soft_state_jump,14,2250,3,10,1,0.21428571428571427,0.7142857142857143,0.07142857142857142,0.5714285714285714,0.21428571428571427,0.2857142857142857,0.0
4191,1,soft_state_jump,26,3610,5,18,3,0.19230769230769232,0.6923076923076923,0.11538461538461539,0.34615384615384615,0.3076923076923077,0.11538461538461539,0.0
4192,1,soft_dt_jump,37,7210,10,20,7,0.2702702702702703,0.5405405405405406,0.1891891891891892,0.35135135135135137,0.2972972972972973,0.24324324324324326,0.0
4193,3,soft_state_jump,15,2620,2,10,3,0.13333333333333333,0.6666666666666666,0.2,0.26666666666666666,0.26666666666666666,0.2,0.0
4194,3,soft_state_jump,14,1630,2,10,2,0.14285714285714285,0.7142857142857143,0.14285714285714285,0.35714285714285715,0.35714285714285715,0.2857142857142857,0.0
4195,3,soft_dt_jump,16,1350,3,10,3,0.1875,0.625,0.1875,0.375,0.25,0.1875,0.0
4196,1,soft_side_flip_with_dt_jump,31,4530,7,17,7,0.22580645161290322,0.5483870967741935,0.22580645161290322,0.5483870967741935,0.16129032258064516,0.25806451612903225,0.0
4197,2,soft_dt_jump,8,1260,1,7,0,0.125,0.875,0.0,0.375,0.375,0.25,0.0
4198,3,soft_dt_jump,10,870,4,4,2,0.4,0.4,0.2,0.4,0.2,0.4,0.0
4199,1,soft_dt_jump,35,7960,7,21,7,0.2,0.6,0.2,0.2571428571428571,0.42857142857142855,0.08571428571428572,0.0
4200,3,soft_dt_jump,9,710,1,6,2,0.1111111111111111,0.6666666666666666,0.2222222222222222,0.1111111111111111,0.3333333333333333,0.0,0.0
4201,3,soft_dt_jump,15,1490,1,11,3,0.06666666666666667,0.7333333333333333,0.2,0.3333333333333333,0.2,0.06666666666666667,0.0
4202,1,soft_side_flip_with_dt_jump,43,7180,9,26,8,0.20930232558139536,0.6046511627906976,0.18604651162790697,0.23255813953488372,0.3953488372093023,0.13953488372093023,0.0
4203,3,soft_state_jump,10,2160,1,7,2,0.1,0.7,0.2,0.2,0.4,0.0,0.0
4204,1,soft_state_jump,62,6310,25,28,9,0.4032258064516129,0.45161290322580644,0.14516129032258066,0.27419354838709675,0.5,0.0967741935483871,0.0
4205,6,soft_dt_jump,14,1550,6,7,1,0.42857142857142855,0.5,0.07142857142857142,0.6428571428571429,0.14285714285714285,0.5,0.0
4206,2,soft_dt_jump,21,3210,6,15,0,0.2857142857142857,0.7142857142857143,0.0,0.23809523809523808,0.47619047619047616,0.047619047619047616,0.0
4207,1,soft_state_jump,50,7430,8,34,8,0.16,0.68,0.16,0.28,0.34,0.1,0.0
4208,3,soft_dt_jump,30,5570,6,16,8,0.2,0.5333333333333333,0.26666666666666666,0.2,0.4,0.13333333333333333,0.0
4209,0,soft_dt_jump,8,390,5,2,1,0.625,0.25,0.125,0.875,0.0,0.875,0.0
4210,0,soft_dt_jump,13,130,10,3,0,0.7692307692307693,0.23076923076923078,0.0,0.9230769230769231,0.07692307692307693,0.9230769230769231,0.0
4211,7,soft_dt_jump,9,530,6,3,0,0.6666666666666666,0.3333333333333333,0.0,0.0,0.8888888888888888,0.0,0.0
4212,3,soft_dt_jump,18,2560,6,9,3,0.3333333333333333,0.5,0.16666666666666666,0.2222222222222222,0.5555555555555556,0.05555555555555555,0.0
4213,2,soft_dt_jump,12,2080,5,6,1,0.4166666666666667,0.5,0.08333333333333333,0.16666666666666666,0.6666666666666666,0.0,0.0
4214,0,soft_dt_jump,17,540,13,4,0,0.7647058823529411,0.23529411764705882,0.0,0.8823529411764706,0.058823529411764705,0.7647058823529411,0.0
4215,3,soft_dt_jump,36,6870,9,19,8,0.25,0.5277777777777778,0.2222222222222222,0.05555555555555555,0.4166666666666667,0.0,0.0
4216,2,soft_dt_jump,12,1000,4,7,1,0.3333333333333333,0.5833333333333334,0.08333333333333333,0.25,0.5,0.0,0.0
4217,3,soft_side_flip_with_dt_jump,15,1760,6,7,2,0.4,0.4666666666666667,0.13333333333333333,0.06666666666666667,0.8,0.0,0.0
4218,2,soft_dt_jump,10,1090,3,5,2,0.3,0.5,0.2,0.2,0.6,0.2,0.0
4219,1,soft_dt_jump,31,3830,6,20,5,0.1935483870967742,0.6451612903225806,0.16129032258064516,0.3870967741935484,0.3225806451612903,0.2903225806451613,0.0
4220,1,soft_state_jump,13,2420,1,8,4,0.07692307692307693,0.6153846153846154,0.3076923076923077,0.6153846153846154,0.0,0.3076923076923077,0.0
4221,1,soft_state_jump,36,4870,7,23,6,0.19444444444444445,0.6388888888888888,0.16666666666666666,0.4444444444444444,0.25,0.16666666666666666,0.0
4222,3,soft_side_flip_with_dt_jump,22,3150,8,10,4,0.36363636363636365,0.45454545454545453,0.18181818181818182,0.36363636363636365,0.4090909090909091,0.2727272727272727,0.0
4223,3,soft_dt_jump,13,3020,2,6,5,0.15384615384615385,0.46153846153846156,0.38461538461538464,0.38461538461538464,0.15384615384615385,0.3076923076923077,0.0
4224,7,soft_dt_jump,10,380,6,4,0,0.6,0.4,0.0,0.2,0.8,0.0,0.0
4225,3,soft_dt_jump,17,1880,5,9,3,0.29411764705882354,0.5294117647058824,0.17647058823529413,0.29411764705882354,0.35294117647058826,0.29411764705882354,0.0
4226,1,soft_dt_jump,26,5310,3,19,4,0.11538461538461539,0.7307692307692307,0.15384615384615385,0.5384615384615384,0.23076923076923078,0.19230769230769232,0.0
4227,3,soft_state_jump,9,2500,1,6,2,0.1111111111111111,0.6666666666666666,0.2222222222222222,0.5555555555555556,0.1111111111111111,0.2222222222222222,0.0
4228,1,soft_state_jump,23,2820,4,16,3,0.17391304347826086,0.6956521739130435,0.13043478260869565,0.30434782608695654,0.30434782608695654,0.17391304347826086,0.0
4229,1,soft_state_jump,26,5830,1,17,8,0.038461538461538464,0.6538461538461539,0.3076923076923077,0.5,0.15384615384615385,0.19230769230769232,0.0
4230,1,soft_dt_jump,20,4350,6,11,3,0.3,0.55,0.15,0.65,0.1,0.45,0.0
4231,2,soft_dt_jump,11,560,5,6,0,0.45454545454545453,0.5454545454545454,0.0,0.18181818181818182,0.7272727272727273,0.18181818181818182,0.0
4232,1,soft_dt_jump,42,7220,8,29,5,0.19047619047619047,0.6904761904761905,0.11904761904761904,0.5,0.2619047619047619,0.38095238095238093,0.0
4233,0,soft_state_jump,19,1060,14,5,0,0.7368421052631579,0.2631578947368421,0.0,0.7368421052631579,0.15789473684210525,0.631578947368421,0.0
4234,3,soft_dt_jump,9,810,1,5,3,0.1111111111111111,0.5555555555555556,0.3333333333333333,0.3333333333333333,0.2222222222222222,0.2222222222222222,0.0
4235,7,soft_dt_jump,13,30,11,2,0,0.8461538461538461,0.15384615384615385,0.0,0.0,1.0,0.0,0.0
4236,2,soft_dt_jump,8,1680,0,8,0,0.0,0.8888888888888888,0.0,0.5,0.375,0.125,0.0
4237,2,soft_state_jump,16,1960,2,12,2,0.125,0.75,0.125,0.3125,0.5625,0.125,0.0
4238,2,soft_side_flip_with_dt_jump,17,3570,6,10,1,0.35294117647058826,0.5882352941176471,0.058823529411764705,0.23529411764705882,0.6470588235294118,0.17647058823529413,0.0
4239,2,soft_dt_jump,17,2050,7,8,2,0.4117647058823529,0.47058823529411764,0.11764705882352941,0.23529411764705882,0.6470588235294118,0.17647058823529413,0.0
4240,2,soft_dt_jump,10,480,2,7,1,0.2,0.7,0.1,0.4,0.4,0.2,0.0
4241,3,soft_dt_jump,13,960,6,5,2,0.46153846153846156,0.38461538461538464,0.15384615384615385,0.46153846153846156,0.38461538461538464,0.3076923076923077,0.0
4242,7,soft_dt_jump,9,500,5,3,1,0.5555555555555556,0.3333333333333333,0.1111111111111111,0.0,0.7777777777777778,0.0,0.0
4243,7,soft_dt_jump,11,1000,7,4,0,0.6363636363636364,0.36363636363636365,0.0,0.18181818181818182,0.6363636363636364,0.18181818181818182,0.0
4244,3,soft_dt_jump,17,1500,6,7,4,0.35294117647058826,0.4117647058823529,0.23529411764705882,0.17647058823529413,0.5882352941176471,0.11764705882352941,0.0
4245,3,soft_dt_jump,13,1430,5,7,1,0.38461538461538464,0.5384615384615384,0.07692307692307693,0.23076923076923078,0.46153846153846156,0.07692307692307693,0.0
4246,1,soft_dt_jump,21,2900,4,10,7,0.19047619047619047,0.47619047619047616,0.3333333333333333,0.2857142857142857,0.2857142857142857,0.23809523809523808,0.0
4247,1,soft_dt_jump,25,3150,5,15,5,0.2,0.6,0.2,0.4,0.36,0.12,0.0
4248,1,soft_dt_jump,48,4380,20,25,3,0.4166666666666667,0.5208333333333334,0.0625,0.2708333333333333,0.5833333333333334,0.10416666666666667,0.0
4249,2,soft_dt_jump,16,1710,6,10,0,0.375,0.625,0.0,0.3125,0.5625,0.25,0.0
4250,3,soft_dt_jump,17,1590,3,11,3,0.17647058823529413,0.6470588235294118,0.17647058823529413,0.29411764705882354,0.29411764705882354,0.17647058823529413,0.0
4251,6,soft_side_flip_with_dt_jump,35,2200,23,10,2,0.6571428571428571,0.2857142857142857,0.05714285714285714,0.6857142857142857,0.22857142857142856,0.6571428571428571,0.0
4252,3,soft_dt_jump,10,2080,1,5,4,0.1,0.5,0.4,0.4,0.0,0.2,0.0
4253,3,soft_dt_jump,26,5640,4,16,6,0.15384615384615385,0.6153846153846154,0.23076923076923078,0.34615384615384615,0.23076923076923078,0.23076923076923078,0.0
4254,2,soft_dt_jump,14,1950,3,9,2,0.21428571428571427,0.6428571428571429,0.14285714285714285,0.2857142857142857,0.5,0.14285714285714285,0.0
4255,1,soft_dt_jump,35,4740,13,19,3,0.37142857142857144,0.5428571428571428,0.08571428571428572,0.5142857142857142,0.37142857142857144,0.42857142857142855,0.0
4256,6,soft_dt_jump,12,1340,4,7,1,0.3333333333333333,0.5833333333333334,0.08333333333333333,0.6666666666666666,0.16666666666666666,0.5,0.0
4257,1,soft_state_jump,24,5390,6,13,5,0.25,0.5416666666666666,0.20833333333333334,0.3333333333333333,0.2916666666666667,0.25,0.0
4258,3,soft_state_jump,18,3040,5,12,1,0.2777777777777778,0.6666666666666666,0.05555555555555555,0.05555555555555555,0.7222222222222222,0.0,0.0
4259,6,soft_dt_jump,11,1090,3,7,1,0.2727272727272727,0.6363636363636364,0.09090909090909091,0.6363636363636364,0.18181818181818182,0.45454545454545453,0.0
4260,2,soft_dt_jump,16,1440,5,8,3,0.3125,0.5,0.1875,0.3125,0.5,0.3125,0.0
4261,1,soft_dt_jump,20,2930,3,12,5,0.15,0.6,0.25,0.55,0.2,0.35,0.0
4262,2,soft_state_jump,14,2770,6,8,0,0.42857142857142855,0.5714285714285714,0.0,0.14285714285714285,0.7857142857142857,0.0,0.0
4263,6,soft_state_jump,20,2440,8,9,3,0.4,0.45,0.15,0.75,0.1,0.6,0.0
4264,3,soft_dt_jump,33,6140,8,20,5,0.24242424242424243,0.6060606060606061,0.15151515151515152,0.48484848484848486,0.21212121212121213,0.3333333333333333,0.0
4265,6,soft_state_jump,14,1690,6,5,3,0.42857142857142855,0.35714285714285715,0.21428571428571427,0.7142857142857143,0.07142857142857142,0.42857142857142855,0.0
4266,7,soft_dt_jump,10,1130,5,5,0,0.5,0.5,0.0,0.2,0.7,0.1,0.0
4267,0,soft_dt_jump,9,150,6,2,1,0.6666666666666666,0.2222222222222222,0.1111111111111111,0.6666666666666666,0.2222222222222222,0.6666666666666666,0.0
4268,6,soft_dt_jump,8,840,3,4,1,0.375,0.5,0.125,0.5,0.25,0.5,0.0
4269,3,soft_dt_jump,22,6230,1,20,1,0.045454545454545456,0.8888888888888888,0.045454545454545456,0.3181818181818182,0.5,0.2727272727272727,0.0
4270,6,soft_dt_jump,9,1680,3,5,1,0.3333333333333333,0.5555555555555556,0.1111111111111111,0.5555555555555556,0.3333333333333333,0.4444444444444444,0.0
4271,3,soft_dt_jump,13,2150,2,9,2,0.15384615384615385,0.6923076923076923,0.15384615384615385,0.38461538461538464,0.3076923076923077,0.23076923076923078,0.0
4272,3,soft_dt_jump,17,2510,5,10,2,0.29411764705882354,0.5882352941176471,0.11764705882352941,0.4117647058823529,0.29411764705882354,0.35294117647058826,0.0
4273,2,soft_state_jump,9,2670,2,6,1,0.2222222222222222,0.6666666666666666,0.1111111111111111,0.6666666666666666,0.2222222222222222,0.2222222222222222,0.0
4274,7,soft_state_jump,64,630,57,6,1,0.890625,0.09375,0.015625,0.0625,0.921875,0.015625,0.0
4275,7,max_events_per_episode,9,0,9,0,0,1.0,0.0,0.0,0.0,1.0,0.0,0.0
4276,2,soft_dt_jump,9,930,4,5,0,0.4444444444444444,0.5555555555555556,0.0,0.3333333333333333,0.5555555555555556,0.3333333333333333,0.0
4277,1,soft_dt_jump,24,4810,7,16,1,0.2916666666666667,0.6666666666666666,0.041666666666666664,0.625,0.25,0.4166666666666667,0.0
4278,3,soft_dt_jump,14,2050,4,7,3,0.2857142857142857,0.5,0.21428571428571427,0.14285714285714285,0.6428571428571429,0.07142857142857142,0.0
4279,3,soft_dt_jump,39,7150,8,26,5,0.20512820512820512,0.6666666666666666,0.1282051282051282,0.3333333333333333,0.358974358974359,0.23076923076923078,0.0
4280,3,soft_state_jump,16,2540,4,8,4,0.25,0.5,0.25,0.0625,0.5,0.0,0.0
4281,3,soft_state_jump,11,1650,5,5,1,0.45454545454545453,0.45454545454545453,0.09090909090909091,0.18181818181818182,0.6363636363636364,0.18181818181818182,0.0
4282,3,soft_dt_jump,9,720,4,4,1,0.4444444444444444,0.4444444444444444,0.1111111111111111,0.2222222222222222,0.6666666666666666,0.2222222222222222,0.0
4283,3,soft_dt_jump,8,1540,1,4,3,0.125,0.5,0.375,0.25,0.25,0.125,0.0
4284,2,soft_dt_jump,8,1170,4,3,1,0.5,0.375,0.125,0.125,0.75,0.0,0.0
4285,0,soft_dt_jump,9,200,6,3,0,0.6666666666666666,0.3333333333333333,0.0,0.8888888888888888,0.1111111111111111,0.7777777777777778,0.0
4286,3,soft_dt_jump,24,3930,4,17,3,0.16666666666666666,0.7083333333333334,0.125,0.375,0.2916666666666667,0.16666666666666666,0.0
4287,7,soft_state_jump,26,1810,13,10,3,0.5,0.38461538461538464,0.11538461538461539,0.07692307692307693,0.6923076923076923,0.0,0.0
4288,7,soft_dt_jump,14,1500,7,6,1,0.5,0.42857142857142855,0.07142857142857142,0.07142857142857142,0.7142857142857143,0.07142857142857142,0.0
4289,3,soft_dt_jump,14,1550,3,10,1,0.21428571428571427,0.7142857142857143,0.07142857142857142,0.42857142857142855,0.2857142857142857,0.35714285714285715,0.0
4290,3,soft_dt_jump,14,2320,2,9,3,0.14285714285714285,0.6428571428571429,0.21428571428571427,0.5,0.14285714285714285,0.21428571428571427,0.0
4291,3,soft_state_jump,15,3640,1,12,2,0.06666666666666667,0.8,0.13333333333333333,0.2,0.2,0.2,0.0
4292,3,soft_dt_jump,30,6810,3,23,4,0.1,0.7666666666666667,0.13333333333333333,0.26666666666666666,0.36666666666666664,0.13333333333333333,0.0
4293,3,soft_state_jump,11,1520,2,6,3,0.18181818181818182,0.5454545454545454,0.2727272727272727,0.09090909090909091,0.45454545454545453,0.09090909090909091,0.0
4294,3,soft_dt_jump,14,2430,1,2,11,0.07142857142857142,0.14285714285714285,0.4,0.14285714285714285,0.07142857142857142,0.14285714285714285,0.0
4295,3,soft_dt_jump,22,3260,4,15,3,0.18181818181818182,0.6818181818181818,0.13636363636363635,0.4090909090909091,0.3181818181818182,0.2727272727272727,0.0
4296,6,soft_dt_jump,25,2370,14,11,0,0.56,0.44,0.0,0.68,0.28,0.52,0.0
4297,3,soft_dt_jump,20,2460,5,13,2,0.25,0.65,0.1,0.05,0.75,0.05,0.0
4298,2,soft_side_flip_with_dt_jump,16,1530,4,11,1,0.25,0.6875,0.0625,0.5625,0.375,0.25,0.0
4299,3,soft_dt_jump,25,4750,3,17,5,0.12,0.68,0.2,0.12,0.56,0.0,0.0
4300,1,soft_side_flip_with_dt_jump,47,9320,8,33,6,0.1702127659574468,0.7021276595744681,0.1276595744680851,0.3191489361702128,0.3829787234042553,0.1702127659574468,0.0
4301,6,max_duration_ms,14,3530,4,9,1,0.2857142857142857,0.6428571428571429,0.07142857142857142,0.5714285714285714,0.14285714285714285,0.35714285714285715,0.0
4302,3,soft_dt_jump,11,2020,4,5,2,0.36363636363636365,0.45454545454545453,0.18181818181818182,0.5454545454545454,0.18181818181818182,0.45454545454545453,0.0
4303,6,soft_state_jump,9,1470,3,6,0,0.3333333333333333,0.6666666666666666,0.0,0.8888888888888888,0.1111111111111111,0.4444444444444444,0.0
4304,6,soft_dt_jump,13,2430,3,8,2,0.23076923076923078,0.6153846153846154,0.15384615384615385,0.6153846153846154,0.07692307692307693,0.46153846153846156,0.0
4305,6,soft_side_flip_with_dt_jump,11,530,4,6,1,0.36363636363636365,0.5454545454545454,0.09090909090909091,0.7272727272727273,0.18181818181818182,0.6363636363636364,0.0
4306,3,soft_side_flip_with_dt_jump,8,480,3,4,1,0.375,0.5,0.125,0.125,0.75,0.0,0.0
4307,7,soft_dt_jump,28,390,25,2,1,0.8928571428571429,0.07142857142857142,0.03571428571428571,0.0,0.9285714285714286,0.0,0.0
4308,0,soft_dt_jump,8,0,7,1,0,0.875,0.125,0.0,1.0,0.0,0.875,0.0
4309,2,soft_dt_jump,17,2850,6,9,2,0.35294117647058826,0.5294117647058824,0.11764705882352941,0.29411764705882354,0.5294117647058824,0.17647058823529413,0.0
4310,3,soft_side_flip_with_dt_jump,18,4180,3,13,2,0.16666666666666666,0.7222222222222222,0.1111111111111111,0.2777777777777778,0.5,0.1111111111111111,0.0
4311,3,soft_dt_jump,9,3820,2,6,1,0.2222222222222222,0.6666666666666666,0.1111111111111111,0.4444444444444444,0.3333333333333333,0.3333333333333333,0.0
4312,3,soft_state_jump,12,2260,2,9,1,0.16666666666666666,0.75,0.08333333333333333,0.25,0.4166666666666667,0.0,0.0
4313,3,soft_state_jump,10,1020,3,4,3,0.3,0.4,0.3,0.2,0.4,0.2,0.0
4314,2,soft_dt_jump,9,680,3,4,2,0.3333333333333333,0.4444444444444444,0.2222222222222222,0.1111111111111111,0.6666666666666666,0.1111111111111111,0.0
4315,3,soft_dt_jump,15,890,6,7,2,0.4,0.4666666666666667,0.13333333333333333,0.4,0.4,0.4,0.0
4316,3,soft_dt_jump,12,1040,4,7,1,0.3333333333333333,0.5833333333333334,0.08333333333333333,0.0,0.6666666666666666,0.0,0.0
4317,3,soft_dt_jump,13,3120,2,7,4,0.15384615384615385,0.5384615384615384,0.3076923076923077,0.15384615384615385,0.38461538461538464,0.0,0.0
4318,2,soft_side_flip_with_dt_jump,8,1870,3,5,0,0.375,0.625,0.0,0.25,0.75,0.25,0.0
4319,3,soft_dt_jump,16,3690,5,11,0,0.3125,0.6875,0.0,0.375,0.5,0.25,0.0
4320,1,soft_state_jump,23,2850,7,14,2,0.30434782608695654,0.6086956521739131,0.08695652173913043,0.4782608695652174,0.391304347826087,0.2608695652173913,0.0
4321,3,soft_dt_jump,12,1720,4,5,3,0.3333333333333333,0.4166666666666667,0.25,0.25,0.4166666666666667,0.16666666666666666,0.0
4322,3,soft_state_jump,16,1980,5,8,3,0.3125,0.5,0.1875,0.375,0.3125,0.375,0.0
4323,7,soft_dt_jump,33,2630,23,7,3,0.696969696969697,0.21212121212121213,0.09090909090909091,0.0,0.8484848484848485,0.0,0.0
4324,3,soft_dt_jump,14,2210,4,8,2,0.2857142857142857,0.5714285714285714,0.14285714285714285,0.35714285714285715,0.5,0.35714285714285715,0.0
4325,0,soft_dt_jump,49,3340,38,11,0,0.7755102040816326,0.22448979591836735,0.0,0.8571428571428571,0.12244897959183673,0.8571428571428571,0.0
4326,2,soft_dt_jump,12,1460,4,7,1,0.3333333333333333,0.5833333333333334,0.08333333333333333,0.25,0.6666666666666666,0.08333333333333333,0.0
4327,3,soft_dt_jump,17,3190,7,7,3,0.4117647058823529,0.4117647058823529,0.17647058823529413,0.4117647058823529,0.23529411764705882,0.35294117647058826,0.0
4328,2,soft_dt_jump,10,1800,2,7,1,0.2,0.7,0.1,0.2,0.5,0.0,0.0
4329,3,soft_dt_jump,11,1180,2,8,1,0.18181818181818182,0.7272727272727273,0.09090909090909091,0.18181818181818182,0.36363636363636365,0.09090909090909091,0.0
4330,3,soft_dt_jump,8,2030,1,6,1,0.125,0.75,0.125,0.375,0.125,0.25,0.0
4331,3,soft_dt_jump,27,2790,11,13,3,0.4074074074074074,0.48148148148148145,0.1111111111111111,0.1111111111111111,0.5185185185185185,0.0,0.0
4332,0,soft_dt_jump,16,0,15,1,0,0.9375,0.0625,0.0,1.0,0.0,1.0,0.0
4333,6,soft_dt_jump,13,1280,6,4,3,0.46153846153846156,0.3076923076923077,0.23076923076923078,0.7692307692307693,0.0,0.46153846153846156,0.0
4334,3,soft_dt_jump,11,2780,3,5,3,0.2727272727272727,0.45454545454545453,0.2727272727272727,0.2727272727272727,0.2727272727272727,0.18181818181818182,0.09090909090909091
4335,3,soft_dt_jump,14,2710,4,5,5,0.2857142857142857,0.35714285714285715,0.35714285714285715,0.42857142857142855,0.07142857142857142,0.42857142857142855,0.0
4336,5,soft_dt_jump,27,5020,3,21,3,0.1111111111111111,0.7777777777777778,0.1111111111111111,0.4074074074074074,0.2962962962962963,0.25925925925925924,0.037037037037037035
4337,3,soft_dt_jump,10,2540,1,8,1,0.1,0.8,0.1,0.5,0.3,0.2,0.0
4338,3,soft_state_jump,48,9610,9,34,5,0.1875,0.7083333333333334,0.10416666666666667,0.1875,0.4791666666666667,0.0,0.0
4339,1,max_duration_ms,23,6430,5,15,3,0.21739130434782608,0.6521739130434783,0.13043478260869565,0.6086956521739131,0.08695652173913043,0.43478260869565216,0.0
4340,7,soft_dt_jump,8,0,7,1,0,0.875,0.125,0.0,0.0,0.75,0.0,0.0
4341,6,soft_dt_jump,30,2510,19,9,2,0.6333333333333333,0.3,0.06666666666666667,0.7666666666666667,0.06666666666666667,0.06666666666666667,0.0
4342,3,soft_dt_jump,23,4040,3,19,1,0.13043478260869565,0.8260869565217391,0.043478260869565216,0.2608695652173913,0.2608695652173913,0.17391304347826086,0.0
4343,3,soft_state_jump,8,560,1,4,3,0.125,0.5,0.375,0.5,0.125,0.125,0.0
4344,6,soft_dt_jump,11,2570,4,7,0,0.36363636363636365,0.6363636363636364,0.0,0.8181818181818182,0.09090909090909091,0.5454545454545454,0.0
4345,6,soft_side_flip_with_dt_jump,8,730,5,3,0,0.625,0.375,0.0,1.0,0.0,0.125,0.0
4346,3,soft_dt_jump,14,3680,1,12,1,0.07142857142857142,0.8571428571428571,0.07142857142857142,0.42857142857142855,0.14285714285714285,0.14285714285714285,0.0
4347,3,soft_state_jump,15,4890,1,13,1,0.06666666666666667,0.8666666666666667,0.06666666666666667,0.26666666666666666,0.26666666666666666,0.13333333333333333,0.0
4348,3,soft_dt_jump,23,4070,1,16,6,0.043478260869565216,0.6956521739130435,0.2608695652173913,0.21739130434782608,0.2608695652173913,0.13043478260869565,0.0
4349,1,soft_side_flip_with_dt_jump,26,4750,7,15,4,0.2692307692307692,0.5769230769230769,0.15384615384615385,0.23076923076923078,0.5384615384615384,0.15384615384615385,0.0
4350,6,soft_dt_jump,30,2230,19,9,2,0.6333333333333333,0.3,0.06666666666666667,0.7666666666666667,0.06666666666666667,0.6666666666666666,0.0
4351,3,soft_dt_jump,9,3890,0,8,1,0.0,0.8888888888888888,0.1111111111111111,0.1111111111111111,0.2222222222222222,0.0,0.0
4352,3,soft_dt_jump,18,3280,5,10,3,0.2777777777777778,0.5555555555555556,0.16666666666666666,0.4444444444444444,0.2222222222222222,0.3888888888888889,0.0
4353,2,soft_dt_jump,12,1630,4,8,0,0.3333333333333333,0.6666666666666666,0.0,0.25,0.4166666666666667,0.16666666666666666,0.0
4354,6,soft_dt_jump,14,1790,8,3,3,0.5714285714285714,0.21428571428571427,0.21428571428571427,0.7857142857142857,0.0,0.7142857142857143,0.0
4355,1,soft_dt_jump,32,9970,3,26,3,0.09375,0.8125,0.09375,0.46875,0.1875,0.3125,0.0
4356,6,max_duration_ms,24,3650,10,11,3,0.4166666666666667,0.4583333333333333,0.125,0.5833333333333334,0.16666666666666666,0.5416666666666666,0.0
4357,6,soft_dt_jump,15,1480,5,7,3,0.3333333333333333,0.4666666666666667,0.2,0.7333333333333333,0.06666666666666667,0.5333333333333333,0.0
4358,6,soft_dt_jump,17,4030,6,9,2,0.35294117647058826,0.5294117647058824,0.11764705882352941,0.7647058823529411,0.058823529411764705,0.5294117647058824,0.0
4359,6,soft_dt_jump,18,1740,11,7,0,0.6111111111111112,0.3888888888888889,0.0,0.8888888888888888,0.1111111111111111,0.7222222222222222,0.0
4360,3,soft_dt_jump,8,750,1,4,3,0.125,0.5,0.375,0.125,0.25,0.125,0.0
4361,3,soft_state_jump,17,5600,1,14,2,0.058823529411764705,0.8235294117647058,0.11764705882352941,0.47058823529411764,0.0,0.29411764705882354,0.0
4362,0,soft_state_jump,31,1300,26,2,3,0.8387096774193549,0.06451612903225806,0.0967741935483871,0.9032258064516129,0.0,0.8709677419354839,0.0
4363,3,soft_dt_jump,13,3590,2,8,3,0.15384615384615385,0.6153846153846154,0.23076923076923078,0.46153846153846156,0.23076923076923078,0.23076923076923078,0.0
4364,3,soft_dt_jump,20,5900,3,12,5,0.15,0.6,0.25,0.35,0.25,0.15,0.0
4365,6,soft_dt_jump,8,870,2,5,1,0.25,0.625,0.125,0.625,0.125,0.5,0.0
4366,3,soft_dt_jump,25,5250,6,13,6,0.24,0.52,0.24,0.24,0.36,0.12,0.0
4367,3,soft_state_jump,10,2420,1,8,1,0.1,0.8,0.1,0.2,0.4,0.2,0.0
4368,3,soft_side_flip_with_dt_jump,9,2270,1,6,2,0.1111111111111111,0.6666666666666666,0.2222222222222222,0.3333333333333333,0.3333333333333333,0.2222222222222222,0.0
4369,6,soft_state_jump,17,1400,10,5,2,0.5882352941176471,0.29411764705882354,0.11764705882352941,0.6470588235294118,0.17647058823529413,0.5294117647058824,0.0
4370,3,soft_dt_jump,15,5210,1,9,5,0.06666666666666667,0.6,0.3333333333333333,0.2,0.2,0.06666666666666667,0.0
4371,3,soft_dt_jump,18,4500,4,9,5,0.2222222222222222,0.5,0.2777777777777778,0.4444444444444444,0.2222222222222222,0.3333333333333333,0.0
4372,1,soft_dt_jump,22,3110,6,14,2,0.2727272727272727,0.6363636363636364,0.09090909090909091,0.5909090909090909,0.13636363636363635,0.3181818181818182,0.0
4373,1,soft_dt_jump,21,3550,5,11,5,0.23809523809523808,0.5238095238095238,0.23809523809523808,0.42857142857142855,0.23809523809523808,0.2857142857142857,0.0
4374,2,soft_state_jump,12,2710,1,10,1,0.08333333333333333,0.8333333333333334,0.08333333333333333,0.75,0.08333333333333333,0.3333333333333333,0.0
4375,6,soft_state_jump,21,5780,7,13,1,0.3333333333333333,0.6190476190476191,0.047619047619047616,0.6190476190476191,0.19047619047619047,0.47619047619047616,0.0
4376,3,soft_dt_jump,12,1730,1,7,4,0.08333333333333333,0.5833333333333334,0.3333333333333333,0.3333333333333333,0.25,0.08333333333333333,0.0
4377,6,soft_state_jump,17,2990,7,6,4,0.4117647058823529,0.35294117647058826,0.23529411764705882,0.6470588235294118,0.058823529411764705,0.5882352941176471,0.0
4378,6,soft_dt_jump,28,4100,16,11,1,0.5714285714285714,0.39285714285714285,0.03571428571428571,0.7142857142857143,0.17857142857142858,0.5714285714285714,0.0
4379,2,soft_dt_jump,14,2540,3,11,0,0.21428571428571427,0.7857142857142857,0.0,0.2857142857142857,0.6428571428571429,0.0,0.0
4380,3,soft_side_flip_with_dt_jump,14,2490,3,9,2,0.21428571428571427,0.6428571428571429,0.14285714285714285,0.35714285714285715,0.42857142857142855,0.21428571428571427,0.0
4381,3,soft_dt_jump,19,2580,6,10,3,0.3157894736842105,0.5263157894736842,0.15789473684210525,0.3684210526315789,0.3157894736842105,0.2631578947368421,0.0
4382,3,soft_state_jump,9,630,3,5,1,0.3333333333333333,0.5555555555555556,0.1111111111111111,0.1111111111111111,0.5555555555555556,0.0,0.0
4383,2,soft_dt_jump,8,610,4,4,0,0.5,0.5,0.0,0.125,0.625,0.125,0.0
4384,2,soft_side_flip_with_dt_jump,13,760,5,7,1,0.38461538461538464,0.5384615384615384,0.07692307692307693,0.23076923076923078,0.6923076923076923,0.07692307692307693,0.0
4385,6,soft_dt_jump,11,2590,5,5,1,0.45454545454545453,0.45454545454545453,0.09090909090909091,0.45454545454545453,0.36363636363636365,0.45454545454545453,0.0
4386,3,soft_dt_jump,16,3810,4,10,2,0.25,0.625,0.125,0.5,0.375,0.3125,0.0
4387,3,soft_state_jump,15,2710,3,11,1,0.2,0.7333333333333333,0.06666666666666667,0.3333333333333333,0.26666666666666666,0.2,0.0
4388,2,soft_state_jump,8,400,4,4,0,0.5,0.5,0.0,0.5,0.5,0.375,0.0
4389,2,soft_dt_jump,17,4220,6,9,2,0.35294117647058826,0.5294117647058824,0.11764705882352941,0.17647058823529413,0.6470588235294118,0.11764705882352941,0.0
4390,3,soft_dt_jump,9,1270,3,5,1,0.3333333333333333,0.5555555555555556,0.1111111111111111,0.4444444444444444,0.3333333333333333,0.3333333333333333,0.0
4391,0,soft_side_flip_with_dt_jump,11,500,7,3,1,0.6363636363636364,0.2727272727272727,0.09090909090909091,0.9090909090909091,0.0,0.7272727272727273,0.0
4392,0,soft_dt_jump,22,1160,19,3,0,0.8636363636363636,0.13636363636363635,0.0,1.0,0.0,0.9090909090909091,0.0
4393,6,soft_dt_jump,8,1750,4,3,1,0.5,0.375,0.125,0.375,0.375,0.375,0.0
4394,1,soft_dt_jump,24,5200,4,15,5,0.16666666666666666,0.625,0.20833333333333334,0.5416666666666666,0.20833333333333334,0.375,0.0
4395,6,soft_state_jump,9,1140,4,5,0,0.4444444444444444,0.5555555555555556,0.0,0.6666666666666666,0.2222222222222222,0.5555555555555556,0.0
4396,2,soft_dt_jump,8,500,2,4,2,0.25,0.5,0.25,0.5,0.25,0.375,0.0
4397,6,soft_side_flip_with_dt_jump,10,1060,2,6,2,0.2,0.6,0.2,0.6,0.0,0.6,0.0
4398,3,soft_dt_jump,18,5080,2,13,3,0.1111111111111111,0.7222222222222222,0.16666666666666666,0.5,0.1111111111111111,0.3888888888888889,0.0
4399,0,soft_dt_jump,24,0,23,1,0,0.9583333333333334,0.041666666666666664,0.0,1.0,0.0,1.0,0.0
4400,6,soft_dt_jump,8,590,5,2,1,0.625,0.25,0.125,0.875,0.0,0.75,0.0
4401,0,soft_dt_jump,20,1390,16,4,0,0.8,0.2,0.0,0.9,0.1,0.8,0.0
4402,6,soft_dt_jump,14,2740,5,7,2,0.35714285714285715,0.5,0.14285714285714285,0.7857142857142857,0.0,0.5714285714285714,0.0
4403,6,soft_dt_jump,8,1600,1,6,1,0.125,0.75,0.125,0.75,0.125,0.375,0.0
4404,6,soft_state_jump,8,220,5,3,0,0.625,0.375,0.0,1.0,0.0,0.625,0.0
4405,3,soft_side_flip_with_dt_jump,14,2400,1,10,3,0.07142857142857142,0.7142857142857143,0.21428571428571427,0.5714285714285714,0.0,0.5,0.0
4406,6,soft_state_jump,9,610,4,3,2,0.4444444444444444,0.3333333333333333,0.2222222222222222,0.6666666666666666,0.1111111111111111,0.6666666666666666,0.0
4407,3,soft_dt_jump,16,2640,5,10,1,0.3125,0.625,0.0625,0.625,0.25,0.375,0.0
4408,6,soft_dt_jump,10,350,5,3,2,0.5,0.3,0.2,0.7,0.1,0.5,0.0
4409,6,soft_dt_jump,15,1320,9,5,1,0.6,0.3333333333333333,0.06666666666666667,0.5333333333333333,0.2,0.4666666666666667,0.0
4410,7,soft_dt_jump,14,2070,7,3,4,0.5,0.21428571428571427,0.2857142857142857,0.07142857142857142,0.5,0.0,0.0
4411,0,soft_dt_jump,12,100,10,1,1,0.8333333333333334,0.08333333333333333,0.08333333333333333,0.9166666666666666,0.0,0.9166666666666666,0.0
4412,2,soft_dt_jump,8,910,4,4,0,0.5,0.5,0.0,0.0,1.0,0.0,0.0
4413,3,soft_dt_jump,10,1250,3,6,1,0.3,0.6,0.1,0.0,0.6,0.0,0.0
4414,0,soft_state_jump,8,0,7,1,0,0.875,0.125,0.0,1.0,0.0,0.5,0.0
4415,6,soft_dt_jump,16,2530,5,9,2,0.3125,0.5625,0.125,0.6875,0.1875,0.5625,0.0
4416,3,soft_state_jump,19,2490,5,10,4,0.2631578947368421,0.5263157894736842,0.21052631578947367,0.21052631578947367,0.42105263157894735,0.10526315789473684,0.0
4417,6,soft_side_flip_with_dt_jump,8,520,4,4,0,0.5,0.5,0.0,1.0,0.0,0.5,0.0
4418,6,soft_dt_jump,9,1230,5,4,0,0.5555555555555556,0.4444444444444444,0.0,1.0,0.0,0.0,0.0
4419,6,soft_dt_jump,19,730,9,9,1,0.47368421052631576,0.47368421052631576,0.05263157894736842,0.8947368421052632,0.0,0.3684210526315789,0.0
4420,1,soft_dt_jump,16,2610,3,12,1,0.1875,0.75,0.0625,0.625,0.125,0.25,0.0
4421,0,soft_state_jump,8,120,6,1,1,0.75,0.125,0.125,0.875,0.0,0.875,0.0
4422,3,soft_dt_jump,11,1650,2,6,3,0.18181818181818182,0.5454545454545454,0.2727272727272727,0.36363636363636365,0.2727272727272727,0.18181818181818182,0.0
4423,3,soft_dt_jump,10,2940,2,7,1,0.2,0.7,0.1,0.5,0.2,0.3,0.0
4424,3,soft_state_jump,12,2570,2,8,2,0.16666666666666666,0.6666666666666666,0.16666666666666666,0.5,0.25,0.16666666666666666,0.0
4425,3,soft_state_jump,14,2580,4,8,2,0.2857142857142857,0.5714285714285714,0.14285714285714285,0.35714285714285715,0.35714285714285715,0.21428571428571427,0.0
4426,3,soft_dt_jump,23,4710,6,13,4,0.2608695652173913,0.5652173913043478,0.17391304347826086,0.5217391304347826,0.2608695652173913,0.391304347826087,0.0
4427,0,soft_dt_jump,9,0,8,1,0,0.8888888888888888,0.1111111111111111,0.0,1.0,0.0,1.0,0.0
4428,7,soft_dt_jump,8,310,6,2,0,0.75,0.25,0.0,0.125,0.875,0.125,0.0
4429,3,soft_dt_jump,11,1110,4,6,1,0.36363636363636365,0.5454545454545454,0.09090909090909091,0.36363636363636365,0.5454545454545454,0.2727272727272727,0.0
4430,0,soft_dt_jump,52,850,47,4,1,0.9038461538461539,0.07692307692307693,0.019230769230769232,0.9615384615384616,0.0,0.019230769230769232,0.0
4431,6,soft_dt_jump,9,1710,2,7,0,0.2222222222222222,0.7777777777777778,0.0,0.7777777777777778,0.0,0.1111111111111111,0.0
4432,6,soft_state_jump,8,2760,1,7,0,0.125,0.875,0.0,0.75,0.125,0.25,0.0
4433,2,soft_state_jump,14,2470,4,9,1,0.2857142857142857,0.6428571428571429,0.07142857142857142,0.21428571428571427,0.5714285714285714,0.07142857142857142,0.0
4434,0,hard_boundary_candidate,9,140,7,2,0,0.7777777777777778,0.2222222222222222,0.0,1.0,0.0,1.0,0.0
4435,6,soft_dt_jump,9,1060,3,6,0,0.3333333333333333,0.6666666666666666,0.0,0.8888888888888888,0.0,0.6666666666666666,0.0
4436,2,hard_boundary_candidate,1,0,0,1,0,0.0,0.8888888888888888,0.0,1.0,0.0,0.0,0.0
4437,3,hard_boundary_candidate,11,1270,2,7,2,0.18181818181818182,0.6363636363636364,0.18181818181818182,0.45454545454545453,0.2727272727272727,0.18181818181818182,0.0
4438,3,soft_dt_jump,13,1130,3,7,3,0.23076923076923078,0.5384615384615384,0.23076923076923078,0.3076923076923077,0.3076923076923077,0.23076923076923078,0.0
4439,3,soft_state_jump,9,2040,2,5,2,0.2222222222222222,0.5555555555555556,0.2222222222222222,0.1111111111111111,0.5555555555555556,0.1111111111111111,0.0
4440,3,soft_dt_jump,13,3010,3,9,1,0.23076923076923078,0.6923076923076923,0.07692307692307693,0.5384615384615384,0.3076923076923077,0.23076923076923078,0.0
4441,3,soft_dt_jump,14,2980,3,7,4,0.21428571428571427,0.5,0.2857142857142857,0.5,0.14285714285714285,0.35714285714285715,0.0
4442,6,soft_state_jump,8,2230,3,4,1,0.375,0.5,0.125,0.75,0.0,0.5,0.0
4443,6,soft_state_jump,8,1180,3,5,0,0.375,0.625,0.0,0.625,0.25,0.5,0.0
4444,2,soft_dt_jump,11,3360,2,9,0,0.18181818181818182,0.8181818181818182,0.0,0.7272727272727273,0.18181818181818182,0.45454545454545453,0.0
4445,2,soft_state_jump,11,2070,0,9,2,0.0,0.8181818181818182,0.18181818181818182,0.5454545454545454,0.18181818181818182,0.18181818181818182,0.0
4446,3,soft_dt_jump,9,2000,2,5,2,0.2222222222222222,0.5555555555555556,0.2222222222222222,0.0,0.5555555555555556,0.0,0.0
4447,6,soft_dt_jump,8,1060,5,3,0,0.625,0.375,0.0,1.0,0.0,0.75,0.0
4448,3,soft_dt_jump,14,2790,1,10,3,0.07142857142857142,0.7142857142857143,0.21428571428571427,0.2857142857142857,0.2857142857142857,0.14285714285714285,0.0
4449,6,soft_side_flip_with_dt_jump,13,1430,8,5,0,0.6153846153846154,0.38461538461538464,0.0,0.9230769230769231,0.0,0.8461538461538461,0.0
4450,2,soft_dt_jump,11,1790,2,8,1,0.18181818181818182,0.7272727272727273,0.09090909090909091,0.45454545454545453,0.36363636363636365,0.18181818181818182,0.0
4451,3,soft_dt_jump,8,1600,2,3,3,0.25,0.375,0.375,0.625,0.0,0.5,0.0
4452,2,soft_dt_jump,8,2510,1,5,2,0.125,0.625,0.25,0.75,0.0,0.375,0.0
4453,3,soft_dt_jump,18,3290,3,10,5,0.16666666666666666,0.5555555555555556,0.2777777777777778,0.4444444444444444,0.2222222222222222,0.3333333333333333,0.0
4454,6,soft_dt_jump,19,1170,11,7,1,0.5789473684210527,0.3684210526315789,0.05263157894736842,0.8421052631578947,0.10526315789473684,0.6842105263157895,0.0
4455,2,soft_dt_jump,16,1920,5,10,1,0.3125,0.625,0.0625,0.4375,0.375,0.1875,0.0
4456,6,soft_side_flip_with_dt_jump,9,150,4,5,0,0.4444444444444444,0.5555555555555556,0.0,0.4444444444444444,0.3333333333333333,0.4444444444444444,0.0
4457,1,soft_dt_jump,27,5930,6,16,5,0.2222222222222222,0.5925925925925926,0.18518518518518517,0.5185185185185185,0.18518518518518517,0.2962962962962963,0.0
4458,6,soft_dt_jump,8,930,3,4,1,0.375,0.5,0.125,0.5,0.125,0.5,0.0
4459,2,soft_side_flip_with_dt_jump,17,2630,2,13,2,0.11764705882352941,0.7647058823529411,0.11764705882352941,0.47058823529411764,0.23529411764705882,0.23529411764705882,0.0
4460,2,soft_state_jump,12,2670,2,9,1,0.16666666666666666,0.75,0.08333333333333333,0.5833333333333334,0.16666666666666666,0.25,0.0
4461,1,soft_state_jump,26,5840,7,15,4,0.2692307692307692,0.5769230769230769,0.15384615384615385,0.46153846153846156,0.34615384615384615,0.3076923076923077,0.0
4462,7,soft_state_jump,13,1280,9,4,0,0.6923076923076923,0.3076923076923077,0.0,0.23076923076923078,0.6923076923076923,0.23076923076923078,0.0
4463,3,soft_dt_jump,10,3180,1,6,3,0.1,0.6,0.3,0.6,0.1,0.3,0.0
4464,2,soft_side_flip_with_dt_jump,11,2490,4,7,0,0.36363636363636365,0.6363636363636364,0.0,0.36363636363636365,0.45454545454545453,0.18181818181818182,0.0
4465,6,soft_state_jump,8,1920,1,6,1,0.125,0.75,0.125,0.625,0.125,0.5,0.0
4466,0,soft_dt_jump,15,670,11,3,1,0.7333333333333333,0.2,0.06666666666666667,0.7333333333333333,0.13333333333333333,0.6666666666666666,0.0
4467,1,soft_dt_jump,27,6720,5,18,4,0.18518518518518517,0.6666666666666666,0.14814814814814814,0.5555555555555556,0.18518518518518517,0.25925925925925924,0.0
4468,3,soft_state_jump,13,2630,1,9,3,0.07692307692307693,0.6923076923076923,0.23076923076923078,0.5384615384615384,0.07692307692307693,0.23076923076923078,0.0
4469,2,soft_state_jump,13,2810,2,10,1,0.15384615384615385,0.7692307692307693,0.07692307692307693,0.3076923076923077,0.38461538461538464,0.0,0.0
4470,6,soft_state_jump,11,1790,2,7,2,0.18181818181818182,0.6363636363636364,0.18181818181818182,0.6363636363636364,0.09090909090909091,0.5454545454545454,0.0
4471,3,soft_dt_jump,17,4260,4,9,4,0.23529411764705882,0.5294117647058824,0.23529411764705882,0.35294117647058826,0.35294117647058826,0.17647058823529413,0.0
4472,7,soft_dt_jump,10,350,7,3,0,0.7,0.3,0.0,0.3,0.7,0.3,0.0
4473,3,soft_dt_jump,18,2190,6,7,5,0.3333333333333333,0.3888888888888889,0.2777777777777778,0.5,0.1111111111111111,0.4444444444444444,0.0
4474,2,soft_dt_jump,16,4400,1,14,1,0.0625,0.875,0.0625,0.5625,0.25,0.125,0.0
4475,2,soft_dt_jump,8,1480,2,5,1,0.25,0.625,0.125,0.625,0.25,0.25,0.0
4476,0,soft_state_jump,8,280,5,2,1,0.625,0.25,0.125,0.75,0.0,0.75,0.0
4477,3,soft_dt_jump,13,2420,3,9,1,0.23076923076923078,0.6923076923076923,0.07692307692307693,0.5384615384615384,0.23076923076923078,0.38461538461538464,0.0
4478,7,soft_state_jump,16,510,11,4,1,0.6875,0.25,0.0625,0.1875,0.75,0.125,0.0
4479,6,soft_dt_jump,8,240,5,2,1,0.625,0.25,0.125,0.5,0.375,0.5,0.0
4480,1,soft_dt_jump,24,4840,5,16,3,0.20833333333333334,0.6666666666666666,0.125,0.375,0.375,0.25,0.0
4481,3,soft_state_jump,16,2790,2,11,3,0.125,0.6875,0.1875,0.25,0.375,0.125,0.0
4482,6,soft_state_jump,19,1150,12,7,0,0.631578947368421,0.3684210526315789,0.0,0.7894736842105263,0.21052631578947367,0.631578947368421,0.0
4483,6,soft_dt_jump,9,850,4,4,1,0.4444444444444444,0.4444444444444444,0.1111111111111111,0.5555555555555556,0.3333333333333333,0.5555555555555556,0.0
4484,6,soft_dt_jump,8,70,5,3,0,0.625,0.375,0.0,0.5,0.5,0.5,0.0
4485,3,soft_side_flip_with_dt_jump,13,2380,3,5,5,0.23076923076923078,0.38461538461538464,0.38461538461538464,0.5384615384615384,0.07692307692307693,0.38461538461538464,0.0
4486,1,soft_state_jump,21,7890,6,12,3,0.2857142857142857,0.5714285714285714,0.14285714285714285,0.6666666666666666,0.09523809523809523,0.47619047619047616,0.0
4487,2,soft_dt_jump,11,2570,3,7,1,0.2727272727272727,0.6363636363636364,0.09090909090909091,0.45454545454545453,0.2727272727272727,0.18181818181818182,0.0
4488,2,soft_dt_jump,16,1140,5,10,1,0.3125,0.625,0.0625,0.5,0.3125,0.25,0.0
4489,3,soft_dt_jump,10,2750,3,4,3,0.3,0.4,0.3,0.6,0.0,0.6,0.0
4490,6,soft_dt_jump,17,3100,4,11,2,0.23529411764705882,0.6470588235294118,0.11764705882352941,0.6470588235294118,0.23529411764705882,0.47058823529411764,0.0
4491,6,soft_dt_jump,12,2730,6,6,0,0.5,0.5,0.0,0.5,0.4166666666666667,0.3333333333333333,0.0
4492,6,soft_dt_jump,9,1400,2,5,2,0.2222222222222222,0.5555555555555556,0.2222222222222222,0.6666666666666666,0.1111111111111111,0.6666666666666666,0.0
4493,0,soft_dt_jump,13,1570,9,2,2,0.6923076923076923,0.15384615384615385,0.15384615384615385,0.8461538461538461,0.0,0.8461538461538461,0.0
4494,6,soft_dt_jump,15,2360,7,5,3,0.4666666666666667,0.3333333333333333,0.2,0.4666666666666667,0.3333333333333333,0.4,0.0
4495,3,soft_dt_jump,16,2560,6,9,1,0.375,0.5625,0.0625,0.0625,0.5625,0.0,0.0
4496,2,soft_dt_jump,8,530,2,5,1,0.25,0.625,0.125,0.25,0.5,0.0,0.0
4497,7,soft_dt_jump,9,860,5,3,1,0.5555555555555556,0.3333333333333333,0.1111111111111111,0.2222222222222222,0.4444444444444444,0.1111111111111111,0.0
4498,3,soft_dt_jump,6,1590,0,4,2,0.0,0.6666666666666666,0.3333333333333333,0.3333333333333333,0.16666666666666666,0.16666666666666666,0.0
4499,5,hard_boundary_candidate,10,30,2,4,4,0.2,0.4,0.4,0.3,0.3,0.2,0.0
4500,4,soft_dt_jump,18,0,4,9,5,0.2222222222222222,0.5,0.2777777777777778,0.2222222222222222,0.4444444444444444,0.0,0.0
4501,5,soft_dt_jump,16,10,6,5,5,0.375,0.3125,0.3125,0.6875,0.0,0.5,0.0
4502,5,soft_dt_jump,8,20,2,3,3,0.25,0.375,0.375,0.375,0.125,0.375,0.0
4503,5,soft_dt_jump,23,20,6,12,5,0.2608695652173913,0.5217391304347826,0.21739130434782608,0.5217391304347826,0.17391304347826086,0.391304347826087,0.043478260869565216
4504,4,soft_dt_jump,15,0,4,10,1,0.26666666666666666,0.6666666666666666,0.06666666666666667,0.13333333333333333,0.6,0.06666666666666667,0.0
4505,5,soft_dt_jump,12,0,3,9,0,0.25,0.75,0.0,0.5,0.16666666666666666,0.16666666666666666,0.16666666666666666
4506,5,soft_dt_jump,19,0,6,10,3,0.3157894736842105,0.5263157894736842,0.15789473684210525,0.3684210526315789,0.05263157894736842,0.21052631578947367,0.15789473684210525
4507,5,soft_dt_jump,17,0,5,9,3,0.29411764705882354,0.5294117647058824,0.17647058823529413,0.6470588235294118,0.0,0.35294117647058826,0.0
4508,5,soft_dt_jump,10,0,2,6,2,0.2,0.6,0.2,0.6,0.0,0.3,0.0
4509,4,soft_dt_jump,8,10,1,6,1,0.125,0.75,0.125,0.5,0.375,0.0,0.0
4510,5,soft_dt_jump,9,20,0,6,3,0.0,0.6666666666666666,0.3333333333333333,0.3333333333333333,0.1111111111111111,0.2222222222222222,0.1111111111111111
4511,5,soft_dt_jump,10,0,4,3,3,0.4,0.3,0.3,0.4,0.2,0.3,0.1
4512,5,soft_dt_jump,8,0,2,6,0,0.25,0.75,0.0,0.125,0.375,0.0,0.25
4513,5,soft_dt_jump,20,10,6,10,4,0.3,0.5,0.2,0.35,0.2,0.2,0.2
4514,5,soft_dt_jump,10,10,2,7,1,0.2,0.7,0.1,0.4,0.2,0.2,0.0
4515,5,soft_dt_jump,17,10,2,8,7,0.11764705882352941,0.47058823529411764,0.4,0.35294117647058826,0.11764705882352941,0.23529411764705882,0.0
4516,4,soft_dt_jump,12,0,3,8,1,0.25,0.6666666666666666,0.08333333333333333,0.5833333333333334,0.16666666666666666,0.3333333333333333,0.0
4517,5,soft_dt_jump,16,10,3,9,4,0.1875,0.5625,0.25,0.25,0.125,0.1875,0.1875
4518,5,soft_dt_jump,13,0,3,8,2,0.23076923076923078,0.6153846153846154,0.15384615384615385,0.3076923076923077,0.3076923076923077,0.07692307692307693,0.15384615384615385
4519,5,soft_dt_jump,8,0,2,5,1,0.25,0.625,0.125,0.5,0.125,0.125,0.125
4520,5,soft_dt_jump,13,0,3,7,3,0.23076923076923078,0.5384615384615384,0.23076923076923078,0.15384615384615385,0.15384615384615385,0.07692307692307693,0.23076923076923078
4521,0,soft_dt_jump,36,20,28,6,2,0.7777777777777778,0.16666666666666666,0.05555555555555555,0.8333333333333334,0.027777777777777776,0.75,0.08333333333333333
4522,5,soft_dt_jump,11,0,4,6,1,0.36363636363636365,0.5454545454545454,0.09090909090909091,0.8181818181818182,0.0,0.6363636363636364,0.0
4523,4,soft_dt_jump,8,0,1,6,1,0.125,0.75,0.125,0.375,0.25,0.125,0.0
4524,5,soft_dt_jump,8,20,2,5,1,0.25,0.625,0.125,0.5,0.25,0.25,0.0
4525,5,soft_dt_jump,20,20,6,12,2,0.3,0.6,0.1,0.35,0.3,0.15,0.1
4526,5,soft_dt_jump,9,10,1,5,3,0.1111111111111111,0.5555555555555556,0.3333333333333333,0.1111111111111111,0.1111111111111111,0.0,0.2222222222222222
4527,5,soft_dt_jump,18,10,2,13,3,0.1111111111111111,0.7222222222222222,0.16666666666666666,0.6111111111111112,0.1111111111111111,0.1111111111111111,0.05555555555555555
4528,5,soft_dt_jump,22,10,6,12,4,0.2727272727272727,0.5454545454545454,0.18181818181818182,0.5454545454545454,0.13636363636363635,0.2727272727272727,0.0
4529,4,soft_dt_jump,13,0,4,7,2,0.3076923076923077,0.5384615384615384,0.15384615384615385,0.6923076923076923,0.07692307692307693,0.46153846153846156,0.0
4530,4,soft_dt_jump,9,0,0,8,1,0.0,0.8888888888888888,0.1111111111111111,0.6666666666666666,0.0,0.0,0.0
4531,4,soft_dt_jump,8,0,3,5,0,0.375,0.625,0.0,1.0,0.0,0.75,0.0
4532,5,soft_dt_jump,11,0,2,7,2,0.18181818181818182,0.6363636363636364,0.18181818181818182,0.45454545454545453,0.0,0.2727272727272727,0.18181818181818182
4533,5,soft_dt_jump,9,10,1,7,1,0.1111111111111111,0.7777777777777778,0.1111111111111111,0.4444444444444444,0.2222222222222222,0.2222222222222222,0.1111111111111111
4534,5,soft_dt_jump,11,10,2,6,3,0.18181818181818182,0.5454545454545454,0.2727272727272727,0.45454545454545453,0.0,0.18181818181818182,0.09090909090909091
4535,0,soft_dt_jump,12,0,6,4,2,0.5,0.3333333333333333,0.16666666666666666,0.75,0.08333333333333333,0.5833333333333334,0.0
4536,4,soft_dt_jump,16,20,1,13,2,0.0625,0.8125,0.125,0.5625,0.0625,0.25,0.0
4537,5,soft_dt_jump,9,10,0,6,3,0.0,0.6666666666666666,0.3333333333333333,0.2222222222222222,0.3333333333333333,0.0,0.0
4538,5,soft_dt_jump,13,20,1,7,5,0.07692307692307693,0.5384615384615384,0.38461538461538464,0.38461538461538464,0.07692307692307693,0.23076923076923078,0.07692307692307693
4539,5,soft_dt_jump,8,0,1,6,1,0.125,0.75,0.125,0.625,0.0,0.25,0.25
4540,4,soft_dt_jump,14,10,0,12,2,0.0,0.8571428571428571,0.14285714285714285,0.7857142857142857,0.07142857142857142,0.2857142857142857,0.0
4541,5,soft_dt_jump,13,0,5,8,0,0.38461538461538464,0.6153846153846154,0.0,0.3076923076923077,0.38461538461538464,0.15384615384615385,0.23076923076923078
4542,4,soft_dt_jump,12,10,1,9,2,0.08333333333333333,0.75,0.16666666666666666,0.3333333333333333,0.25,0.08333333333333333,0.0
4543,5,soft_dt_jump,16,20,2,10,4,0.125,0.625,0.25,0.625,0.0,0.3125,0.0
4544,4,soft_dt_jump,10,0,1,8,1,0.1,0.8,0.1,0.4,0.2,0.0,0.0
4545,5,soft_dt_jump,15,10,2,12,1,0.13333333333333333,0.8,0.06666666666666667,0.3333333333333333,0.2,0.06666666666666667,0.06666666666666667
4546,4,soft_dt_jump,8,0,0,7,1,0.0,0.875,0.125,0.75,0.0,0.125,0.0
4547,5,soft_dt_jump,16,10,0,9,7,0.0,0.5625,0.4,0.375,0.0,0.0,0.0
4548,4,soft_dt_jump,9,0,0,9,0,0.0,0.8888888888888888,0.0,0.8888888888888888,0.0,0.0,0.0
4549,5,soft_dt_jump,9,10,1,4,4,0.1111111111111111,0.4444444444444444,0.4,0.3333333333333333,0.0,0.3333333333333333,0.0
4550,5,soft_dt_jump,13,20,2,9,2,0.15384615384615385,0.6923076923076923,0.15384615384615385,0.6923076923076923,0.0,0.3076923076923077,0.0
4551,5,soft_dt_jump,9,20,0,6,3,0.0,0.6666666666666666,0.3333333333333333,0.2222222222222222,0.1111111111111111,0.0,0.0
4552,5,soft_dt_jump,14,20,4,7,3,0.2857142857142857,0.5,0.21428571428571427,0.14285714285714285,0.2857142857142857,0.0,0.21428571428571427
4553,5,soft_dt_jump,9,30,1,7,1,0.1111111111111111,0.7777777777777778,0.1111111111111111,0.4444444444444444,0.2222222222222222,0.0,0.1111111111111111
4554,5,soft_dt_jump,9,0,3,4,2,0.3333333333333333,0.4444444444444444,0.2222222222222222,0.2222222222222222,0.4444444444444444,0.1111111111111111,0.1111111111111111
4555,5,soft_dt_jump,11,10,1,10,0,0.09090909090909091,0.8888888888888888,0.0,0.36363636363636365,0.18181818181818182,0.09090909090909091,0.09090909090909091
4556,5,soft_dt_jump,13,60,2,10,1,0.15384615384615385,0.7692307692307693,0.07692307692307693,0.38461538461538464,0.23076923076923078,0.07692307692307693,0.15384615384615385
4557,5,soft_dt_jump,10,20,3,7,0,0.3,0.7,0.0,0.7,0.1,0.6,0.1
4558,5,soft_dt_jump,16,20,1,10,5,0.0625,0.625,0.3125,0.5,0.0,0.25,0.0
4559,5,soft_dt_jump,10,10,2,3,5,0.2,0.3,0.4,0.3,0.1,0.2,0.1
4560,5,soft_dt_jump,13,10,5,8,0,0.38461538461538464,0.6153846153846154,0.0,0.5384615384615384,0.15384615384615385,0.46153846153846156,0.15384615384615385
4561,5,soft_dt_jump,15,20,4,8,3,0.26666666666666666,0.5333333333333333,0.2,0.4,0.2,0.26666666666666666,0.13333333333333333
4562,5,soft_dt_jump,12,20,2,10,0,0.16666666666666666,0.8333333333333334,0.0,0.4166666666666667,0.0,0.3333333333333333,0.0
4563,5,soft_dt_jump,9,10,3,6,0,0.3333333333333333,0.6666666666666666,0.0,0.4444444444444444,0.1111111111111111,0.2222222222222222,0.3333333333333333
4564,4,soft_dt_jump,12,0,1,11,0,0.08333333333333333,0.8888888888888888,0.0,0.75,0.0,0.16666666666666666,0.0
4565,5,soft_dt_jump,8,20,1,7,0,0.125,0.875,0.0,0.5,0.0,0.25,0.0
4566,5,soft_side_flip_with_dt_jump,9,0,2,6,1,0.2222222222222222,0.6666666666666666,0.1111111111111111,0.6666666666666666,0.0,0.4444444444444444,0.0
4567,5,soft_dt_jump,15,10,4,10,1,0.26666666666666666,0.6666666666666666,0.06666666666666667,0.4666666666666667,0.13333333333333333,0.2,0.26666666666666666
4568,4,soft_dt_jump,9,0,1,7,1,0.1111111111111111,0.7777777777777778,0.1111111111111111,0.5555555555555556,0.0,0.2222222222222222,0.0
4569,5,soft_dt_jump,10,10,2,6,2,0.2,0.6,0.2,0.7,0.0,0.4,0.0
4570,5,soft_dt_jump,9,20,1,6,2,0.1111111111111111,0.6666666666666666,0.2222222222222222,0.3333333333333333,0.0,0.1111111111111111,0.2222222222222222
4571,5,soft_side_flip_with_dt_jump,13,20,2,7,4,0.15384615384615385,0.5384615384615384,0.3076923076923077,0.3076923076923077,0.07692307692307693,0.0,0.23076923076923078
4572,5,soft_dt_jump,12,20,2,9,1,0.16666666666666666,0.75,0.08333333333333333,0.5,0.16666666666666666,0.3333333333333333,0.0
4573,5,soft_dt_jump,9,30,2,7,0,0.2222222222222222,0.7777777777777778,0.0,0.4444444444444444,0.2222222222222222,0.0,0.3333333333333333
4574,4,soft_dt_jump,8,0,3,5,0,0.375,0.625,0.0,0.875,0.0,0.75,0.0
4575,5,soft_dt_jump,10,20,1,7,2,0.1,0.7,0.2,0.4,0.1,0.0,0.1
4576,5,soft_dt_jump,17,90,3,12,2,0.17647058823529413,0.7058823529411765,0.11764705882352941,0.11764705882352941,0.11764705882352941,0.0,0.35294117647058826
4577,5,soft_dt_jump,24,30,7,17,0,0.2916666666666667,0.7083333333333334,0.0,0.375,0.08333333333333333,0.20833333333333334,0.2916666666666667
4578,5,soft_dt_jump,10,10,1,8,1,0.1,0.8,0.1,0.5,0.1,0.2,0.0
4579,5,soft_dt_jump,12,30,1,8,3,0.08333333333333333,0.6666666666666666,0.25,0.6666666666666666,0.0,0.25,0.0
4580,5,soft_dt_jump,8,0,3,5,0,0.375,0.625,0.0,0.75,0.125,0.375,0.125
4581,5,soft_dt_jump,8,0,1,6,1,0.125,0.75,0.125,0.375,0.125,0.125,0.125
4582,5,soft_dt_jump,8,0,1,5,2,0.125,0.625,0.25,0.375,0.125,0.125,0.125
4583,5,soft_dt_jump,10,20,1,5,4,0.1,0.5,0.4,0.6,0.0,0.3,0.0
4584,5,soft_dt_jump,8,30,1,6,1,0.125,0.75,0.125,0.25,0.125,0.0,0.125
4585,5,soft_dt_jump,9,20,1,8,0,0.1111111111111111,0.8888888888888888,0.0,0.3333333333333333,0.1111111111111111,0.0,0.2222222222222222
4586,5,soft_dt_jump,9,20,2,5,2,0.2222222222222222,0.5555555555555556,0.2222222222222222,0.2222222222222222,0.2222222222222222,0.0,0.2222222222222222
4587,5,soft_dt_jump,9,10,0,7,2,0.0,0.7777777777777778,0.2222222222222222,0.1111111111111111,0.3333333333333333,0.0,0.0
4588,5,soft_dt_jump,12,20,1,8,3,0.08333333333333333,0.6666666666666666,0.25,0.5833333333333334,0.0,0.16666666666666666,0.0
4589,5,soft_dt_jump,10,30,2,6,2,0.2,0.6,0.2,0.6,0.0,0.3,0.0
4590,5,soft_dt_jump,9,10,0,8,1,0.0,0.8888888888888888,0.1111111111111111,0.4444444444444444,0.0,0.0,0.0
4591,5,soft_side_flip_with_dt_jump,9,10,0,2,7,0.0,0.2222222222222222,0.4,0.2222222222222222,0.0,0.2222222222222222,0.0
4592,4,soft_dt_jump,10,10,1,9,0,0.1,0.8888888888888888,0.0,0.7,0.0,0.2,0.0
4593,5,soft_dt_jump,8,30,1,6,1,0.125,0.75,0.125,0.5,0.0,0.25,0.0
4594,5,soft_side_flip_with_dt_jump,15,130,0,9,6,0.0,0.6,0.4,0.4,0.13333333333333333,0.06666666666666667,0.0
4595,5,soft_dt_jump,22,200,3,15,4,0.13636363636363635,0.6818181818181818,0.18181818181818182,0.5454545454545454,0.09090909090909091,0.18181818181818182,0.09090909090909091
4596,5,soft_dt_jump,8,20,2,4,2,0.25,0.5,0.25,0.5,0.0,0.375,0.25
4597,5,soft_dt_jump,10,10,2,6,2,0.2,0.6,0.2,0.6,0.0,0.4,0.0
4598,5,soft_dt_jump,13,30,1,7,5,0.07692307692307693,0.5384615384615384,0.38461538461538464,0.23076923076923078,0.0,0.0,0.15384615384615385
4599,5,soft_dt_jump,21,140,0,12,9,0.0,0.5714285714285714,0.4,0.3333333333333333,0.0,0.09523809523809523,0.047619047619047616
4600,5,soft_dt_jump,11,60,1,6,4,0.09090909090909091,0.5454545454545454,0.36363636363636365,0.18181818181818182,0.18181818181818182,0.09090909090909091,0.09090909090909091
4601,5,soft_dt_jump,17,70,6,10,1,0.35294117647058826,0.5882352941176471,0.058823529411764705,0.5882352941176471,0.058823529411764705,0.47058823529411764,0.17647058823529413
4602,5,soft_dt_jump,8,20,2,5,1,0.25,0.625,0.125,0.5,0.125,0.25,0.25
4603,3,soft_dt_jump,21,160,3,10,8,0.14285714285714285,0.47619047619047616,0.38095238095238093,0.42857142857142855,0.09523809523809523,0.19047619047619047,0.0
4604,2,soft_dt_jump,14,110,2,9,3,0.14285714285714285,0.6428571428571429,0.21428571428571427,0.5,0.07142857142857142,0.21428571428571427,0.0
4605,4,soft_dt_jump,15,100,3,10,2,0.2,0.6666666666666666,0.13333333333333333,0.13333333333333333,0.2,0.0,0.0
4606,4,soft_dt_jump,10,40,2,7,1,0.2,0.7,0.1,0.6,0.1,0.2,0.0
4607,2,soft_dt_jump,8,50,1,4,3,0.125,0.5,0.375,0.25,0.25,0.0,0.0
4608,4,soft_dt_jump,8,30,1,7,0,0.125,0.875,0.0,0.5,0.0,0.25,0.0
4609,4,soft_dt_jump,16,90,3,12,1,0.1875,0.75,0.0625,0.5625,0.0625,0.1875,0.0
4610,0,soft_dt_jump,55,50,51,3,1,0.9272727272727272,0.05454545454545454,0.01818181818181818,0.9818181818181818,0.0,0.9636363636363636,0.0
4611,4,soft_dt_jump,8,20,1,6,1,0.125,0.75,0.125,0.125,0.375,0.125,0.0
4612,2,soft_dt_jump,23,330,1,20,2,0.043478260869565216,0.8695652173913043,0.08695652173913043,0.5652173913043478,0.043478260869565216,0.0,0.0
4613,2,soft_dt_jump,14,110,2,8,4,0.14285714285714285,0.5714285714285714,0.2857142857142857,0.5,0.07142857142857142,0.14285714285714285,0.0
4614,2,soft_dt_jump,16,140,5,5,6,0.3125,0.3125,0.375,0.25,0.25,0.125,0.0
4615,3,soft_dt_jump,19,190,0,16,3,0.0,0.8421052631578947,0.15789473684210525,0.42105263157894735,0.0,0.0,0.0
4616,3,soft_dt_jump,9,40,1,6,2,0.1111111111111111,0.6666666666666666,0.2222222222222222,0.2222222222222222,0.0,0.2222222222222222,0.0
4617,1,soft_dt_jump,29,530,5,19,5,0.1724137931034483,0.6551724137931034,0.1724137931034483,0.4827586206896552,0.13793103448275862,0.2413793103448276,0.0
4618,3,soft_dt_jump,24,290,1,14,9,0.041666666666666664,0.5833333333333334,0.375,0.2916666666666667,0.125,0.041666666666666664,0.0
4619,6,soft_dt_jump,12,220,4,7,1,0.3333333333333333,0.5833333333333334,0.08333333333333333,0.5,0.08333333333333333,0.3333333333333333,0.0
4620,2,soft_dt_jump,22,210,4,16,2,0.18181818181818182,0.7272727272727273,0.09090909090909091,0.3181818181818182,0.3181818181818182,0.13636363636363635,0.0
4621,2,soft_dt_jump,14,160,2,10,2,0.14285714285714285,0.7142857142857143,0.14285714285714285,0.42857142857142855,0.14285714285714285,0.07142857142857142,0.0
4622,2,soft_dt_jump,13,130,3,9,1,0.23076923076923078,0.6923076923076923,0.07692307692307693,0.15384615384615385,0.38461538461538464,0.07692307692307693,0.0
4623,1,soft_dt_jump,33,740,7,24,2,0.21212121212121213,0.7272727272727273,0.06060606060606061,0.5757575757575758,0.18181818181818182,0.24242424242424243,0.0
4624,6,soft_dt_jump,9,160,3,4,2,0.3333333333333333,0.4444444444444444,0.2222222222222222,0.4444444444444444,0.1111111111111111,0.3333333333333333,0.0
4625,6,soft_dt_jump,18,530,7,9,2,0.3888888888888889,0.5,0.1111111111111111,0.6111111111111112,0.1111111111111111,0.5,0.0
4626,3,soft_dt_jump,9,200,1,2,6,0.1111111111111111,0.2222222222222222,0.4,0.0,0.1111111111111111,0.0,0.0
4627,3,soft_dt_jump,9,2210,2,5,2,0.2222222222222222,0.5555555555555556,0.2222222222222222,0.5555555555555556,0.1111111111111111,0.4444444444444444,0.0
4628,2,soft_state_jump,9,2320,2,5,2,0.2222222222222222,0.5555555555555556,0.2222222222222222,0.5555555555555556,0.2222222222222222,0.3333333333333333,0.0
4629,3,soft_state_jump,10,2600,3,6,1,0.3,0.6,0.1,0.5,0.4,0.5,0.0
4630,3,soft_dt_jump,13,2440,6,5,2,0.46153846153846156,0.38461538461538464,0.15384615384615385,0.5384615384615384,0.23076923076923078,0.46153846153846156,0.0
4631,2,soft_dt_jump,7,2850,3,4,0,0.42857142857142855,0.5714285714285714,0.0,0.0,0.8571428571428571,0.0,0.0
4632,3,hard_boundary_candidate,35,8790,11,20,4,0.3142857142857143,0.5714285714285714,0.11428571428571428,0.5428571428571428,0.2857142857142857,0.37142857142857144,0.0
4633,6,max_duration_ms,8,420,5,2,1,0.625,0.25,0.125,0.75,0.125,0.625,0.0
4634,1,soft_dt_jump,18,6050,3,12,3,0.16666666666666666,0.6666666666666666,0.16666666666666666,0.4444444444444444,0.2222222222222222,0.2222222222222222,0.0
4635,6,soft_dt_jump,8,430,3,4,1,0.375,0.5,0.125,0.75,0.125,0.625,0.0
4636,6,soft_dt_jump,12,2000,5,4,3,0.4166666666666667,0.3333333333333333,0.25,0.6666666666666666,0.0,0.5,0.0
4637,3,soft_dt_jump,11,4600,3,7,1,0.2727272727272727,0.6363636363636364,0.09090909090909091,0.2727272727272727,0.6363636363636364,0.09090909090909091,0.0
4638,2,soft_state_jump,17,4900,3,12,2,0.17647058823529413,0.7058823529411765,0.11764705882352941,0.6470588235294118,0.17647058823529413,0.29411764705882354,0.0
4639,3,soft_state_jump,8,2780,1,4,3,0.125,0.5,0.375,0.125,0.375,0.125,0.0
4640,3,soft_dt_jump,13,3650,4,6,3,0.3076923076923077,0.46153846153846156,0.23076923076923078,0.38461538461538464,0.38461538461538464,0.38461538461538464,0.0
4641,6,soft_dt_jump,9,1240,5,3,1,0.5555555555555556,0.3333333333333333,0.1111111111111111,0.6666666666666666,0.2222222222222222,0.5555555555555556,0.0
4642,0,soft_dt_jump,64,0,63,1,0,0.984375,0.015625,0.0,1.0,0.0,1.0,0.0
4643,0,max_events_per_episode,57,0,57,0,0,1.0,0.0,0.0,1.0,0.0,1.0,0.0
4644,2,soft_dt_jump,9,920,3,5,1,0.3333333333333333,0.5555555555555556,0.1111111111111111,0.1111111111111111,0.6666666666666666,0.0,0.0
4645,6,soft_dt_jump,10,1280,4,6,0,0.4,0.6,0.0,0.8,0.2,0.6,0.0
4646,6,soft_dt_jump,11,1610,3,6,2,0.2727272727272727,0.5454545454545454,0.18181818181818182,0.6363636363636364,0.18181818181818182,0.36363636363636365,0.0
4647,3,soft_dt_jump,20,5170,6,10,4,0.3,0.5,0.2,0.45,0.25,0.4,0.0
4648,2,soft_dt_jump,11,3760,2,8,1,0.18181818181818182,0.7272727272727273,0.09090909090909091,0.9090909090909091,0.0,0.2727272727272727,0.0
4649,0,soft_dt_jump,64,1940,60,4,0,0.9375,0.0625,0.0,0.984375,0.0,0.984375,0.0
4650,3,max_events_per_episode,22,4600,2,13,7,0.09090909090909091,0.5909090909090909,0.3181818181818182,0.2727272727272727,0.3181818181818182,0.13636363636363635,0.0
4651,3,soft_dt_jump,32,7800,7,19,6,0.21875,0.59375,0.1875,0.375,0.34375,0.28125,0.0
4652,3,soft_state_jump,16,3230,6,9,1,0.375,0.5625,0.0625,0.375,0.375,0.375,0.0
4653,6,soft_dt_jump,13,1320,4,8,1,0.3076923076923077,0.6153846153846154,0.07692307692307693,0.6923076923076923,0.07692307692307693,0.46153846153846156,0.0
4654,3,soft_dt_jump,11,1030,1,6,4,0.09090909090909091,0.5454545454545454,0.36363636363636365,0.09090909090909091,0.2727272727272727,0.09090909090909091,0.0
4655,2,soft_state_jump,10,1080,3,5,2,0.3,0.5,0.2,0.3,0.5,0.2,0.0
4656,3,soft_dt_jump,11,1280,3,5,3,0.2727272727272727,0.45454545454545453,0.2727272727272727,0.5454545454545454,0.0,0.5454545454545454,0.0
4657,7,soft_dt_jump,23,2770,16,6,1,0.6956521739130435,0.2608695652173913,0.043478260869565216,0.13043478260869565,0.8260869565217391,0.0,0.0
4658,2,soft_dt_jump,13,1880,2,10,1,0.15384615384615385,0.7692307692307693,0.07692307692307693,0.15384615384615385,0.6153846153846154,0.0,0.0
4659,6,soft_state_jump,11,1630,2,8,1,0.18181818181818182,0.7272727272727273,0.09090909090909091,0.7272727272727273,0.09090909090909091,0.36363636363636365,0.0
4660,6,soft_dt_jump,16,2370,5,10,1,0.3125,0.625,0.0625,0.8125,0.125,0.5625,0.0
4661,2,soft_dt_jump,12,2350,1,10,1,0.08333333333333333,0.8333333333333334,0.08333333333333333,0.75,0.16666666666666666,0.16666666666666666,0.0
4662,6,soft_state_jump,13,1780,4,9,0,0.3076923076923077,0.6923076923076923,0.0,0.46153846153846156,0.46153846153846156,0.38461538461538464,0.0
4663,1,soft_dt_jump,24,3240,6,16,2,0.25,0.6666666666666666,0.08333333333333333,0.6666666666666666,0.16666666666666666,0.4583333333333333,0.0
4664,6,soft_state_jump,13,2290,6,7,0,0.46153846153846156,0.5384615384615384,0.0,0.6923076923076923,0.23076923076923078,0.6923076923076923,0.0
4665,1,soft_dt_jump,21,3430,7,11,3,0.3333333333333333,0.5238095238095238,0.14285714285714285,0.6190476190476191,0.23809523809523808,0.47619047619047616,0.0
4666,2,soft_dt_jump,9,2480,0,8,1,0.0,0.8888888888888888,0.1111111111111111,0.6666666666666666,0.1111111111111111,0.2222222222222222,0.0
4667,6,soft_state_jump,9,1180,2,5,2,0.2222222222222222,0.5555555555555556,0.2222222222222222,0.7777777777777778,0.0,0.5555555555555556,0.0
4668,6,soft_dt_jump,8,440,5,3,0,0.625,0.375,0.0,0.75,0.25,0.625,0.0
4669,3,soft_dt_jump,14,2810,2,9,3,0.14285714285714285,0.6428571428571429,0.21428571428571427,0.35714285714285715,0.21428571428571427,0.2857142857142857,0.0
4670,0,soft_state_jump,18,1310,13,5,0,0.7222222222222222,0.2777777777777778,0.0,0.8333333333333334,0.0,0.8333333333333334,0.0
4671,3,soft_dt_jump,10,970,1,7,2,0.1,0.7,0.2,0.5,0.1,0.4,0.0
4672,1,soft_state_jump,31,4390,14,14,3,0.45161290322580644,0.45161290322580644,0.0967741935483871,0.7096774193548387,0.12903225806451613,0.5806451612903226,0.0
4673,6,soft_dt_jump,8,290,4,4,0,0.5,0.5,0.0,0.875,0.0,0.75,0.0
4674,2,soft_dt_jump,11,2100,3,6,2,0.2727272727272727,0.5454545454545454,0.18181818181818182,0.2727272727272727,0.45454545454545453,0.18181818181818182,0.0
4675,2,soft_dt_jump,24,4230,8,13,3,0.3333333333333333,0.5416666666666666,0.125,0.2916666666666667,0.5416666666666666,0.08333333333333333,0.0
4676,6,soft_dt_jump,16,3390,4,10,2,0.25,0.625,0.125,0.6875,0.0625,0.4375,0.0
4677,6,soft_side_flip_with_dt_jump,9,950,4,4,1,0.4444444444444444,0.4444444444444444,0.1111111111111111,0.7777777777777778,0.1111111111111111,0.7777777777777778,0.0
4678,2,soft_side_flip_with_dt_jump,14,2260,6,8,0,0.42857142857142855,0.5714285714285714,0.0,0.2857142857142857,0.6428571428571429,0.14285714285714285,0.0
4679,1,soft_dt_jump,17,2540,4,7,6,0.23529411764705882,0.4117647058823529,0.35294117647058826,0.5294117647058824,0.11764705882352941,0.35294117647058826,0.0
4680,6,soft_state_jump,15,2260,4,10,1,0.26666666666666666,0.6666666666666666,0.06666666666666667,0.5333333333333333,0.26666666666666666,0.4,0.0
4681,3,soft_dt_jump,8,3400,1,5,2,0.125,0.625,0.25,0.375,0.25,0.25,0.0
4682,1,soft_side_flip_with_dt_jump,19,4580,5,13,1,0.2631578947368421,0.6842105263157895,0.05263157894736842,0.5789473684210527,0.3684210526315789,0.42105263157894735,0.0
4683,0,soft_dt_jump,10,460,8,2,0,0.8,0.2,0.0,1.0,0.0,0.9,0.0
4684,2,soft_dt_jump,19,3130,7,10,2,0.3684210526315789,0.5263157894736842,0.10526315789473684,0.3157894736842105,0.47368421052631576,0.15789473684210525,0.0
4685,1,soft_dt_jump,25,4670,5,17,3,0.2,0.68,0.12,0.36,0.44,0.16,0.0
4686,3,soft_dt_jump,21,7380,5,13,3,0.23809523809523808,0.6190476190476191,0.14285714285714285,0.2857142857142857,0.38095238095238093,0.09523809523809523,0.0
4687,2,soft_side_flip_with_dt_jump,12,3680,3,8,1,0.25,0.6666666666666666,0.08333333333333333,0.4166666666666667,0.4166666666666667,0.08333333333333333,0.0
4688,3,soft_dt_jump,16,2080,4,9,3,0.25,0.5625,0.1875,0.25,0.5,0.0625,0.0
4689,1,soft_dt_jump,39,7650,8,23,8,0.20512820512820512,0.5897435897435898,0.20512820512820512,0.20512820512820512,0.5128205128205128,0.05128205128205128,0.0
4690,2,soft_dt_jump,9,1680,2,6,1,0.2222222222222222,0.6666666666666666,0.1111111111111111,0.4444444444444444,0.3333333333333333,0.1111111111111111,0.0
4691,1,soft_dt_jump,20,3900,3,13,4,0.15,0.65,0.2,0.55,0.2,0.35,0.0
4692,1,soft_state_jump,14,2650,1,9,4,0.07142857142857142,0.6428571428571429,0.2857142857142857,0.5714285714285714,0.07142857142857142,0.35714285714285715,0.0
4693,1,soft_state_jump,38,5560,10,23,5,0.2631578947368421,0.6052631578947368,0.13157894736842105,0.4473684210526316,0.34210526315789475,0.34210526315789475,0.0
4694,3,soft_state_jump,9,1190,1,6,2,0.1111111111111111,0.6666666666666666,0.2222222222222222,0.4444444444444444,0.2222222222222222,0.3333333333333333,0.0
4695,2,soft_dt_jump,15,2840,3,10,2,0.2,0.6666666666666666,0.13333333333333333,0.3333333333333333,0.5333333333333333,0.2,0.0
4696,2,soft_state_jump,10,1200,2,6,2,0.2,0.6,0.2,0.2,0.6,0.1,0.0
4697,2,soft_side_flip_with_dt_jump,8,510,2,5,1,0.25,0.625,0.125,0.125,0.625,0.125,0.0
4698,2,soft_dt_jump,10,2330,1,8,1,0.1,0.8,0.1,0.8,0.0,0.2,0.0
4699,3,soft_state_jump,10,2190,1,6,3,0.1,0.6,0.3,0.3,0.3,0.1,0.0
4700,1,soft_state_jump,42,5510,16,20,6,0.38095238095238093,0.47619047619047616,0.14285714285714285,0.38095238095238093,0.4523809523809524,0.21428571428571427,0.0
4701,1,soft_dt_jump,19,4080,6,12,1,0.3157894736842105,0.631578947368421,0.05263157894736842,0.7368421052631579,0.21052631578947367,0.47368421052631576,0.0
4702,2,soft_dt_jump,12,2120,3,9,0,0.25,0.75,0.0,0.4166666666666667,0.4166666666666667,0.16666666666666666,0.0
4703,3,soft_dt_jump,17,2990,3,10,4,0.17647058823529413,0.5882352941176471,0.23529411764705882,0.47058823529411764,0.11764705882352941,0.35294117647058826,0.0
4704,2,soft_dt_jump,18,2780,5,10,3,0.2777777777777778,0.5555555555555556,0.16666666666666666,0.3888888888888889,0.4444444444444444,0.2222222222222222,0.0
4705,3,soft_dt_jump,15,5200,2,10,3,0.13333333333333333,0.6666666666666666,0.2,0.4666666666666667,0.13333333333333333,0.2,0.0
4706,3,soft_state_jump,16,3050,3,12,1,0.1875,0.75,0.0625,0.5625,0.1875,0.375,0.0
4707,2,soft_side_flip_with_dt_jump,16,2470,5,11,0,0.3125,0.6875,0.0,0.25,0.6875,0.0625,0.0
4708,7,soft_state_jump,9,210,7,2,0,0.7777777777777778,0.2222222222222222,0.0,0.0,0.8888888888888888,0.0,0.0
4709,1,soft_dt_jump,38,5100,10,18,10,0.2631578947368421,0.47368421052631576,0.2631578947368421,0.3157894736842105,0.39473684210526316,0.18421052631578946,0.0
4710,3,soft_state_jump,17,2670,4,10,3,0.23529411764705882,0.5882352941176471,0.17647058823529413,0.29411764705882354,0.47058823529411764,0.11764705882352941,0.0
4711,2,soft_state_jump,9,1080,4,4,1,0.4444444444444444,0.4444444444444444,0.1111111111111111,0.2222222222222222,0.6666666666666666,0.1111111111111111,0.0
4712,7,soft_dt_jump,13,1210,7,6,0,0.5384615384615384,0.46153846153846156,0.0,0.3076923076923077,0.6153846153846154,0.15384615384615385,0.0
4713,3,soft_dt_jump,15,1600,4,9,2,0.26666666666666666,0.6,0.13333333333333333,0.4,0.26666666666666666,0.3333333333333333,0.0
4714,7,soft_side_flip_with_dt_jump,10,750,7,3,0,0.7,0.3,0.0,0.0,1.0,0.0,0.0
4715,1,soft_dt_jump,38,5860,12,22,4,0.3157894736842105,0.5789473684210527,0.10526315789473684,0.23684210526315788,0.5789473684210527,0.10526315789473684,0.0
4716,2,soft_dt_jump,9,320,3,6,0,0.3333333333333333,0.6666666666666666,0.0,0.1111111111111111,0.7777777777777778,0.0,0.0
4717,2,soft_dt_jump,11,1260,3,7,1,0.2727272727272727,0.6363636363636364,0.09090909090909091,0.2727272727272727,0.5454545454545454,0.09090909090909091,0.0
4718,1,soft_dt_jump,42,7540,8,24,10,0.19047619047619047,0.5714285714285714,0.23809523809523808,0.2619047619047619,0.35714285714285715,0.09523809523809523,0.0
4719,3,soft_dt_jump,18,2380,4,11,3,0.2222222222222222,0.6111111111111112,0.16666666666666666,0.3888888888888889,0.3888888888888889,0.16666666666666666,0.0
4720,2,soft_dt_jump,11,1670,1,8,2,0.09090909090909091,0.7272727272727273,0.18181818181818182,0.5454545454545454,0.2727272727272727,0.09090909090909091,0.0
4721,2,soft_state_jump,12,610,5,7,0,0.4166666666666667,0.5833333333333334,0.0,0.4166666666666667,0.5,0.4166666666666667,0.0
4722,3,soft_dt_jump,17,4160,5,8,4,0.29411764705882354,0.47058823529411764,0.23529411764705882,0.23529411764705882,0.47058823529411764,0.17647058823529413,0.0
4723,3,soft_dt_jump,24,3290,6,14,4,0.25,0.5833333333333334,0.16666666666666666,0.3333333333333333,0.4166666666666667,0.20833333333333334,0.0
4724,2,soft_state_jump,9,470,3,5,1,0.3333333333333333,0.5555555555555556,0.1111111111111111,0.2222222222222222,0.5555555555555556,0.1111111111111111,0.0
4725,3,soft_dt_jump,10,1820,3,6,1,0.3,0.6,0.1,0.4,0.5,0.2,0.0
4726,3,soft_state_jump,16,1930,5,9,2,0.3125,0.5625,0.125,0.1875,0.625,0.125,0.0
4727,3,soft_dt_jump,18,2380,5,10,3,0.2777777777777778,0.5555555555555556,0.16666666666666666,0.5,0.2777777777777778,0.2777777777777778,0.0
4728,2,soft_dt_jump,9,250,3,4,2,0.3333333333333333,0.4444444444444444,0.2222222222222222,0.2222222222222222,0.5555555555555556,0.2222222222222222,0.0
4729,3,soft_dt_jump,16,2690,1,14,1,0.0625,0.875,0.0625,0.375,0.3125,0.0625,0.0
4730,7,soft_side_flip_with_dt_jump,8,360,5,2,1,0.625,0.25,0.125,0.0,0.875,0.0,0.0
4731,1,soft_dt_jump,27,3650,8,15,4,0.2962962962962963,0.5555555555555556,0.14814814814814814,0.3333333333333333,0.4074074074074074,0.14814814814814814,0.0
4732,2,soft_dt_jump,8,350,4,4,0,0.5,0.5,0.0,0.25,0.75,0.125,0.0
4733,2,soft_dt_jump,12,2900,2,8,2,0.16666666666666666,0.6666666666666666,0.16666666666666666,0.5833333333333334,0.16666666666666666,0.25,0.0
4734,3,soft_state_jump,12,1380,4,5,3,0.3333333333333333,0.4166666666666667,0.25,0.5833333333333334,0.16666666666666666,0.5833333333333334,0.0
4735,7,soft_dt_jump,23,1010,17,4,2,0.7391304347826086,0.17391304347826086,0.08695652173913043,0.08695652173913043,0.8260869565217391,0.043478260869565216,0.0
4736,1,soft_dt_jump,22,3660,4,14,4,0.18181818181818182,0.6363636363636364,0.18181818181818182,0.6818181818181818,0.09090909090909091,0.5,0.0
4737,1,soft_dt_jump,13,3340,2,8,3,0.15384615384615385,0.6153846153846154,0.23076923076923078,0.5384615384615384,0.15384615384615385,0.38461538461538464,0.0
4738,6,soft_dt_jump,18,2300,4,12,2,0.2222222222222222,0.6666666666666666,0.1111111111111111,0.8333333333333334,0.05555555555555555,0.5555555555555556,0.0
4739,1,soft_dt_jump,19,3770,4,13,2,0.21052631578947367,0.6842105263157895,0.10526315789473684,0.7894736842105263,0.05263157894736842,0.5789473684210527,0.0
4740,7,soft_state_jump,16,700,10,5,1,0.625,0.3125,0.0625,0.25,0.6875,0.25,0.0
4741,2,soft_dt_jump,17,4230,3,14,0,0.17647058823529413,0.8235294117647058,0.0,0.7058823529411765,0.23529411764705882,0.4117647058823529,0.0
4742,1,soft_state_jump,40,7270,17,15,8,0.425,0.375,0.2,0.525,0.225,0.4,0.0
4743,6,soft_dt_jump,9,1350,6,2,1,0.6666666666666666,0.2222222222222222,0.1111111111111111,0.6666666666666666,0.2222222222222222,0.5555555555555556,0.0
4744,1,soft_dt_jump,20,4420,4,14,2,0.2,0.7,0.1,0.8,0.05,0.45,0.0
4745,2,soft_dt_jump,12,3230,0,9,3,0.0,0.75,0.25,0.5833333333333334,0.08333333333333333,0.25,0.0
4746,2,soft_dt_jump,9,1460,1,6,2,0.1111111111111111,0.6666666666666666,0.2222222222222222,0.6666666666666666,0.0,0.3333333333333333,0.0
4747,3,soft_dt_jump,14,5050,2,9,3,0.14285714285714285,0.6428571428571429,0.21428571428571427,0.5,0.21428571428571427,0.42857142857142855,0.0
4748,1,soft_dt_jump,30,4470,5,22,3,0.16666666666666666,0.7333333333333333,0.1,0.6333333333333333,0.2,0.36666666666666664,0.0
4749,6,soft_state_jump,17,1880,11,6,0,0.6470588235294118,0.35294117647058826,0.0,0.6470588235294118,0.35294117647058826,0.6470588235294118,0.0
4750,2,soft_dt_jump,14,3220,4,8,2,0.2857142857142857,0.5714285714285714,0.14285714285714285,0.5714285714285714,0.2857142857142857,0.35714285714285715,0.0
4751,2,soft_dt_jump,14,3210,1,12,1,0.07142857142857142,0.8571428571428571,0.07142857142857142,0.6428571428571429,0.14285714285714285,0.35714285714285715,0.0
4752,3,soft_state_jump,14,1940,3,7,4,0.21428571428571427,0.5,0.2857142857142857,0.5,0.21428571428571427,0.2857142857142857,0.0
4753,2,soft_dt_jump,13,3180,2,8,3,0.15384615384615385,0.6153846153846154,0.23076923076923078,0.5384615384615384,0.23076923076923078,0.3076923076923077,0.0
4754,2,soft_state_jump,12,2500,2,9,1,0.16666666666666666,0.75,0.08333333333333333,0.5833333333333334,0.3333333333333333,0.25,0.0
4755,2,soft_state_jump,13,1830,3,10,0,0.23076923076923078,0.7692307692307693,0.0,0.5384615384615384,0.46153846153846156,0.46153846153846156,0.0
4756,1,soft_dt_jump,29,7850,3,20,6,0.10344827586206896,0.6896551724137931,0.20689655172413793,0.4827586206896552,0.27586206896551724,0.27586206896551724,0.0
4757,1,soft_dt_jump,46,7360,11,31,4,0.2391304347826087,0.6739130434782609,0.08695652173913043,0.32608695652173914,0.41304347826086957,0.17391304347826086,0.0
4758,2,soft_dt_jump,10,860,2,8,0,0.2,0.8,0.0,0.4,0.5,0.1,0.0
4759,2,soft_dt_jump,17,3960,6,11,0,0.35294117647058826,0.6470588235294118,0.0,0.5294117647058824,0.35294117647058826,0.17647058823529413,0.0
4760,1,soft_dt_jump,35,4990,14,20,1,0.4,0.5714285714285714,0.02857142857142857,0.4,0.5428571428571428,0.17142857142857143,0.0
4761,3,soft_dt_jump,13,5670,3,8,2,0.23076923076923078,0.6153846153846154,0.15384615384615385,0.6153846153846154,0.15384615384615385,0.38461538461538464,0.0
4762,3,soft_state_jump,33,5900,7,18,8,0.21212121212121213,0.5454545454545454,0.24242424242424243,0.24242424242424243,0.3939393939393939,0.12121212121212122,0.0
4763,1,soft_state_jump,22,5970,4,15,3,0.18181818181818182,0.6818181818181818,0.13636363636363635,0.36363636363636365,0.36363636363636365,0.22727272727272727,0.0
4764,2,soft_dt_jump,26,2880,12,12,2,0.46153846153846156,0.46153846153846156,0.07692307692307693,0.19230769230769232,0.6538461538461539,0.11538461538461539,0.0
4765,7,soft_dt_jump,10,610,7,3,0,0.7,0.3,0.0,0.0,1.0,0.0,0.0
4766,1,soft_dt_jump,36,7440,8,26,2,0.2222222222222222,0.7222222222222222,0.05555555555555555,0.5,0.3888888888888889,0.3333333333333333,0.0
4767,7,soft_dt_jump,16,1290,9,5,2,0.5625,0.3125,0.125,0.1875,0.625,0.125,0.0
4768,3,soft_dt_jump,15,2560,4,7,4,0.26666666666666666,0.4666666666666667,0.26666666666666666,0.4,0.3333333333333333,0.2,0.0
4769,7,soft_state_jump,8,550,4,3,1,0.5,0.375,0.125,0.0,0.875,0.0,0.0
4770,2,soft_dt_jump,10,720,3,6,1,0.3,0.6,0.1,0.3,0.6,0.2,0.0
4771,2,soft_dt_jump,12,3010,1,8,3,0.08333333333333333,0.6666666666666666,0.25,0.75,0.0,0.3333333333333333,0.0
4772,2,soft_state_jump,8,1110,2,4,2,0.25,0.5,0.25,0.125,0.625,0.125,0.0
4773,1,soft_side_flip_with_dt_jump,24,4140,3,17,4,0.125,0.7083333333333334,0.16666666666666666,0.5,0.20833333333333334,0.2916666666666667,0.0
4774,2,soft_dt_jump,14,2450,1,12,1,0.07142857142857142,0.8571428571428571,0.07142857142857142,0.6428571428571429,0.21428571428571427,0.35714285714285715,0.0
4775,2,soft_state_jump,9,1120,2,6,1,0.2222222222222222,0.6666666666666666,0.1111111111111111,0.4444444444444444,0.3333333333333333,0.0,0.0
4776,3,soft_dt_jump,12,2920,4,5,3,0.3333333333333333,0.4166666666666667,0.25,0.16666666666666666,0.5,0.16666666666666666,0.0
4777,2,soft_dt_jump,16,1970,3,9,4,0.1875,0.5625,0.25,0.5,0.25,0.3125,0.0
4778,1,soft_dt_jump,21,3090,8,11,2,0.38095238095238093,0.5238095238095238,0.09523809523809523,0.5714285714285714,0.23809523809523808,0.47619047619047616,0.0
4779,2,soft_dt_jump,16,1800,5,10,1,0.3125,0.625,0.0625,0.5625,0.3125,0.5,0.0
4780,1,soft_dt_jump,19,3200,2,11,6,0.10526315789473684,0.5789473684210527,0.3157894736842105,0.5263157894736842,0.10526315789473684,0.2631578947368421,0.0
4781,3,soft_dt_jump,18,2030,4,9,5,0.2222222222222222,0.5,0.2777777777777778,0.4444444444444444,0.2777777777777778,0.16666666666666666,0.0
4782,6,soft_dt_jump,14,1630,3,9,2,0.21428571428571427,0.6428571428571429,0.14285714285714285,0.5714285714285714,0.14285714285714285,0.42857142857142855,0.0
4783,3,soft_dt_jump,18,3930,2,12,4,0.1111111111111111,0.6666666666666666,0.2222222222222222,0.3888888888888889,0.2222222222222222,0.16666666666666666,0.0
4784,1,soft_dt_jump,23,4810,4,18,1,0.17391304347826086,0.782608695652174,0.043478260869565216,0.6086956521739131,0.34782608695652173,0.391304347826087,0.0
4785,1,soft_dt_jump,31,4920,5,14,12,0.16129032258064516,0.45161290322580644,0.3870967741935484,0.4838709677419355,0.12903225806451613,0.3225806451612903,0.0
4786,2,soft_state_jump,10,2040,1,9,0,0.1,0.8888888888888888,0.0,0.6,0.2,0.3,0.0
4787,1,soft_side_flip_with_dt_jump,34,7800,6,24,4,0.17647058823529413,0.7058823529411765,0.11764705882352941,0.5294117647058824,0.2647058823529412,0.3235294117647059,0.0
4788,2,soft_dt_jump,12,950,4,7,1,0.3333333333333333,0.5833333333333334,0.08333333333333333,0.5,0.4166666666666667,0.4166666666666667,0.0
4789,2,soft_dt_jump,13,1860,3,8,2,0.23076923076923078,0.6153846153846154,0.15384615384615385,0.46153846153846156,0.3076923076923077,0.3076923076923077,0.0
4790,6,soft_state_jump,9,2230,3,5,1,0.3333333333333333,0.5555555555555556,0.1111111111111111,0.6666666666666666,0.2222222222222222,0.3333333333333333,0.0
4791,7,soft_state_jump,21,2540,16,3,2,0.7619047619047619,0.14285714285714285,0.09523809523809523,0.0,0.9047619047619048,0.0,0.0
4792,2,soft_dt_jump,11,1060,2,8,1,0.18181818181818182,0.7272727272727273,0.09090909090909091,0.36363636363636365,0.45454545454545453,0.0,0.0
4793,1,soft_dt_jump,21,2630,6,12,3,0.2857142857142857,0.5714285714285714,0.14285714285714285,0.42857142857142855,0.38095238095238093,0.19047619047619047,0.0
4794,3,soft_dt_jump,12,3600,2,8,2,0.16666666666666666,0.6666666666666666,0.16666666666666666,0.5,0.25,0.3333333333333333,0.0
4795,2,soft_dt_jump,16,1230,4,9,3,0.25,0.5625,0.1875,0.5625,0.25,0.375,0.0
4796,2,soft_dt_jump,8,2140,2,3,3,0.25,0.375,0.375,0.125,0.5,0.125,0.0
4797,1,soft_dt_jump,50,9840,10,29,11,0.2,0.58,0.22,0.4,0.36,0.2,0.0
4798,3,max_duration_ms,14,1730,5,8,1,0.35714285714285715,0.5714285714285714,0.07142857142857142,0.5,0.35714285714285715,0.35714285714285715,0.0
4799,1,soft_dt_jump,27,4090,12,10,5,0.4444444444444444,0.37037037037037035,0.18518518518518517,0.7407407407407407,0.07407407407407407,0.5555555555555556,0.0
4800,1,soft_dt_jump,33,7030,7,17,9,0.21212121212121213,0.5151515151515151,0.2727272727272727,0.3333333333333333,0.2727272727272727,0.15151515151515152,0.0
4801,2,soft_state_jump,14,2120,4,8,2,0.2857142857142857,0.5714285714285714,0.14285714285714285,0.5714285714285714,0.2857142857142857,0.5,0.0
4802,2,soft_dt_jump,17,4530,3,11,3,0.17647058823529413,0.6470588235294118,0.17647058823529413,0.35294117647058826,0.35294117647058826,0.17647058823529413,0.0
4803,2,soft_dt_jump,10,850,3,6,1,0.3,0.6,0.1,0.4,0.5,0.2,0.0
4804,2,soft_dt_jump,8,1360,0,7,1,0.0,0.875,0.125,0.875,0.0,0.375,0.0
4805,1,soft_dt_jump,27,4740,8,17,2,0.2962962962962963,0.6296296296296297,0.07407407407407407,0.5185185185185185,0.37037037037037035,0.3333333333333333,0.0
4806,1,soft_dt_jump,28,4050,6,20,2,0.21428571428571427,0.7142857142857143,0.07142857142857142,0.5,0.39285714285714285,0.39285714285714285,0.0
4807,3,soft_dt_jump,20,3930,3,13,4,0.15,0.65,0.2,0.35,0.2,0.3,0.0
4808,3,soft_state_jump,34,5540,6,23,5,0.17647058823529413,0.6764705882352942,0.14705882352941177,0.38235294117647056,0.47058823529411764,0.2647058823529412,0.0
4809,0,soft_dt_jump,64,450,57,5,2,0.890625,0.078125,0.03125,0.90625,0.0625,0.875,0.0
4810,0,max_events_per_episode,42,0,42,0,0,1.0,0.0,0.0,1.0,0.0,1.0,0.0
4811,2,soft_dt_jump,9,690,4,5,0,0.4444444444444444,0.5555555555555556,0.0,0.0,0.8888888888888888,0.0,0.0
4812,1,soft_dt_jump,64,5860,37,22,5,0.578125,0.34375,0.078125,0.765625,0.125,0.671875,0.0
4813,0,max_events_per_episode,8,0,8,0,0,1.0,0.0,0.0,1.0,0.0,1.0,0.0
4814,2,soft_dt_jump,9,930,3,5,1,0.3333333333333333,0.5555555555555556,0.1111111111111111,0.3333333333333333,0.5555555555555556,0.3333333333333333,0.0
4815,7,soft_dt_jump,13,790,10,3,0,0.7692307692307693,0.23076923076923078,0.0,0.15384615384615385,0.7692307692307693,0.07692307692307693,0.0
4816,1,soft_dt_jump,21,1570,7,10,4,0.3333333333333333,0.47619047619047616,0.19047619047619047,0.47619047619047616,0.3333333333333333,0.38095238095238093,0.0
4817,3,soft_side_flip_with_dt_jump,15,2360,3,9,3,0.2,0.6,0.2,0.5333333333333333,0.13333333333333333,0.4,0.0
4818,7,soft_dt_jump,18,810,12,6,0,0.6666666666666666,0.3333333333333333,0.0,0.2222222222222222,0.7222222222222222,0.2222222222222222,0.0
4819,1,soft_dt_jump,26,7370,9,14,3,0.34615384615384615,0.5384615384615384,0.11538461538461539,0.34615384615384615,0.5384615384615384,0.15384615384615385,0.0
4820,7,soft_dt_jump,12,90,10,1,1,0.8333333333333334,0.08333333333333333,0.08333333333333333,0.0,0.9166666666666666,0.0,0.0
4821,7,soft_dt_jump,21,2470,11,8,2,0.5238095238095238,0.38095238095238093,0.09523809523809523,0.23809523809523808,0.6666666666666666,0.19047619047619047,0.0
4822,3,soft_dt_jump,11,2150,1,5,5,0.09090909090909091,0.45454545454545453,0.4,0.5454545454545454,0.0,0.36363636363636365,0.0
4823,0,soft_state_jump,10,50,7,2,1,0.7,0.2,0.1,0.8,0.1,0.8,0.0
4824,6,soft_dt_jump,18,1340,12,6,0,0.6666666666666666,0.3333333333333333,0.0,0.7222222222222222,0.2222222222222222,0.6111111111111112,0.0
4825,2,soft_dt_jump,10,840,3,6,1,0.3,0.6,0.1,0.3,0.4,0.1,0.0
4826,1,soft_side_flip_with_dt_jump,23,4660,2,18,3,0.08695652173913043,0.782608695652174,0.13043478260869565,0.4782608695652174,0.2608695652173913,0.13043478260869565,0.0
4827,6,soft_side_flip_with_dt_jump,13,3100,5,6,2,0.38461538461538464,0.46153846153846156,0.15384615384615385,0.8461538461538461,0.0,0.5384615384615384,0.0
4828,6,soft_dt_jump,11,980,6,4,1,0.5454545454545454,0.36363636363636365,0.09090909090909091,0.5454545454545454,0.36363636363636365,0.45454545454545453,0.0
4829,6,soft_dt_jump,9,1420,4,5,0,0.4444444444444444,0.5555555555555556,0.0,1.0,0.0,0.8888888888888888,0.0
4830,2,soft_dt_jump,9,970,3,6,0,0.3333333333333333,0.6666666666666666,0.0,0.2222222222222222,0.6666666666666666,0.1111111111111111,0.0
4831,6,soft_dt_jump,14,1920,5,9,0,0.35714285714285715,0.6428571428571429,0.0,0.5714285714285714,0.35714285714285715,0.5,0.0
4832,7,soft_dt_jump,16,550,10,6,0,0.625,0.375,0.0,0.3125,0.5625,0.25,0.0
4833,3,soft_dt_jump,15,2030,5,7,3,0.3333333333333333,0.4666666666666667,0.2,0.4666666666666667,0.26666666666666666,0.4,0.0
4834,0,soft_state_jump,26,200,24,2,0,0.9230769230769231,0.07692307692307693,0.0,0.9615384615384616,0.038461538461538464,0.8846153846153846,0.0
4835,6,soft_dt_jump,13,3280,2,11,0,0.15384615384615385,0.8461538461538461,0.0,0.7692307692307693,0.07692307692307693,0.38461538461538464,0.0
4836,3,soft_dt_jump,14,1470,2,9,3,0.14285714285714285,0.6428571428571429,0.21428571428571427,0.5,0.21428571428571427,0.2857142857142857,0.0
4837,3,soft_state_jump,11,2560,1,7,3,0.09090909090909091,0.6363636363636364,0.2727272727272727,0.45454545454545453,0.09090909090909091,0.09090909090909091,0.0
4838,2,soft_dt_jump,10,1950,3,7,0,0.3,0.7,0.0,0.3,0.6,0.1,0.0
4839,3,soft_state_jump,21,1440,9,7,5,0.42857142857142855,0.3333333333333333,0.23809523809523808,0.23809523809523808,0.47619047619047616,0.09523809523809523,0.0
4840,1,soft_dt_jump,36,7110,10,22,4,0.2777777777777778,0.6111111111111112,0.1111111111111111,0.4444444444444444,0.3611111111111111,0.2777777777777778,0.0
4841,2,soft_dt_jump,8,420,3,4,1,0.375,0.5,0.125,0.25,0.625,0.125,0.0
4842,2,soft_dt_jump,9,1950,2,7,0,0.2222222222222222,0.7777777777777778,0.0,0.6666666666666666,0.2222222222222222,0.3333333333333333,0.0
4843,3,soft_state_jump,14,2630,3,7,4,0.21428571428571427,0.5,0.2857142857142857,0.21428571428571427,0.42857142857142855,0.14285714285714285,0.0
4844,3,soft_state_jump,12,2400,1,5,6,0.08333333333333333,0.4166666666666667,0.4,0.25,0.25,0.0,0.0
4845,1,soft_state_jump,34,2640,15,17,2,0.4411764705882353,0.5,0.058823529411764705,0.47058823529411764,0.38235294117647056,0.38235294117647056,0.0
4846,3,soft_dt_jump,27,3120,4,16,7,0.14814814814814814,0.5925925925925926,0.25925925925925924,0.18518518518518517,0.25925925925925924,0.1111111111111111,0.0
4847,3,soft_state_jump,12,1230,2,7,3,0.16666666666666666,0.5833333333333334,0.25,0.5833333333333334,0.0,0.4166666666666667,0.0
4848,7,soft_dt_jump,10,0,9,1,0,0.9,0.1,0.0,0.0,0.9,0.0,0.0
4849,1,soft_dt_jump,29,4780,7,16,6,0.2413793103448276,0.5517241379310345,0.20689655172413793,0.4827586206896552,0.27586206896551724,0.2413793103448276,0.0
4850,1,soft_dt_jump,43,5600,14,23,6,0.32558139534883723,0.5348837209302325,0.13953488372093023,0.3023255813953488,0.3953488372093023,0.13953488372093023,0.0
4851,0,soft_dt_jump,16,1110,10,5,1,0.625,0.3125,0.0625,0.8125,0.125,0.6875,0.0
4852,0,soft_dt_jump,10,170,8,1,1,0.8,0.1,0.1,0.9,0.0,0.8,0.0
4853,6,soft_dt_jump,20,1310,10,9,1,0.5,0.45,0.05,0.75,0.2,0.55,0.0
4854,2,soft_dt_jump,15,980,5,8,2,0.3333333333333333,0.5333333333333333,0.13333333333333333,0.3333333333333333,0.4,0.13333333333333333,0.0
4855,1,soft_dt_jump,40,3040,15,19,6,0.375,0.475,0.15,0.55,0.15,0.45,0.0
4856,2,soft_dt_jump,17,2820,5,10,2,0.29411764705882354,0.5882352941176471,0.11764705882352941,0.47058823529411764,0.4117647058823529,0.11764705882352941,0.0
4857,3,soft_dt_jump,13,2210,3,7,3,0.23076923076923078,0.5384615384615384,0.23076923076923078,0.46153846153846156,0.23076923076923078,0.3076923076923077,0.0
4858,6,soft_dt_jump,20,2550,7,11,2,0.35,0.55,0.1,0.8,0.05,0.4,0.0
4859,1,soft_dt_jump,26,5480,3,17,6,0.11538461538461539,0.6538461538461539,0.23076923076923078,0.5384615384615384,0.23076923076923078,0.19230769230769232,0.0
4860,1,soft_state_jump,32,5810,8,20,4,0.25,0.625,0.125,0.40625,0.40625,0.15625,0.0
4861,6,soft_dt_jump,8,360,1,5,2,0.125,0.625,0.25,0.625,0.125,0.25,0.0
4862,1,soft_dt_jump,16,3710,2,11,3,0.125,0.6875,0.1875,0.5625,0.125,0.1875,0.0
4863,3,soft_dt_jump,15,1560,6,7,2,0.4,0.4666666666666667,0.13333333333333333,0.4666666666666667,0.3333333333333333,0.4,0.0
4864,6,soft_dt_jump,12,1920,3,7,2,0.25,0.5833333333333334,0.16666666666666666,0.6666666666666666,0.16666666666666666,0.5,0.0
4865,1,soft_dt_jump,27,7050,6,17,4,0.2222222222222222,0.6296296296296297,0.14814814814814814,0.5185185185185185,0.2962962962962963,0.2962962962962963,0.0
4866,6,soft_state_jump,11,330,6,5,0,0.5454545454545454,0.45454545454545453,0.0,0.9090909090909091,0.09090909090909091,0.8181818181818182,0.0
4867,6,soft_dt_jump,14,1900,4,9,1,0.2857142857142857,0.6428571428571429,0.07142857142857142,0.8571428571428571,0.0,0.5714285714285714,0.0
4868,6,soft_state_jump,19,2960,3,15,1,0.15789473684210525,0.7894736842105263,0.05263157894736842,0.631578947368421,0.15789473684210525,0.3157894736842105,0.0
4869,2,soft_state_jump,27,3310,7,17,3,0.25925925925925924,0.6296296296296297,0.1111111111111111,0.3333333333333333,0.4444444444444444,0.037037037037037035,0.0
4870,2,soft_dt_jump,10,1120,3,6,1,0.3,0.6,0.1,0.3,0.6,0.3,0.0
4871,7,soft_dt_jump,45,50,41,2,2,0.9111111111111111,0.044444444444444446,0.044444444444444446,0.0,0.044444444444444446,0.0,0.0
4872,6,soft_dt_jump,11,1730,6,3,2,0.5454545454545454,0.2727272727272727,0.18181818181818182,0.8181818181818182,0.0,0.18181818181818182,0.0
4873,5,soft_dt_jump,19,3280,5,12,2,0.2631578947368421,0.631578947368421,0.10526315789473684,0.2631578947368421,0.10526315789473684,0.15789473684210525,0.5263157894736842
4874,3,soft_state_jump,8,2160,0,6,2,0.0,0.75,0.25,0.5,0.125,0.125,0.0
4875,2,soft_side_flip_with_dt_jump,8,970,3,5,0,0.375,0.625,0.0,0.25,0.625,0.125,0.0
4876,6,soft_dt_jump,9,1650,4,5,0,0.4444444444444444,0.5555555555555556,0.0,0.7777777777777778,0.2222222222222222,0.4444444444444444,0.0
4877,6,soft_dt_jump,20,840,13,7,0,0.65,0.35,0.0,0.8,0.2,0.2,0.0
4878,3,soft_dt_jump,8,1270,1,6,1,0.125,0.75,0.125,0.25,0.5,0.0,0.0
4879,5,soft_state_jump,18,1660,4,12,2,0.2222222222222222,0.6666666666666666,0.1111111111111111,0.3333333333333333,0.16666666666666666,0.05555555555555555,0.2222222222222222
4880,5,soft_dt_jump,25,3730,5,18,2,0.2,0.72,0.08,0.48,0.12,0.24,0.28
4881,2,soft_state_jump,11,2190,3,7,1,0.2727272727272727,0.6363636363636364,0.09090909090909091,0.2727272727272727,0.45454545454545453,0.09090909090909091,0.0
4882,3,soft_state_jump,11,2290,2,7,2,0.18181818181818182,0.6363636363636364,0.18181818181818182,0.45454545454545453,0.36363636363636365,0.2727272727272727,0.0
4883,6,soft_state_jump,16,2760,5,10,1,0.3125,0.625,0.0625,0.5625,0.3125,0.5,0.0
4884,3,soft_dt_jump,15,2060,4,8,3,0.26666666666666666,0.5333333333333333,0.2,0.5333333333333333,0.26666666666666666,0.4666666666666667,0.0
4885,2,soft_dt_jump,18,5380,3,14,1,0.16666666666666666,0.7777777777777778,0.05555555555555555,0.6111111111111112,0.3333333333333333,0.2222222222222222,0.0
4886,3,soft_state_jump,11,2630,2,8,1,0.18181818181818182,0.7272727272727273,0.09090909090909091,0.45454545454545453,0.2727272727272727,0.18181818181818182,0.0
4887,1,soft_state_jump,31,5560,7,22,2,0.22580645161290322,0.7096774193548387,0.06451612903225806,0.4838709677419355,0.3870967741935484,0.3225806451612903,0.0
4888,0,soft_state_jump,24,1250,17,6,1,0.7083333333333334,0.25,0.041666666666666664,0.7916666666666666,0.125,0.6666666666666666,0.0
4889,1,soft_dt_jump,20,3090,5,11,4,0.25,0.55,0.2,0.6,0.15,0.3,0.0
4890,6,soft_dt_jump,16,2440,4,10,2,0.25,0.625,0.125,0.625,0.25,0.4375,0.0
4891,1,soft_state_jump,45,5250,21,19,5,0.4666666666666667,0.4222222222222222,0.1111111111111111,0.28888888888888886,0.6,0.08888888888888889,0.0
4892,6,soft_dt_jump,20,1750,10,9,1,0.5,0.45,0.05,0.75,0.2,0.65,0.0
4893,3,soft_dt_jump,21,6100,1,18,2,0.047619047619047616,0.8571428571428571,0.09523809523809523,0.5714285714285714,0.09523809523809523,0.19047619047619047,0.0
4894,3,soft_state_jump,9,2750,2,4,3,0.2222222222222222,0.4444444444444444,0.3333333333333333,0.1111111111111111,0.4444444444444444,0.0,0.0
4895,1,soft_state_jump,36,7320,6,21,9,0.16666666666666666,0.5833333333333334,0.25,0.2222222222222222,0.4166666666666667,0.1111111111111111,0.0
4896,6,soft_side_flip_with_dt_jump,28,2280,15,10,3,0.5357142857142857,0.35714285714285715,0.10714285714285714,0.6785714285714286,0.14285714285714285,0.5357142857142857,0.0
4897,3,soft_dt_jump,29,4610,9,16,4,0.3103448275862069,0.5517241379310345,0.13793103448275862,0.3103448275862069,0.3793103448275862,0.1724137931034483,0.0
4898,2,soft_dt_jump,12,2050,4,6,2,0.3333333333333333,0.5,0.16666666666666666,0.08333333333333333,0.5833333333333334,0.0,0.0
4899,1,soft_state_jump,37,5320,12,24,1,0.32432432432432434,0.6486486486486487,0.02702702702702703,0.3783783783783784,0.5405405405405406,0.13513513513513514,0.0
4900,6,soft_dt_jump,8,660,3,4,1,0.375,0.5,0.125,0.625,0.25,0.5,0.0
4901,2,soft_dt_jump,11,4250,2,9,0,0.18181818181818182,0.8181818181818182,0.0,0.36363636363636365,0.36363636363636365,0.18181818181818182,0.0
4902,6,soft_state_jump,17,1420,7,9,1,0.4117647058823529,0.5294117647058824,0.058823529411764705,0.5294117647058824,0.29411764705882354,0.4117647058823529,0.0
4903,3,soft_dt_jump,14,1100,2,8,4,0.14285714285714285,0.5714285714285714,0.2857142857142857,0.2857142857142857,0.35714285714285715,0.0,0.0
4904,7,soft_dt_jump,9,440,6,3,0,0.6666666666666666,0.3333333333333333,0.0,0.0,1.0,0.0,0.0
4905,2,soft_dt_jump,9,1310,1,7,1,0.1111111111111111,0.7777777777777778,0.1111111111111111,0.5555555555555556,0.2222222222222222,0.3333333333333333,0.0
4906,6,soft_dt_jump,16,1380,4,10,2,0.25,0.625,0.125,0.75,0.0625,0.375,0.0
4907,1,soft_dt_jump,55,8480,15,31,9,0.2727272727272727,0.5636363636363636,0.16363636363636364,0.7090909090909091,0.03636363636363636,0.3090909090909091,0.0
4908,6,soft_dt_jump,15,910,5,8,2,0.3333333333333333,0.5333333333333333,0.13333333333333333,0.6666666666666666,0.06666666666666667,0.13333333333333333,0.0
4909,5,soft_dt_jump,14,2580,2,8,4,0.14285714285714285,0.5714285714285714,0.2857142857142857,0.35714285714285715,0.14285714285714285,0.14285714285714285,0.21428571428571427
4910,2,soft_state_jump,10,1690,2,7,1,0.2,0.7,0.1,0.2,0.6,0.0,0.0
4911,3,soft_dt_jump,18,2570,7,9,2,0.3888888888888889,0.5,0.1111111111111111,0.2777777777777778,0.5,0.2777777777777778,0.0
4912,7,soft_dt_jump,10,60,8,2,0,0.8,0.2,0.0,0.0,0.5,0.0,0.0
4913,5,soft_dt_jump,13,1430,2,8,3,0.15384615384615385,0.6153846153846154,0.23076923076923078,0.38461538461538464,0.07692307692307693,0.23076923076923078,0.3076923076923077
4914,6,soft_dt_jump,33,3150,20,11,2,0.6060606060606061,0.3333333333333333,0.06060606060606061,0.6666666666666666,0.18181818181818182,0.5757575757575758,0.06060606060606061
4915,6,soft_dt_jump,14,1650,4,8,2,0.2857142857142857,0.5714285714285714,0.14285714285714285,0.6428571428571429,0.14285714285714285,0.42857142857142855,0.0
4916,2,soft_side_flip_with_dt_jump,9,1100,3,5,1,0.3333333333333333,0.5555555555555556,0.1111111111111111,0.1111111111111111,0.3333333333333333,0.0,0.0
4917,2,soft_dt_jump,9,410,4,4,1,0.4444444444444444,0.4444444444444444,0.1111111111111111,0.2222222222222222,0.5555555555555556,0.2222222222222222,0.0
4918,6,soft_dt_jump,8,1470,4,4,0,0.5,0.5,0.0,0.875,0.125,0.5,0.0
4919,1,soft_side_flip_with_dt_jump,19,3380,5,11,3,0.2631578947368421,0.5789473684210527,0.15789473684210525,0.5789473684210527,0.21052631578947367,0.42105263157894735,0.0
4920,1,soft_state_jump,37,4700,11,23,3,0.2972972972972973,0.6216216216216216,0.08108108108108109,0.4864864864864865,0.3783783783783784,0.1891891891891892,0.0
4921,0,soft_dt_jump,17,1060,12,4,1,0.7058823529411765,0.23529411764705882,0.058823529411764705,0.8235294117647058,0.11764705882352941,0.8235294117647058,0.0
4922,2,soft_dt_jump,15,3090,3,10,2,0.2,0.6666666666666666,0.13333333333333333,0.5333333333333333,0.2,0.2,0.0
4923,0,soft_dt_jump,9,70,7,1,1,0.7777777777777778,0.1111111111111111,0.1111111111111111,0.8888888888888888,0.0,0.7777777777777778,0.0
4924,3,soft_dt_jump,13,2610,2,9,2,0.15384615384615385,0.6923076923076923,0.15384615384615385,0.23076923076923078,0.3076923076923077,0.15384615384615385,0.0
4925,0,soft_side_flip_with_dt_jump,11,20,8,3,0,0.7272727272727273,0.2727272727272727,0.0,0.8181818181818182,0.0,0.7272727272727273,0.0
4926,3,soft_dt_jump,17,3570,4,10,3,0.23529411764705882,0.5882352941176471,0.17647058823529413,0.11764705882352941,0.5294117647058824,0.0,0.0
4927,1,soft_state_jump,27,5270,6,17,4,0.2222222222222222,0.6296296296296297,0.14814814814814814,0.4444444444444444,0.3333333333333333,0.2962962962962963,0.0
4928,2,soft_state_jump,13,2230,3,10,0,0.23076923076923078,0.7692307692307693,0.0,0.38461538461538464,0.46153846153846156,0.15384615384615385,0.0
4929,3,soft_state_jump,17,1510,4,8,5,0.23529411764705882,0.47058823529411764,0.29411764705882354,0.5882352941176471,0.11764705882352941,0.5294117647058824,0.0
4930,3,soft_dt_jump,11,1720,1,8,2,0.09090909090909091,0.7272727272727273,0.18181818181818182,0.2727272727272727,0.36363636363636365,0.18181818181818182,0.0
4931,3,soft_dt_jump,22,3540,3,16,3,0.13636363636363635,0.7272727272727273,0.13636363636363635,0.36363636363636365,0.4090909090909091,0.18181818181818182,0.0
4932,2,soft_state_jump,11,2000,2,8,1,0.18181818181818182,0.7272727272727273,0.09090909090909091,0.45454545454545453,0.36363636363636365,0.2727272727272727,0.0
4933,1,soft_side_flip_with_dt_jump,25,3660,3,14,8,0.12,0.56,0.32,0.4,0.24,0.2,0.0
4934,6,soft_dt_jump,9,1490,1,7,1,0.1111111111111111,0.7777777777777778,0.1111111111111111,0.5555555555555556,0.0,0.4444444444444444,0.0
4935,3,soft_state_jump,16,2310,4,9,3,0.25,0.5625,0.1875,0.4375,0.375,0.25,0.0
4936,1,soft_dt_jump,31,5160,5,20,6,0.16129032258064516,0.6451612903225806,0.1935483870967742,0.41935483870967744,0.2903225806451613,0.1935483870967742,0.0
4937,3,soft_state_jump,12,2470,2,8,2,0.16666666666666666,0.6666666666666666,0.16666666666666666,0.5833333333333334,0.16666666666666666,0.5,0.0
4938,3,soft_state_jump,14,870,6,5,3,0.42857142857142855,0.35714285714285715,0.21428571428571427,0.2857142857142857,0.42857142857142855,0.14285714285714285,0.0
4939,1,soft_dt_jump,37,6560,10,20,7,0.2702702702702703,0.5405405405405406,0.1891891891891892,0.3783783783783784,0.3783783783783784,0.13513513513513514,0.0
4940,1,soft_dt_jump,28,3670,6,16,6,0.21428571428571427,0.5714285714285714,0.21428571428571427,0.4642857142857143,0.32142857142857145,0.35714285714285715,0.0
4941,0,soft_state_jump,64,1270,54,7,3,0.84375,0.109375,0.046875,0.84375,0.09375,0.84375,0.0
4942,0,max_events_per_episode,8,320,6,1,1,0.75,0.125,0.125,0.625,0.25,0.625,0.0
4943,2,soft_dt_jump,15,2210,3,11,1,0.2,0.7333333333333333,0.06666666666666667,0.3333333333333333,0.6,0.06666666666666667,0.0
4944,2,soft_dt_jump,18,2590,4,10,4,0.2222222222222222,0.5555555555555556,0.2222222222222222,0.4444444444444444,0.3333333333333333,0.16666666666666666,0.0
4945,2,soft_dt_jump,22,2810,6,14,2,0.2727272727272727,0.6363636363636364,0.09090909090909091,0.45454545454545453,0.45454545454545453,0.2727272727272727,0.0
4946,0,soft_dt_jump,13,0,12,1,0,0.9230769230769231,0.07692307692307693,0.0,1.0,0.0,1.0,0.0
4947,1,soft_dt_jump,41,8710,8,27,6,0.1951219512195122,0.6585365853658537,0.14634146341463414,0.34146341463414637,0.43902439024390244,0.14634146341463414,0.0
4948,6,soft_state_jump,16,1190,9,6,1,0.5625,0.375,0.0625,0.75,0.0625,0.75,0.0
4949,2,soft_dt_jump,13,2390,3,9,1,0.23076923076923078,0.6923076923076923,0.07692307692307693,0.3076923076923077,0.5384615384615384,0.07692307692307693,0.0
4950,6,soft_dt_jump,16,1240,8,6,2,0.5,0.375,0.125,0.75,0.125,0.5625,0.0
4951,1,soft_dt_jump,34,5930,8,23,3,0.23529411764705882,0.6764705882352942,0.08823529411764706,0.4411764705882353,0.4411764705882353,0.20588235294117646,0.0
4952,6,soft_dt_jump,9,860,2,6,1,0.2222222222222222,0.6666666666666666,0.1111111111111111,0.8888888888888888,0.0,0.6666666666666666,0.0
4953,1,soft_dt_jump,30,6250,7,18,5,0.23333333333333334,0.6,0.16666666666666666,0.3333333333333333,0.4,0.16666666666666666,0.0
4954,2,soft_state_jump,10,2390,2,8,0,0.2,0.8,0.0,0.6,0.3,0.4,0.0
4955,2,soft_state_jump,9,2550,1,6,2,0.1111111111111111,0.6666666666666666,0.2222222222222222,0.4444444444444444,0.2222222222222222,0.2222222222222222,0.0
4956,7,soft_state_jump,28,810,18,8,2,0.6428571428571429,0.2857142857142857,0.07142857142857142,0.25,0.6785714285714286,0.17857142857142858,0.0
4957,1,soft_dt_jump,30,4530,8,19,3,0.26666666666666666,0.6333333333333333,0.1,0.4,0.43333333333333335,0.2,0.0
4958,3,soft_dt_jump,15,450,0,5,10,0.0,0.3333333333333333,0.4,0.3333333333333333,0.0,0.2,0.0
4959,1,soft_dt_jump,21,4200,5,12,4,0.23809523809523808,0.5714285714285714,0.19047619047619047,0.2857142857142857,0.47619047619047616,0.14285714285714285,0.0
4960,1,soft_dt_jump,28,4640,7,15,6,0.25,0.5357142857142857,0.21428571428571427,0.2857142857142857,0.4642857142857143,0.14285714285714285,0.0
4961,2,soft_dt_jump,15,2100,4,9,2,0.26666666666666666,0.6,0.13333333333333333,0.3333333333333333,0.5333333333333333,0.13333333333333333,0.0
4962,1,soft_state_jump,30,5870,6,18,6,0.2,0.6,0.2,0.5666666666666667,0.23333333333333334,0.4,0.0
4963,2,soft_state_jump,8,1220,2,4,2,0.25,0.5,0.25,0.25,0.375,0.0,0.0
4964,3,soft_dt_jump,10,460,3,6,1,0.3,0.6,0.1,0.5,0.4,0.4,0.0
4965,2,soft_dt_jump,15,2200,4,11,0,0.26666666666666666,0.7333333333333333,0.0,0.5333333333333333,0.3333333333333333,0.3333333333333333,0.0
4966,1,soft_dt_jump,27,4500,10,15,2,0.37037037037037035,0.5555555555555556,0.07407407407407407,0.5555555555555556,0.37037037037037035,0.2962962962962963,0.0
4967,2,soft_dt_jump,8,490,3,4,1,0.375,0.5,0.125,0.125,0.75,0.0,0.0
4968,0,soft_dt_jump,8,0,7,1,0,0.875,0.125,0.0,1.0,0.0,0.875,0.0
4969,3,soft_dt_jump,16,2710,1,7,8,0.0625,0.4375,0.4,0.25,0.125,0.125,0.0
4970,2,soft_state_jump,14,1640,2,8,4,0.14285714285714285,0.5714285714285714,0.2857142857142857,0.2857142857142857,0.2857142857142857,0.07142857142857142,0.0
4971,2,soft_dt_jump,13,2180,2,9,2,0.15384615384615385,0.6923076923076923,0.15384615384615385,0.38461538461538464,0.3076923076923077,0.0,0.0
4972,6,soft_dt_jump,14,900,8,5,1,0.5714285714285714,0.35714285714285715,0.07142857142857142,0.8571428571428571,0.07142857142857142,0.8571428571428571,0.0
4973,0,soft_dt_jump,18,460,15,3,0,0.8333333333333334,0.16666666666666666,0.0,1.0,0.0,0.9444444444444444,0.0
4974,0,soft_dt_jump,8,0,7,1,0,0.875,0.125,0.0,1.0,0.0,1.0,0.0
4975,2,soft_dt_jump,16,4960,1,11,4,0.0625,0.6875,0.25,0.5,0.1875,0.125,0.0
4976,1,soft_dt_jump,40,6790,10,25,5,0.25,0.625,0.125,0.325,0.475,0.175,0.0
4977,2,soft_dt_jump,9,1020,3,5,1,0.3333333333333333,0.5555555555555556,0.1111111111111111,0.4444444444444444,0.4444444444444444,0.4444444444444444,0.0
4978,2,soft_dt_jump,17,2730,5,11,1,0.29411764705882354,0.6470588235294118,0.058823529411764705,0.29411764705882354,0.5882352941176471,0.058823529411764705,0.0
4979,2,soft_state_jump,18,2630,3,11,4,0.16666666666666666,0.6111111111111112,0.2222222222222222,0.4444444444444444,0.3333333333333333,0.1111111111111111,0.0
4980,2,soft_dt_jump,17,2080,6,11,0,0.35294117647058826,0.6470588235294118,0.0,0.4117647058823529,0.47058823529411764,0.23529411764705882,0.0
4981,2,soft_state_jump,9,540,3,5,1,0.3333333333333333,0.5555555555555556,0.1111111111111111,0.4444444444444444,0.4444444444444444,0.4444444444444444,0.0
4982,1,soft_dt_jump,21,4390,4,14,3,0.19047619047619047,0.6666666666666666,0.14285714285714285,0.42857142857142855,0.38095238095238093,0.19047619047619047,0.0
4983,2,soft_dt_jump,11,1030,3,7,1,0.2727272727272727,0.6363636363636364,0.09090909090909091,0.2727272727272727,0.5454545454545454,0.0,0.0
4984,3,soft_side_flip_with_dt_jump,15,1300,0,13,2,0.0,0.8666666666666667,0.13333333333333333,0.13333333333333333,0.6666666666666666,0.06666666666666667,0.0
4985,6,soft_side_flip_with_dt_jump,13,1390,3,7,3,0.23076923076923078,0.5384615384615384,0.23076923076923078,0.5384615384615384,0.15384615384615385,0.5384615384615384,0.0
4986,2,soft_dt_jump,16,3040,4,10,2,0.25,0.625,0.125,0.25,0.625,0.125,0.0
4987,1,soft_dt_jump,26,3950,8,14,4,0.3076923076923077,0.5384615384615384,0.15384615384615385,0.34615384615384615,0.46153846153846156,0.23076923076923078,0.0
4988,3,soft_dt_jump,27,4940,9,13,5,0.3333333333333333,0.48148148148148145,0.18518518518518517,0.6296296296296297,0.1111111111111111,0.48148148148148145,0.0
4989,2,soft_dt_jump,18,2020,2,13,3,0.1111111111111111,0.7222222222222222,0.16666666666666666,0.5,0.2222222222222222,0.2777777777777778,0.0
4990,6,soft_state_jump,8,550,3,5,0,0.375,0.625,0.0,0.75,0.25,0.375,0.0
4991,3,soft_dt_jump,11,1620,2,7,2,0.18181818181818182,0.6363636363636364,0.18181818181818182,0.18181818181818182,0.45454545454545453,0.0,0.0
4992,1,soft_state_jump,19,2270,5,11,3,0.2631578947368421,0.5789473684210527,0.15789473684210525,0.5789473684210527,0.21052631578947367,0.3684210526315789,0.0
4993,2,soft_dt_jump,16,1440,4,10,2,0.25,0.625,0.125,0.4375,0.375,0.3125,0.0
4994,1,soft_dt_jump,33,7060,6,21,6,0.18181818181818182,0.6363636363636364,0.18181818181818182,0.42424242424242425,0.3333333333333333,0.18181818181818182,0.0
4995,2,soft_state_jump,12,1880,4,8,0,0.3333333333333333,0.6666666666666666,0.0,0.4166666666666667,0.5,0.3333333333333333,0.0
4996,1,soft_dt_jump,21,2420,6,12,3,0.2857142857142857,0.5714285714285714,0.14285714285714285,0.47619047619047616,0.2857142857142857,0.23809523809523808,0.0
4997,1,soft_dt_jump,25,4190,5,16,4,0.2,0.64,0.16,0.56,0.28,0.32,0.0
4998,3,soft_dt_jump,8,1480,2,4,2,0.25,0.5,0.25,0.375,0.25,0.25,0.0
4999,3,soft_state_jump,14,2920,3,8,3,0.21428571428571427,0.5714285714285714,0.21428571428571427,0.14285714285714285,0.5,0.07142857142857142,0.0
5000,7,soft_state_jump,9,770,5,4,0,0.5555555555555556,0.4444444444444444,0.0,0.1111111111111111,0.8888888888888888,0.1111111111111111,0.0
5001,2,soft_dt_jump,15,1720,6,8,1,0.4,0.5333333333333333,0.06666666666666667,0.4,0.5333333333333333,0.26666666666666666,0.0
5002,3,soft_dt_jump,11,1700,4,5,2,0.36363636363636365,0.45454545454545453,0.18181818181818182,0.36363636363636365,0.36363636363636365,0.36363636363636365,0.0
5003,2,soft_state_jump,20,1470,7,12,1,0.35,0.6,0.05,0.25,0.65,0.2,0.0
5004,3,soft_dt_jump,12,1650,4,6,2,0.3333333333333333,0.5,0.16666666666666666,0.4166666666666667,0.25,0.3333333333333333,0.0
5005,2,soft_dt_jump,8,1260,1,6,1,0.125,0.75,0.125,0.625,0.25,0.625,0.0
5006,2,soft_state_jump,8,1500,2,6,0,0.25,0.75,0.0,0.75,0.25,0.375,0.0
5007,2,soft_dt_jump,28,3190,8,18,2,0.2857142857142857,0.6428571428571429,0.07142857142857142,0.39285714285714285,0.5,0.25,0.0
5008,2,soft_dt_jump,19,2660,5,13,1,0.2631578947368421,0.6842105263157895,0.05263157894736842,0.631578947368421,0.3157894736842105,0.42105263157894735,0.0
5009,3,soft_state_jump,15,2650,3,8,4,0.2,0.5333333333333333,0.26666666666666666,0.13333333333333333,0.4666666666666667,0.13333333333333333,0.0
5010,3,soft_state_jump,13,2240,3,7,3,0.23076923076923078,0.5384615384615384,0.23076923076923078,0.3076923076923077,0.38461538461538464,0.15384615384615385,0.0
5011,7,soft_state_jump,10,380,6,4,0,0.6,0.4,0.0,0.3,0.7,0.2,0.0
5012,3,soft_dt_jump,12,2130,3,7,2,0.25,0.5833333333333334,0.16666666666666666,0.4166666666666667,0.3333333333333333,0.3333333333333333,0.0
5013,1,soft_state_jump,21,2870,7,11,3,0.3333333333333333,0.5238095238095238,0.14285714285714285,0.2857142857142857,0.5238095238095238,0.2857142857142857,0.0
5014,1,soft_dt_jump,16,3640,2,9,5,0.125,0.5625,0.3125,0.5,0.1875,0.25,0.0
5015,3,soft_dt_jump,9,740,2,5,2,0.2222222222222222,0.5555555555555556,0.2222222222222222,0.4444444444444444,0.2222222222222222,0.3333333333333333,0.0
5016,2,soft_dt_jump,11,550,4,5,2,0.36363636363636365,0.45454545454545453,0.18181818181818182,0.0,0.7272727272727273,0.0,0.0
5017,1,soft_dt_jump,28,4770,7,15,6,0.25,0.5357142857142857,0.21428571428571427,0.32142857142857145,0.42857142857142855,0.14285714285714285,0.0
5018,2,soft_state_jump,20,2690,5,13,2,0.25,0.65,0.1,0.4,0.5,0.15,0.0
5019,1,soft_dt_jump,64,9330,19,37,8,0.296875,0.578125,0.125,0.34375,0.46875,0.21875,0.0
5020,0,max_events_per_episode,18,570,15,3,0,0.8333333333333334,0.16666666666666666,0.0,0.7222222222222222,0.2222222222222222,0.6666666666666666,0.0
5021,2,soft_dt_jump,12,950,1,8,3,0.08333333333333333,0.6666666666666666,0.25,0.5,0.16666666666666666,0.3333333333333333,0.0
5022,3,soft_side_flip_with_dt_jump,14,3200,3,6,5,0.21428571428571427,0.42857142857142855,0.35714285714285715,0.35714285714285715,0.2857142857142857,0.2857142857142857,0.0
5023,2,soft_state_jump,10,1110,2,6,2,0.2,0.6,0.2,0.4,0.4,0.2,0.0
5024,3,soft_dt_jump,9,1200,4,4,1,0.4444444444444444,0.4444444444444444,0.1111111111111111,0.2222222222222222,0.5555555555555556,0.2222222222222222,0.0
5025,7,soft_dt_jump,16,220,12,4,0,0.75,0.25,0.0,0.125,0.875,0.0625,0.0
5026,2,soft_dt_jump,17,2950,7,10,0,0.4117647058823529,0.5882352941176471,0.0,0.4117647058823529,0.5882352941176471,0.4117647058823529,0.0
5027,1,soft_side_flip_with_dt_jump,13,4160,1,8,4,0.07692307692307693,0.6153846153846154,0.3076923076923077,0.6153846153846154,0.0,0.46153846153846156,0.0
5028,0,soft_state_jump,24,0,23,1,0,0.9583333333333334,0.041666666666666664,0.0,1.0,0.0,1.0,0.0
5029,2,soft_dt_jump,12,2480,2,8,2,0.16666666666666666,0.6666666666666666,0.16666666666666666,0.5,0.3333333333333333,0.16666666666666666,0.0
5030,2,soft_state_jump,8,510,3,5,0,0.375,0.625,0.0,0.5,0.5,0.25,0.0
5031,1,soft_dt_jump,28,3910,10,13,5,0.35714285714285715,0.4642857142857143,0.17857142857142858,0.32142857142857145,0.4642857142857143,0.25,0.0
5032,6,soft_dt_jump,21,1710,11,7,3,0.5238095238095238,0.3333333333333333,0.14285714285714285,0.7619047619047619,0.09523809523809523,0.5714285714285714,0.0
5033,6,soft_dt_jump,22,1310,11,11,0,0.5,0.5,0.0,0.6818181818181818,0.2727272727272727,0.45454545454545453,0.0
5034,0,soft_dt_jump,24,1100,14,9,1,0.5833333333333334,0.375,0.041666666666666664,0.7083333333333334,0.25,0.625,0.0
5035,2,soft_dt_jump,11,2430,2,8,1,0.18181818181818182,0.7272727272727273,0.09090909090909091,0.5454545454545454,0.2727272727272727,0.36363636363636365,0.0
5036,2,soft_dt_jump,10,950,3,5,2,0.3,0.5,0.2,0.2,0.6,0.1,0.0
5037,3,soft_state_jump,13,930,2,8,3,0.15384615384615385,0.6153846153846154,0.23076923076923078,0.23076923076923078,0.46153846153846156,0.15384615384615385,0.0
5038,6,soft_side_flip_with_dt_jump,13,1610,4,9,0,0.3076923076923077,0.6923076923076923,0.0,0.5384615384615384,0.3076923076923077,0.38461538461538464,0.0
5039,2,soft_state_jump,23,2520,6,14,3,0.2608695652173913,0.6086956521739131,0.13043478260869565,0.34782608695652173,0.391304347826087,0.2608695652173913,0.0
5040,3,soft_state_jump,14,1380,5,7,2,0.35714285714285715,0.5,0.14285714285714285,0.2857142857142857,0.5,0.21428571428571427,0.0
5041,0,soft_dt_jump,33,1200,24,8,1,0.7272727272727273,0.24242424242424243,0.030303030303030304,0.9393939393939394,0.030303030303030304,0.8484848484848485,0.0
5042,2,soft_dt_jump,22,2570,4,16,2,0.18181818181818182,0.7272727272727273,0.09090909090909091,0.5,0.36363636363636365,0.18181818181818182,0.0
5043,7,soft_dt_jump,29,990,26,3,0,0.896551724137931,0.10344827586206896,0.0,0.0,1.0,0.0,0.0
5044,2,soft_dt_jump,14,1010,3,10,1,0.21428571428571427,0.7142857142857143,0.07142857142857142,0.42857142857142855,0.42857142857142855,0.21428571428571427,0.0
5045,1,soft_side_flip_with_dt_jump,27,3690,5,16,6,0.18518518518518517,0.5925925925925926,0.2222222222222222,0.4444444444444444,0.2222222222222222,0.2222222222222222,0.0
5046,6,soft_dt_jump,19,1460,11,7,1,0.5789473684210527,0.3684210526315789,0.05263157894736842,0.7368421052631579,0.21052631578947367,0.6842105263157895,0.0
5047,7,soft_dt_jump,11,0,10,1,0,0.9090909090909091,0.09090909090909091,0.0,0.0,1.0,0.0,0.0
5048,2,soft_dt_jump,17,1570,3,10,4,0.17647058823529413,0.5882352941176471,0.23529411764705882,0.29411764705882354,0.4117647058823529,0.17647058823529413,0.0
5049,2,soft_state_jump,15,2210,2,11,2,0.13333333333333333,0.7333333333333333,0.13333333333333333,0.6,0.26666666666666666,0.2,0.0
5050,2,soft_dt_jump,12,690,3,6,3,0.25,0.5,0.25,0.16666666666666666,0.5,0.16666666666666666,0.0
5051,0,soft_dt_jump,10,80,8,2,0,0.8,0.2,0.0,0.8,0.2,0.7,0.0
5052,3,soft_dt_jump,8,450,2,3,3,0.25,0.375,0.375,0.0,0.5,0.0,0.0
5053,3,soft_dt_jump,14,1180,6,7,1,0.42857142857142855,0.5,0.07142857142857142,0.35714285714285715,0.5,0.35714285714285715,0.0
5054,2,soft_dt_jump,9,490,4,5,0,0.4444444444444444,0.5555555555555556,0.0,0.1111111111111111,0.8888888888888888,0.1111111111111111,0.0
5055,7,soft_dt_jump,33,2160,23,7,3,0.696969696969697,0.21212121212121213,0.09090909090909091,0.15151515151515152,0.7575757575757576,0.12121212121212122,0.0
5056,2,soft_dt_jump,11,1680,0,9,2,0.0,0.8181818181818182,0.18181818181818182,0.6363636363636364,0.18181818181818182,0.2727272727272727,0.0
5057,1,soft_state_jump,29,5580,6,16,7,0.20689655172413793,0.5517241379310345,0.2413793103448276,0.5172413793103449,0.2413793103448276,0.3448275862068966,0.0
5058,7,soft_state_jump,9,1790,5,3,1,0.5555555555555556,0.3333333333333333,0.1111111111111111,0.2222222222222222,0.6666666666666666,0.1111111111111111,0.0
5059,7,soft_dt_jump,23,1450,12,9,2,0.5217391304347826,0.391304347826087,0.08695652173913043,0.17391304347826086,0.6521739130434783,0.13043478260869565,0.0
5060,2,soft_dt_jump,15,1720,3,11,1,0.2,0.7333333333333333,0.06666666666666667,0.6,0.26666666666666666,0.26666666666666666,0.0
5061,1,soft_state_jump,16,2820,2,9,5,0.125,0.5625,0.3125,0.5,0.125,0.1875,0.0
5062,3,soft_state_jump,23,2380,9,9,5,0.391304347826087,0.391304347826087,0.21739130434782608,0.17391304347826086,0.5217391304347826,0.08695652173913043,0.0
5063,1,soft_dt_jump,17,1850,3,13,1,0.17647058823529413,0.7647058823529411,0.058823529411764705,0.5882352941176471,0.23529411764705882,0.17647058823529413,0.0
5064,1,soft_dt_jump,62,8480,13,41,8,0.20967741935483872,0.6612903225806451,0.12903225806451613,0.6290322580645161,0.20967741935483872,0.3548387096774194,0.0
5065,6,soft_dt_jump,10,830,4,6,0,0.4,0.6,0.0,0.5,0.4,0.4,0.0
5066,0,soft_state_jump,20,1120,16,3,1,0.8,0.15,0.05,0.85,0.1,0.8,0.0
5067,2,soft_dt_jump,13,1430,2,10,1,0.15384615384615385,0.7692307692307693,0.07692307692307693,0.6923076923076923,0.15384615384615385,0.23076923076923078,0.0
5068,2,soft_state_jump,15,2230,1,7,7,0.06666666666666667,0.4666666666666667,0.4,0.4,0.13333333333333333,0.06666666666666667,0.0
5069,1,soft_state_jump,22,2680,1,14,7,0.045454545454545456,0.6363636363636364,0.3181818181818182,0.6363636363636364,0.045454545454545456,0.2727272727272727,0.0
5070,2,soft_state_jump,19,2570,5,12,2,0.2631578947368421,0.631578947368421,0.10526315789473684,0.42105263157894735,0.47368421052631576,0.15789473684210525,0.0
5071,1,soft_state_jump,19,2720,4,14,1,0.21052631578947367,0.7368421052631579,0.05263157894736842,0.5263157894736842,0.3157894736842105,0.3684210526315789,0.0
5072,6,soft_state_jump,9,590,4,5,0,0.4444444444444444,0.5555555555555556,0.0,0.5555555555555556,0.4444444444444444,0.4444444444444444,0.0
5073,3,soft_dt_jump,23,4750,6,12,5,0.2608695652173913,0.5217391304347826,0.21739130434782608,0.391304347826087,0.30434782608695654,0.2608695652173913,0.0
5074,2,soft_dt_jump,8,910,1,7,0,0.125,0.875,0.0,0.625,0.375,0.125,0.0
5075,6,soft_dt_jump,14,1830,4,9,1,0.2857142857142857,0.6428571428571429,0.07142857142857142,0.8571428571428571,0.0,0.7857142857142857,0.0
5076,1,soft_dt_jump,35,6830,5,24,6,0.14285714285714285,0.6857142857142857,0.17142857142857143,0.5142857142857142,0.2857142857142857,0.2571428571428571,0.0
5077,2,soft_state_jump,16,1960,4,10,2,0.25,0.625,0.125,0.5,0.3125,0.3125,0.0
5078,2,soft_dt_jump,12,1780,4,7,1,0.3333333333333333,0.5833333333333334,0.08333333333333333,0.16666666666666666,0.6666666666666666,0.0,0.0
5079,1,soft_dt_jump,22,2340,6,14,2,0.2727272727272727,0.6363636363636364,0.09090909090909091,0.7272727272727273,0.18181818181818182,0.45454545454545453,0.0
5080,3,soft_dt_jump,23,4930,2,16,5,0.08695652173913043,0.6956521739130435,0.21739130434782608,0.4782608695652174,0.043478260869565216,0.2608695652173913,0.0
5081,2,soft_side_flip_with_dt_jump,13,2180,3,9,1,0.23076923076923078,0.6923076923076923,0.07692307692307693,0.46153846153846156,0.46153846153846156,0.07692307692307693,0.0
5082,1,soft_dt_jump,27,3370,6,18,3,0.2222222222222222,0.6666666666666666,0.1111111111111111,0.7037037037037037,0.18518518518518517,0.5185185185185185,0.0
5083,2,soft_dt_jump,9,2280,1,5,3,0.1111111111111111,0.5555555555555556,0.3333333333333333,0.6666666666666666,0.0,0.2222222222222222,0.0
5084,2,soft_dt_jump,11,2340,1,7,3,0.09090909090909091,0.6363636363636364,0.2727272727272727,0.5454545454545454,0.18181818181818182,0.2727272727272727,0.0
5085,1,soft_state_jump,21,2860,2,13,6,0.09523809523809523,0.6190476190476191,0.2857142857142857,0.38095238095238093,0.19047619047619047,0.047619047619047616,0.0
5086,1,soft_dt_jump,25,4790,4,15,6,0.16,0.6,0.24,0.48,0.24,0.16,0.0
5087,0,soft_state_jump,17,110,15,2,0,0.8823529411764706,0.11764705882352941,0.0,0.9411764705882353,0.0,0.9411764705882353,0.0
5088,6,soft_dt_jump,13,1020,5,5,3,0.38461538461538464,0.38461538461538464,0.23076923076923078,0.7692307692307693,0.0,0.38461538461538464,0.0
5089,2,soft_dt_jump,15,1270,5,8,2,0.3333333333333333,0.5333333333333333,0.13333333333333333,0.2,0.5333333333333333,0.13333333333333333,0.0
5090,3,soft_state_jump,12,2280,2,8,2,0.16666666666666666,0.6666666666666666,0.16666666666666666,0.5833333333333334,0.16666666666666666,0.3333333333333333,0.0
5091,2,soft_state_jump,11,2900,1,8,2,0.09090909090909091,0.7272727272727273,0.18181818181818182,0.6363636363636364,0.18181818181818182,0.5454545454545454,0.0
5092,1,soft_state_jump,14,1960,4,7,3,0.2857142857142857,0.5,0.21428571428571427,0.6428571428571429,0.14285714285714285,0.42857142857142855,0.0
5093,2,soft_dt_jump,8,310,3,4,1,0.375,0.5,0.125,0.25,0.5,0.25,0.0
5094,2,soft_dt_jump,13,2700,2,7,4,0.15384615384615385,0.5384615384615384,0.3076923076923077,0.3076923076923077,0.3076923076923077,0.23076923076923078,0.0
5095,6,soft_state_jump,20,1430,6,14,0,0.3,0.7,0.0,0.75,0.25,0.45,0.0
5096,2,soft_dt_jump,9,1390,3,5,1,0.3333333333333333,0.5555555555555556,0.1111111111111111,0.2222222222222222,0.5555555555555556,0.1111111111111111,0.0
5097,0,soft_dt_jump,62,3360,49,7,6,0.7903225806451613,0.11290322580645161,0.0967741935483871,0.8870967741935484,0.016129032258064516,0.8548387096774194,0.0
5098,6,soft_dt_jump,14,1370,3,9,2,0.21428571428571427,0.6428571428571429,0.14285714285714285,0.7857142857142857,0.07142857142857142,0.5,0.0
5099,1,soft_state_jump,64,8730,14,36,14,0.21875,0.5625,0.21875,0.21875,0.40625,0.109375,0.0
5100,1,max_events_per_episode,38,4460,18,17,3,0.47368421052631576,0.4473684210526316,0.07894736842105263,0.5526315789473685,0.2631578947368421,0.34210526315789475,0.0
5101,6,soft_dt_jump,9,1480,4,5,0,0.4444444444444444,0.5555555555555556,0.0,1.0,0.0,0.6666666666666666,0.0
5102,3,soft_dt_jump,10,1790,3,5,2,0.3,0.5,0.2,0.2,0.5,0.2,0.0
5103,2,soft_side_flip_with_dt_jump,9,320,3,6,0,0.3333333333333333,0.6666666666666666,0.0,0.3333333333333333,0.6666666666666666,0.3333333333333333,0.0
5104,2,soft_dt_jump,10,1490,2,6,2,0.2,0.6,0.2,0.6,0.2,0.5,0.0
5105,2,soft_dt_jump,14,1450,4,8,2,0.2857142857142857,0.5714285714285714,0.14285714285714285,0.21428571428571427,0.6428571428571429,0.0,0.0
5106,1,soft_dt_jump,29,4480,9,16,4,0.3103448275862069,0.5517241379310345,0.13793103448275862,0.4482758620689655,0.3448275862068966,0.3448275862068966,0.0
5107,1,soft_dt_jump,19,2970,6,10,3,0.3157894736842105,0.5263157894736842,0.15789473684210525,0.631578947368421,0.21052631578947367,0.42105263157894735,0.0
5108,1,soft_dt_jump,48,6410,14,25,9,0.2916666666666667,0.5208333333333334,0.1875,0.25,0.5416666666666666,0.14583333333333334,0.0
5109,2,soft_dt_jump,11,1270,2,6,3,0.18181818181818182,0.5454545454545454,0.2727272727272727,0.2727272727272727,0.45454545454545453,0.0,0.0
5110,1,soft_dt_jump,39,6090,16,20,3,0.41025641025641024,0.5128205128205128,0.07692307692307693,0.6153846153846154,0.2564102564102564,0.5128205128205128,0.0
5111,6,soft_dt_jump,16,2590,8,6,2,0.5,0.375,0.125,0.5,0.1875,0.4375,0.0
5112,2,soft_dt_jump,14,2740,3,9,2,0.21428571428571427,0.6428571428571429,0.14285714285714285,0.42857142857142855,0.35714285714285715,0.2857142857142857,0.0
5113,0,soft_dt_jump,16,1530,13,3,0,0.8125,0.1875,0.0,0.75,0.25,0.75,0.0
5114,2,soft_dt_jump,11,1070,4,6,1,0.36363636363636365,0.5454545454545454,0.09090909090909091,0.2727272727272727,0.6363636363636364,0.2727272727272727,0.0
5115,2,soft_state_jump,15,2320,3,9,3,0.2,0.6,0.2,0.26666666666666666,0.4666666666666667,0.06666666666666667,0.0
5116,3,soft_dt_jump,12,2000,2,7,3,0.16666666666666666,0.5833333333333334,0.25,0.3333333333333333,0.25,0.25,0.0
5117,0,soft_state_jump,11,720,8,3,0,0.7272727272727273,0.2727272727272727,0.0,1.0,0.0,1.0,0.0
5118,2,soft_dt_jump,9,1400,2,6,1,0.2222222222222222,0.6666666666666666,0.1111111111111111,0.3333333333333333,0.4444444444444444,0.0,0.0
5119,2,soft_state_jump,8,370,3,5,0,0.375,0.625,0.0,0.5,0.5,0.25,0.0
5120,1,soft_dt_jump,25,4670,8,14,3,0.32,0.56,0.12,0.52,0.36,0.4,0.0
5121,3,soft_state_jump,8,640,2,4,2,0.25,0.5,0.25,0.5,0.25,0.375,0.0
5122,7,soft_side_flip_with_dt_jump,10,450,6,4,0,0.6,0.4,0.0,0.5,0.5,0.4,0.0
5123,1,soft_dt_jump,25,4860,8,15,2,0.32,0.6,0.08,0.44,0.4,0.4,0.0
5124,2,soft_dt_jump,22,3250,8,12,2,0.36363636363636365,0.5454545454545454,0.09090909090909091,0.4090909090909091,0.5,0.3181818181818182,0.0
5125,0,soft_dt_jump,19,1710,14,3,2,0.7368421052631579,0.15789473684210525,0.10526315789473684,0.8421052631578947,0.05263157894736842,0.7894736842105263,0.0
5126,7,soft_dt_jump,25,1790,15,7,3,0.6,0.28,0.12,0.2,0.64,0.16,0.0
5127,3,soft_dt_jump,10,1770,5,4,1,0.5,0.4,0.1,0.4,0.4,0.3,0.0
5128,2,soft_dt_jump,11,830,3,7,1,0.2727272727272727,0.6363636363636364,0.09090909090909091,0.2727272727272727,0.6363636363636364,0.09090909090909091,0.0
5129,7,soft_dt_jump,8,0,7,1,0,0.875,0.125,0.0,0.0,1.0,0.0,0.0
5130,7,soft_dt_jump,11,230,8,3,0,0.7272727272727273,0.2727272727272727,0.0,0.09090909090909091,0.9090909090909091,0.09090909090909091,0.0
5131,0,soft_dt_jump,10,0,9,1,0,0.9,0.1,0.0,1.0,0.0,1.0,0.0
5132,3,soft_dt_jump,11,740,3,4,4,0.2727272727272727,0.36363636363636365,0.36363636363636365,0.36363636363636365,0.2727272727272727,0.18181818181818182,0.0
5133,2,soft_dt_jump,21,3950,5,13,3,0.23809523809523808,0.6190476190476191,0.14285714285714285,0.2857142857142857,0.5714285714285714,0.047619047619047616,0.0
5134,2,soft_dt_jump,12,1690,3,7,2,0.25,0.5833333333333334,0.16666666666666666,0.3333333333333333,0.4166666666666667,0.16666666666666666,0.0
5135,2,soft_side_flip_with_dt_jump,8,450,3,5,0,0.375,0.625,0.0,0.625,0.375,0.375,0.0
5136,2,soft_dt_jump,8,1780,4,3,1,0.5,0.375,0.125,0.125,0.625,0.0,0.0
5137,3,soft_dt_jump,8,830,1,5,2,0.125,0.625,0.25,0.25,0.375,0.125,0.0
5138,3,soft_side_flip_with_dt_jump,24,2460,6,15,3,0.25,0.625,0.125,0.3333333333333333,0.5,0.20833333333333334,0.0
5139,0,soft_dt_jump,13,200,10,3,0,0.7692307692307693,0.23076923076923078,0.0,1.0,0.0,0.9230769230769231,0.0
5140,3,soft_dt_jump,17,2550,5,9,3,0.29411764705882354,0.5294117647058824,0.17647058823529413,0.35294117647058826,0.47058823529411764,0.23529411764705882,0.0
5141,2,soft_state_jump,9,520,3,5,1,0.3333333333333333,0.5555555555555556,0.1111111111111111,0.1111111111111111,0.7777777777777778,0.0,0.0
5142,3,soft_dt_jump,12,460,0,12,0,0.0,0.8888888888888888,0.0,0.08333333333333333,0.9166666666666666,0.0,0.0
5143,2,soft_side_flip_with_dt_jump,10,1240,1,7,2,0.1,0.7,0.2,0.4,0.3,0.1,0.0
5144,1,soft_dt_jump,29,4240,6,17,6,0.20689655172413793,0.5862068965517241,0.20689655172413793,0.5517241379310345,0.20689655172413793,0.27586206896551724,0.0
5145,6,soft_side_flip_with_dt_jump,17,1780,8,7,2,0.47058823529411764,0.4117647058823529,0.11764705882352941,0.7647058823529411,0.058823529411764705,0.5294117647058824,0.0
5146,0,soft_dt_jump,13,360,8,3,2,0.6153846153846154,0.23076923076923078,0.15384615384615385,0.8461538461538461,0.0,0.6923076923076923,0.0
5147,1,soft_dt_jump,48,6140,14,28,6,0.2916666666666667,0.5833333333333334,0.125,0.375,0.4583333333333333,0.2916666666666667,0.0
5148,2,soft_dt_jump,23,3390,6,14,3,0.2608695652173913,0.6086956521739131,0.13043478260869565,0.17391304347826086,0.6521739130434783,0.043478260869565216,0.0
5149,6,soft_state_jump,10,1080,2,7,1,0.2,0.7,0.1,0.8,0.1,0.4,0.0
5150,0,soft_dt_jump,8,80,6,2,0,0.75,0.25,0.0,0.75,0.25,0.75,0.0
5151,6,soft_dt_jump,13,1260,8,4,1,0.6153846153846154,0.3076923076923077,0.07692307692307693,0.7692307692307693,0.15384615384615385,0.6153846153846154,0.0
5152,7,soft_dt_jump,13,120,10,3,0,0.7692307692307693,0.23076923076923078,0.0,0.07692307692307693,0.8461538461538461,0.07692307692307693,0.0
5153,6,soft_dt_jump,8,960,4,4,0,0.5,0.5,0.0,0.75,0.25,0.75,0.0
5154,1,soft_dt_jump,28,4400,6,18,4,0.21428571428571427,0.6428571428571429,0.14285714285714285,0.5357142857142857,0.21428571428571427,0.35714285714285715,0.0
5155,1,soft_state_jump,18,2840,3,11,4,0.16666666666666666,0.6111111111111112,0.2222222222222222,0.5555555555555556,0.2222222222222222,0.2777777777777778,0.0
5156,2,soft_dt_jump,20,2620,8,10,2,0.4,0.5,0.1,0.2,0.65,0.15,0.0
5157,3,soft_dt_jump,11,2160,1,5,5,0.09090909090909091,0.45454545454545453,0.4,0.36363636363636365,0.18181818181818182,0.2727272727272727,0.0
5158,6,soft_state_jump,10,710,4,5,1,0.4,0.5,0.1,0.8,0.1,0.7,0.0
5159,7,soft_side_flip_with_dt_jump,8,360,5,3,0,0.625,0.375,0.0,0.375,0.625,0.375,0.0
5160,7,soft_dt_jump,22,1830,13,8,1,0.5909090909090909,0.36363636363636365,0.045454545454545456,0.18181818181818182,0.7272727272727273,0.09090909090909091,0.0
5161,6,soft_dt_jump,13,2060,4,8,1,0.3076923076923077,0.6153846153846154,0.07692307692307693,0.9230769230769231,0.0,0.6153846153846154,0.0
5162,6,soft_side_flip_with_dt_jump,20,1840,10,8,2,0.5,0.4,0.1,0.55,0.3,0.5,0.0
5163,2,soft_dt_jump,15,2250,6,8,1,0.4,0.5333333333333333,0.06666666666666667,0.2,0.6666666666666666,0.0,0.0
5164,1,soft_dt_jump,53,3790,30,20,3,0.5660377358490566,0.37735849056603776,0.05660377358490566,0.6981132075471698,0.16981132075471697,0.6226415094339622,0.0
5165,2,soft_dt_jump,17,1780,4,12,1,0.23529411764705882,0.7058823529411765,0.058823529411764705,0.35294117647058826,0.5294117647058824,0.11764705882352941,0.0
5166,6,soft_dt_jump,32,2560,17,13,2,0.53125,0.40625,0.0625,0.625,0.21875,0.625,0.0
5167,2,soft_dt_jump,12,2260,4,6,2,0.3333333333333333,0.5,0.16666666666666666,0.3333333333333333,0.5,0.16666666666666666,0.0
5168,3,soft_side_flip_with_dt_jump,14,3710,4,8,2,0.2857142857142857,0.5714285714285714,0.14285714285714285,0.42857142857142855,0.2857142857142857,0.35714285714285715,0.0
5169,2,soft_dt_jump,9,1410,2,6,1,0.2222222222222222,0.6666666666666666,0.1111111111111111,0.6666666666666666,0.2222222222222222,0.4444444444444444,0.0
5170,1,soft_dt_jump,23,5400,3,13,7,0.13043478260869565,0.5652173913043478,0.30434782608695654,0.34782608695652173,0.34782608695652173,0.17391304347826086,0.0
5171,6,soft_dt_jump,9,460,5,3,1,0.5555555555555556,0.3333333333333333,0.1111111111111111,0.5555555555555556,0.3333333333333333,0.5555555555555556,0.0
5172,3,soft_dt_jump,14,1560,4,6,4,0.2857142857142857,0.42857142857142855,0.2857142857142857,0.2857142857142857,0.42857142857142855,0.21428571428571427,0.0
5173,0,soft_dt_jump,16,0,15,1,0,0.9375,0.0625,0.0,1.0,0.0,1.0,0.0
5174,6,soft_dt_jump,16,1240,9,6,1,0.5625,0.375,0.0625,0.6875,0.1875,0.6875,0.0
5175,6,soft_dt_jump,24,2800,14,8,2,0.5833333333333334,0.3333333333333333,0.08333333333333333,0.75,0.125,0.5833333333333334,0.0
5176,6,soft_dt_jump,17,1400,10,7,0,0.5882352941176471,0.4117647058823529,0.0,0.9411764705882353,0.0,0.6470588235294118,0.0
5177,1,soft_dt_jump,28,4850,4,19,5,0.14285714285714285,0.6785714285714286,0.17857142857142858,0.5357142857142857,0.17857142857142858,0.39285714285714285,0.0
5178,7,soft_state_jump,40,3300,27,11,2,0.675,0.275,0.05,0.15,0.775,0.125,0.0
5179,2,soft_dt_jump,17,2530,3,13,1,0.17647058823529413,0.7647058823529411,0.058823529411764705,0.4117647058823529,0.5294117647058824,0.17647058823529413,0.0
5180,6,soft_state_jump,19,2110,7,10,2,0.3684210526315789,0.5263157894736842,0.10526315789473684,0.7368421052631579,0.10526315789473684,0.42105263157894735,0.0
5181,6,soft_dt_jump,10,1640,6,3,1,0.6,0.3,0.1,0.8,0.0,0.6,0.0
5182,1,soft_dt_jump,12,1570,2,6,4,0.16666666666666666,0.5,0.3333333333333333,0.6666666666666666,0.0,0.3333333333333333,0.0
5183,2,soft_state_jump,13,2690,2,9,2,0.15384615384615385,0.6923076923076923,0.15384615384615385,0.6923076923076923,0.15384615384615385,0.07692307692307693,0.0
5184,1,soft_state_jump,22,2840,8,12,2,0.36363636363636365,0.5454545454545454,0.09090909090909091,0.6363636363636364,0.22727272727272727,0.45454545454545453,0.0
5185,3,soft_state_jump,19,2990,5,12,2,0.2631578947368421,0.631578947368421,0.10526315789473684,0.15789473684210525,0.5263157894736842,0.0,0.0
5186,1,soft_state_jump,16,2460,4,9,3,0.25,0.5625,0.1875,0.375,0.375,0.125,0.0
5187,3,soft_dt_jump,12,1880,2,5,5,0.16666666666666666,0.4166666666666667,0.4,0.16666666666666666,0.3333333333333333,0.0,0.0
5188,1,soft_state_jump,22,1760,7,12,3,0.3181818181818182,0.5454545454545454,0.13636363636363635,0.5909090909090909,0.22727272727272727,0.36363636363636365,0.0
5189,3,soft_side_flip_with_dt_jump,18,3020,2,10,6,0.1111111111111111,0.5555555555555556,0.3333333333333333,0.16666666666666666,0.3333333333333333,0.1111111111111111,0.0
5190,1,soft_state_jump,23,5450,4,15,4,0.17391304347826086,0.6521739130434783,0.17391304347826086,0.30434782608695654,0.30434782608695654,0.17391304347826086,0.0
5191,2,soft_side_flip_with_dt_jump,8,880,3,5,0,0.375,0.625,0.0,0.5,0.375,0.25,0.0
5192,2,soft_dt_jump,12,1060,1,9,2,0.08333333333333333,0.75,0.16666666666666666,0.4166666666666667,0.3333333333333333,0.16666666666666666,0.0
5193,2,soft_dt_jump,17,2630,6,9,2,0.35294117647058826,0.5294117647058824,0.11764705882352941,0.23529411764705882,0.5294117647058824,0.17647058823529413,0.0
5194,6,soft_dt_jump,12,2440,3,8,1,0.25,0.6666666666666666,0.08333333333333333,0.6666666666666666,0.16666666666666666,0.5,0.0
5195,6,soft_state_jump,11,750,6,5,0,0.5454545454545454,0.45454545454545453,0.0,0.5454545454545454,0.36363636363636365,0.36363636363636365,0.0
5196,6,soft_dt_jump,11,1620,5,5,1,0.45454545454545453,0.45454545454545453,0.09090909090909091,0.7272727272727273,0.18181818181818182,0.6363636363636364,0.0
5197,5,soft_dt_jump,19,2730,6,11,2,0.3157894736842105,0.5789473684210527,0.10526315789473684,0.3684210526315789,0.3157894736842105,0.2631578947368421,0.21052631578947367
5198,5,soft_state_jump,19,2740,3,12,4,0.15789473684210525,0.631578947368421,0.21052631578947367,0.47368421052631576,0.10526315789473684,0.21052631578947367,0.15789473684210525
5199,1,soft_state_jump,15,1970,2,9,4,0.13333333333333333,0.6,0.26666666666666666,0.5333333333333333,0.13333333333333333,0.26666666666666666,0.0
5200,2,soft_dt_jump,16,3010,2,12,2,0.125,0.75,0.125,0.4375,0.375,0.0,0.0
5201,0,soft_dt_jump,8,760,6,2,0,0.75,0.25,0.0,1.0,0.0,0.5,0.0
5202,3,soft_dt_jump,18,1280,7,10,1,0.3888888888888889,0.5555555555555556,0.05555555555555555,0.2222222222222222,0.5,0.1111111111111111,0.0
5203,2,soft_dt_jump,11,2490,1,10,0,0.09090909090909091,0.8888888888888888,0.0,0.18181818181818182,0.45454545454545453,0.09090909090909091,0.0
5204,6,soft_state_jump,19,2470,6,11,2,0.3157894736842105,0.5789473684210527,0.10526315789473684,0.7368421052631579,0.15789473684210525,0.42105263157894735,0.0
5205,2,soft_dt_jump,17,2440,4,10,3,0.23529411764705882,0.5882352941176471,0.17647058823529413,0.4117647058823529,0.4117647058823529,0.23529411764705882,0.0
5206,3,soft_state_jump,13,600,5,4,4,0.38461538461538464,0.3076923076923077,0.3076923076923077,0.07692307692307693,0.6153846153846154,0.0,0.0
5207,1,soft_dt_jump,16,1470,3,10,3,0.1875,0.625,0.1875,0.5625,0.1875,0.1875,0.0
5208,1,soft_dt_jump,24,2710,7,14,3,0.2916666666666667,0.5833333333333334,0.125,0.375,0.4583333333333333,0.125,0.0
5209,6,soft_dt_jump,11,1750,5,6,0,0.45454545454545453,0.5454545454545454,0.0,0.9090909090909091,0.09090909090909091,0.7272727272727273,0.0
5210,2,soft_dt_jump,13,1570,2,7,4,0.15384615384615385,0.5384615384615384,0.3076923076923077,0.38461538461538464,0.15384615384615385,0.0,0.0
5211,2,soft_dt_jump,9,1810,1,7,1,0.1111111111111111,0.7777777777777778,0.1111111111111111,0.4444444444444444,0.2222222222222222,0.1111111111111111,0.0
5212,6,soft_state_jump,11,1030,5,5,1,0.45454545454545453,0.45454545454545453,0.09090909090909091,0.7272727272727273,0.18181818181818182,0.45454545454545453,0.0
5213,7,soft_dt_jump,13,490,8,5,0,0.6153846153846154,0.38461538461538464,0.0,0.15384615384615385,0.7692307692307693,0.07692307692307693,0.0
5214,1,soft_dt_jump,23,3020,5,14,4,0.21739130434782608,0.6086956521739131,0.17391304347826086,0.6086956521739131,0.21739130434782608,0.30434782608695654,0.0
5215,1,soft_dt_jump,25,2920,5,15,5,0.2,0.6,0.2,0.76,0.04,0.44,0.0
5216,2,soft_dt_jump,14,2110,1,13,0,0.07142857142857142,0.8888888888888888,0.0,0.7142857142857143,0.21428571428571427,0.2857142857142857,0.0
5217,2,soft_side_flip_with_dt_jump,15,1880,3,12,0,0.2,0.8,0.0,0.7333333333333333,0.26666666666666666,0.26666666666666666,0.0
5218,0,soft_dt_jump,18,160,14,3,1,0.7777777777777778,0.16666666666666666,0.05555555555555555,0.9444444444444444,0.0,0.7777777777777778,0.0
5219,3,soft_dt_jump,9,910,2,6,1,0.2222222222222222,0.6666666666666666,0.1111111111111111,0.3333333333333333,0.3333333333333333,0.2222222222222222,0.0
5220,6,soft_state_jump,9,850,3,4,2,0.3333333333333333,0.4444444444444444,0.2222222222222222,0.7777777777777778,0.0,0.5555555555555556,0.0
5221,6,soft_dt_jump,18,1460,10,7,1,0.5555555555555556,0.3888888888888889,0.05555555555555555,0.4444444444444444,0.4444444444444444,0.3333333333333333,0.0
5222,3,soft_dt_jump,15,2580,1,10,4,0.06666666666666667,0.6666666666666666,0.26666666666666666,0.5333333333333333,0.06666666666666667,0.2,0.0
5223,1,soft_state_jump,33,5240,8,21,4,0.24242424242424243,0.6363636363636364,0.12121212121212122,0.6363636363636364,0.21212121212121213,0.42424242424242425,0.0
5224,6,soft_state_jump,8,100,4,4,0,0.5,0.5,0.0,0.75,0.25,0.625,0.0
5225,0,soft_dt_jump,10,80,7,3,0,0.7,0.3,0.0,1.0,0.0,0.6,0.0
5226,6,soft_dt_jump,8,2290,3,4,1,0.375,0.5,0.125,0.875,0.0,0.875,0.0
5227,3,soft_dt_jump,16,3390,2,10,4,0.125,0.625,0.25,0.1875,0.4375,0.125,0.0
5228,1,soft_dt_jump,51,6170,11,33,7,0.21568627450980393,0.6470588235294118,0.13725490196078433,0.29411764705882354,0.43137254901960786,0.17647058823529413,0.0
5229,3,soft_dt_jump,13,1400,4,8,1,0.3076923076923077,0.6153846153846154,0.07692307692307693,0.46153846153846156,0.3076923076923077,0.46153846153846156,0.0
5230,2,soft_dt_jump,9,1450,3,5,1,0.3333333333333333,0.5555555555555556,0.1111111111111111,0.1111111111111111,0.6666666666666666,0.0,0.0
5231,7,soft_state_jump,11,60,9,2,0,0.8181818181818182,0.18181818181818182,0.0,0.09090909090909091,0.9090909090909091,0.0,0.0
5232,2,soft_dt_jump,15,1610,3,8,4,0.2,0.5333333333333333,0.26666666666666666,0.3333333333333333,0.4,0.13333333333333333,0.0
5233,3,soft_dt_jump,18,1700,8,6,4,0.4444444444444444,0.3333333333333333,0.2222222222222222,0.5555555555555556,0.2222222222222222,0.3888888888888889,0.0
5234,2,soft_dt_jump,19,4120,3,14,2,0.15789473684210525,0.7368421052631579,0.10526315789473684,0.3157894736842105,0.3684210526315789,0.21052631578947367,0.0
5235,1,soft_dt_jump,36,5520,9,22,5,0.25,0.6111111111111112,0.1388888888888889,0.3333333333333333,0.4722222222222222,0.1388888888888889,0.0
5236,1,soft_dt_jump,46,9370,11,34,1,0.2391304347826087,0.7391304347826086,0.021739130434782608,0.391304347826087,0.4782608695652174,0.21739130434782608,0.0
5237,2,max_duration_ms,8,1470,1,5,2,0.125,0.625,0.25,0.375,0.25,0.125,0.0
5238,3,soft_dt_jump,19,4610,5,13,1,0.2631578947368421,0.6842105263157895,0.05263157894736842,0.47368421052631576,0.2631578947368421,0.3157894736842105,0.0
5239,3,soft_state_jump,19,2220,5,11,3,0.2631578947368421,0.5789473684210527,0.15789473684210525,0.5263157894736842,0.2631578947368421,0.42105263157894735,0.0
5240,2,soft_state_jump,9,1620,3,5,1,0.3333333333333333,0.5555555555555556,0.1111111111111111,0.4444444444444444,0.3333333333333333,0.3333333333333333,0.0
5241,2,soft_dt_jump,14,1840,5,7,2,0.35714285714285715,0.5,0.14285714285714285,0.5,0.35714285714285715,0.35714285714285715,0.0
5242,3,soft_dt_jump,11,990,2,5,4,0.18181818181818182,0.45454545454545453,0.36363636363636365,0.6363636363636364,0.0,0.45454545454545453,0.0
5243,2,soft_dt_jump,8,1670,2,4,2,0.25,0.5,0.25,0.25,0.375,0.125,0.0
5244,1,soft_state_jump,28,2600,10,17,1,0.35714285714285715,0.6071428571428571,0.03571428571428571,0.4642857142857143,0.42857142857142855,0.39285714285714285,0.0
5245,2,soft_dt_jump,17,2680,4,11,2,0.23529411764705882,0.6470588235294118,0.11764705882352941,0.35294117647058826,0.47058823529411764,0.17647058823529413,0.0
5246,0,soft_state_jump,31,1240,25,5,1,0.8064516129032258,0.16129032258064516,0.03225806451612903,0.9032258064516129,0.06451612903225806,0.8709677419354839,0.0
5247,6,soft_dt_jump,19,2390,8,10,1,0.42105263157894735,0.5263157894736842,0.05263157894736842,0.6842105263157895,0.21052631578947367,0.5789473684210527,0.0
5248,2,soft_dt_jump,19,2910,4,12,3,0.21052631578947367,0.631578947368421,0.15789473684210525,0.21052631578947367,0.47368421052631576,0.15789473684210525,0.0
5249,1,soft_dt_jump,20,3320,5,11,4,0.25,0.55,0.2,0.55,0.2,0.4,0.0
5250,3,soft_side_flip_with_dt_jump,15,1260,4,9,2,0.26666666666666666,0.6,0.13333333333333333,0.4,0.4,0.2,0.0
5251,0,soft_dt_jump,34,860,28,5,1,0.8235294117647058,0.14705882352941177,0.029411764705882353,0.9117647058823529,0.058823529411764705,0.8823529411764706,0.0
5252,2,soft_dt_jump,12,2210,1,8,3,0.08333333333333333,0.6666666666666666,0.25,0.4166666666666667,0.16666666666666666,0.16666666666666666,0.0
5253,6,soft_dt_jump,37,2820,24,12,1,0.6486486486486487,0.32432432432432434,0.02702702702702703,0.6756756756756757,0.2702702702702703,0.5945945945945946,0.0
5254,3,soft_dt_jump,11,1040,4,5,2,0.36363636363636365,0.45454545454545453,0.18181818181818182,0.36363636363636365,0.45454545454545453,0.2727272727272727,0.0
5255,1,soft_dt_jump,30,3360,17,9,4,0.5666666666666667,0.3,0.13333333333333333,0.5,0.36666666666666664,0.4,0.0
5256,7,soft_dt_jump,15,710,12,3,0,0.8,0.2,0.0,0.0,1.0,0.0,0.0
5257,7,soft_dt_jump,8,60,6,2,0,0.75,0.25,0.0,0.0,0.875,0.0,0.0
5258,7,soft_dt_jump,13,590,8,4,1,0.6153846153846154,0.3076923076923077,0.07692307692307693,0.23076923076923078,0.6923076923076923,0.15384615384615385,0.0
5259,6,soft_dt_jump,13,2710,3,9,1,0.23076923076923078,0.6923076923076923,0.07692307692307693,0.6923076923076923,0.07692307692307693,0.46153846153846156,0.0
5260,6,soft_dt_jump,8,650,3,5,0,0.375,0.625,0.0,0.875,0.0,0.75,0.0
5261,1,soft_dt_jump,14,2310,2,10,2,0.14285714285714285,0.7142857142857143,0.14285714285714285,0.7142857142857143,0.07142857142857142,0.42857142857142855,0.0
5262,1,soft_state_jump,44,9930,10,27,7,0.22727272727272727,0.6136363636363636,0.1590909090909091,0.6136363636363636,0.1590909090909091,0.4772727272727273,0.0
5263,2,max_duration_ms,12,1750,1,8,3,0.08333333333333333,0.6666666666666666,0.25,0.5833333333333334,0.16666666666666666,0.5,0.0
5264,3,soft_state_jump,10,2030,2,5,3,0.2,0.5,0.3,0.6,0.0,0.4,0.0
5265,6,soft_dt_jump,11,1190,3,7,1,0.2727272727272727,0.6363636363636364,0.09090909090909091,0.8181818181818182,0.0,0.45454545454545453,0.0
5266,1,soft_dt_jump,16,2120,3,10,3,0.1875,0.625,0.1875,0.4375,0.3125,0.1875,0.0
5267,7,soft_dt_jump,10,810,6,3,1,0.6,0.3,0.1,0.0,0.9,0.0,0.0
5268,2,soft_dt_jump,12,900,3,6,3,0.25,0.5,0.25,0.25,0.4166666666666667,0.0,0.0
5269,6,soft_dt_jump,20,1890,8,10,2,0.4,0.5,0.1,0.7,0.2,0.5,0.0
5270,6,soft_dt_jump,12,1740,3,8,1,0.25,0.6666666666666666,0.08333333333333333,0.5833333333333334,0.25,0.4166666666666667,0.0
5271,2,soft_dt_jump,11,1770,3,7,1,0.2727272727272727,0.6363636363636364,0.09090909090909091,0.5454545454545454,0.36363636363636365,0.18181818181818182,0.0
5272,3,soft_dt_jump,13,1360,4,8,1,0.3076923076923077,0.6153846153846154,0.07692307692307693,0.23076923076923078,0.6153846153846154,0.15384615384615385,0.0
5273,1,soft_dt_jump,13,2830,1,9,3,0.07692307692307693,0.6923076923076923,0.23076923076923078,0.6153846153846154,0.07692307692307693,0.3076923076923077,0.0
5274,2,soft_state_jump,9,310,4,5,0,0.4444444444444444,0.5555555555555556,0.0,0.1111111111111111,0.8888888888888888,0.1111111111111111,0.0
5275,7,soft_dt_jump,22,550,17,4,1,0.7727272727272727,0.18181818181818182,0.045454545454545456,0.09090909090909091,0.7727272727272727,0.045454545454545456,0.0
5276,2,soft_dt_jump,8,1260,3,4,1,0.375,0.5,0.125,0.25,0.625,0.125,0.0
5277,1,soft_state_jump,18,1530,5,8,5,0.2777777777777778,0.4444444444444444,0.2777777777777778,0.3888888888888889,0.3333333333333333,0.3333333333333333,0.0
5278,2,soft_dt_jump,16,1220,5,10,1,0.3125,0.625,0.0625,0.3125,0.5625,0.1875,0.0
5279,1,soft_dt_jump,20,2450,3,13,4,0.15,0.65,0.2,0.45,0.25,0.25,0.0
5280,2,soft_dt_jump,12,940,3,8,1,0.25,0.6666666666666666,0.08333333333333333,0.3333333333333333,0.5833333333333334,0.16666666666666666,0.0
5281,2,soft_dt_jump,16,4070,4,10,2,0.25,0.625,0.125,0.3125,0.5,0.125,0.0
5282,3,soft_dt_jump,23,3620,4,14,5,0.17391304347826086,0.6086956521739131,0.21739130434782608,0.43478260869565216,0.2608695652173913,0.2608695652173913,0.0
5283,1,soft_dt_jump,25,2750,7,13,5,0.28,0.52,0.2,0.32,0.48,0.2,0.0
5284,6,soft_dt_jump,11,260,6,5,0,0.5454545454545454,0.45454545454545453,0.0,0.7272727272727273,0.2727272727272727,0.5454545454545454,0.0
5285,6,soft_dt_jump,9,520,3,5,1,0.3333333333333333,0.5555555555555556,0.1111111111111111,0.8888888888888888,0.0,0.6666666666666666,0.0
5286,2,soft_dt_jump,19,2100,9,6,4,0.47368421052631576,0.3157894736842105,0.21052631578947367,0.15789473684210525,0.5789473684210527,0.15789473684210525,0.0
5287,1,soft_dt_jump,53,9900,7,36,10,0.1320754716981132,0.6792452830188679,0.18867924528301888,0.4339622641509434,0.2830188679245283,0.18867924528301888,0.0
5288,2,max_duration_ms,16,1670,8,7,1,0.5,0.4375,0.0625,0.25,0.5625,0.125,0.0
5289,0,soft_dt_jump,35,1510,27,7,1,0.7714285714285715,0.2,0.02857142857142857,0.9142857142857143,0.05714285714285714,0.7714285714285715,0.0
5290,1,soft_dt_jump,32,4640,12,16,4,0.375,0.5,0.125,0.21875,0.59375,0.15625,0.0
5291,1,soft_dt_jump,27,5140,7,15,5,0.25925925925925924,0.5555555555555556,0.18518518518518517,0.4444444444444444,0.3333333333333333,0.18518518518518517,0.0
5292,7,soft_dt_jump,20,0,19,1,0,0.95,0.05,0.0,0.0,1.0,0.0,0.0
5293,2,soft_dt_jump,12,1780,4,8,0,0.3333333333333333,0.6666666666666666,0.0,0.3333333333333333,0.5833333333333334,0.16666666666666666,0.0
5294,3,soft_side_flip_with_dt_jump,17,2100,4,7,6,0.23529411764705882,0.4117647058823529,0.35294117647058826,0.17647058823529413,0.4117647058823529,0.11764705882352941,0.0
5295,7,soft_dt_jump,9,0,8,1,0,0.8888888888888888,0.1111111111111111,0.0,0.0,1.0,0.0,0.0
5296,1,soft_dt_jump,53,9980,9,35,9,0.16981132075471697,0.660377358490566,0.16981132075471697,0.6226415094339622,0.11320754716981132,0.24528301886792453,0.0
5297,1,max_duration_ms,17,3010,5,8,4,0.29411764705882354,0.47058823529411764,0.23529411764705882,0.47058823529411764,0.29411764705882354,0.23529411764705882,0.0
5298,2,soft_dt_jump,13,1860,1,7,5,0.07692307692307693,0.5384615384615384,0.38461538461538464,0.46153846153846156,0.15384615384615385,0.07692307692307693,0.0
5299,6,soft_state_jump,10,2610,2,7,1,0.2,0.7,0.1,0.9,0.0,0.4,0.0
5300,1,soft_state_jump,26,2890,5,15,6,0.19230769230769232,0.5769230769230769,0.23076923076923078,0.4230769230769231,0.34615384615384615,0.19230769230769232,0.0
5301,7,soft_state_jump,23,1030,18,4,1,0.782608695652174,0.17391304347826086,0.043478260869565216,0.08695652173913043,0.8260869565217391,0.0,0.0
5302,2,soft_dt_jump,11,280,3,8,0,0.2727272727272727,0.7272727272727273,0.0,0.36363636363636365,0.45454545454545453,0.2727272727272727,0.0
5303,1,soft_dt_jump,37,6070,9,25,3,0.24324324324324326,0.6756756756756757,0.08108108108108109,0.4864864864864865,0.35135135135135137,0.21621621621621623,0.0
5304,2,soft_dt_jump,16,2430,7,8,1,0.4375,0.5,0.0625,0.3125,0.5625,0.1875,0.0
5305,1,soft_dt_jump,21,3290,6,14,1,0.2857142857142857,0.6666666666666666,0.047619047619047616,0.3333333333333333,0.47619047619047616,0.23809523809523808,0.0
5306,7,soft_dt_jump,18,700,15,2,1,0.8333333333333334,0.1111111111111111,0.05555555555555555,0.0,0.8333333333333334,0.0,0.0
5307,6,soft_dt_jump,15,1630,8,6,1,0.5333333333333333,0.4,0.06666666666666667,0.9333333333333333,0.0,0.6,0.0
5308,2,soft_dt_jump,13,1070,3,7,3,0.23076923076923078,0.5384615384615384,0.23076923076923078,0.3076923076923077,0.38461538461538464,0.15384615384615385,0.0
5309,6,soft_dt_jump,18,1300,7,10,1,0.3888888888888889,0.5555555555555556,0.05555555555555555,0.6111111111111112,0.2777777777777778,0.4444444444444444,0.0
5310,1,soft_dt_jump,43,5420,11,24,8,0.2558139534883721,0.5581395348837209,0.18604651162790697,0.4418604651162791,0.3023255813953488,0.23255813953488372,0.0
5311,1,soft_side_flip_with_dt_jump,13,3150,1,9,3,0.07692307692307693,0.6923076923076923,0.23076923076923078,0.6923076923076923,0.07692307692307693,0.46153846153846156,0.0
5312,2,soft_dt_jump,12,2410,3,8,1,0.25,0.6666666666666666,0.08333333333333333,0.25,0.5,0.08333333333333333,0.0
5313,3,soft_state_jump,10,840,0,5,5,0.0,0.5,0.4,0.4,0.0,0.1,0.0
5314,1,soft_side_flip_with_dt_jump,30,4510,5,17,8,0.16666666666666666,0.5666666666666667,0.26666666666666666,0.4,0.26666666666666666,0.1,0.0
5315,2,soft_state_jump,13,550,5,8,0,0.38461538461538464,0.6153846153846154,0.0,0.23076923076923078,0.5384615384615384,0.07692307692307693,0.0
5316,7,soft_dt_jump,64,2990,51,13,0,0.796875,0.203125,0.0,0.109375,0.859375,0.03125,0.0
5317,7,max_events_per_episode,26,0,26,0,0,1.0,0.0,0.0,0.0,1.0,0.0,0.0
5318,1,soft_dt_jump,19,3150,4,12,3,0.21052631578947367,0.631578947368421,0.15789473684210525,0.47368421052631576,0.2631578947368421,0.3157894736842105,0.05263157894736842
5319,1,soft_state_jump,17,3920,4,9,4,0.23529411764705882,0.5294117647058824,0.23529411764705882,0.6470588235294118,0.0,0.47058823529411764,0.0
5320,2,soft_dt_jump,10,1330,3,6,1,0.3,0.6,0.1,0.6,0.2,0.4,0.0
5321,3,soft_state_jump,23,2550,4,14,5,0.17391304347826086,0.6086956521739131,0.21739130434782608,0.2608695652173913,0.30434782608695654,0.043478260869565216,0.0
5322,3,soft_state_jump,13,2580,2,9,2,0.15384615384615385,0.6923076923076923,0.15384615384615385,0.38461538461538464,0.3076923076923077,0.23076923076923078,0.0
5323,2,soft_state_jump,10,2360,1,8,1,0.1,0.8,0.1,0.5,0.2,0.1,0.0
5324,3,soft_state_jump,8,1660,1,6,1,0.125,0.75,0.125,0.25,0.25,0.0,0.0
5325,1,soft_dt_jump,56,9740,6,44,6,0.10714285714285714,0.7857142857142857,0.10714285714285714,0.48214285714285715,0.2857142857142857,0.19642857142857142,0.0
5326,1,max_duration_ms,30,4600,6,19,5,0.2,0.6333333333333333,0.16666666666666666,0.43333333333333335,0.26666666666666666,0.13333333333333333,0.0
5327,6,soft_dt_jump,13,1140,3,10,0,0.23076923076923078,0.7692307692307693,0.0,0.6923076923076923,0.15384615384615385,0.46153846153846156,0.0
5328,2,soft_state_jump,10,1440,4,4,2,0.4,0.4,0.2,0.1,0.6,0.0,0.0
5329,1,soft_dt_jump,36,5960,10,18,8,0.2777777777777778,0.5,0.2222222222222222,0.4722222222222222,0.2777777777777778,0.25,0.0
5330,3,soft_dt_jump,16,1820,3,5,8,0.1875,0.3125,0.4,0.125,0.3125,0.0625,0.0
5331,0,soft_dt_jump,40,620,37,2,1,0.925,0.05,0.025,0.975,0.0,0.95,0.0
5332,1,soft_dt_jump,23,3940,3,12,8,0.13043478260869565,0.5217391304347826,0.34782608695652173,0.34782608695652173,0.17391304347826086,0.08695652173913043,0.0
5333,1,soft_dt_jump,23,2180,5,15,3,0.21739130434782608,0.6521739130434783,0.13043478260869565,0.5652173913043478,0.2608695652173913,0.2608695652173913,0.0
5334,1,soft_state_jump,24,5640,5,17,2,0.20833333333333334,0.7083333333333334,0.08333333333333333,0.5416666666666666,0.2916666666666667,0.20833333333333334,0.0
5335,2,soft_state_jump,8,660,1,4,3,0.125,0.5,0.375,0.375,0.25,0.25,0.0
5336,6,soft_side_flip_with_dt_jump,11,1270,4,7,0,0.36363636363636365,0.6363636363636364,0.0,0.6363636363636364,0.36363636363636365,0.45454545454545453,0.0
5337,1,soft_dt_jump,53,9920,7,40,6,0.1320754716981132,0.7547169811320755,0.11320754716981132,0.41509433962264153,0.37735849056603776,0.1509433962264151,0.0
5338,6,max_duration_ms,13,1720,4,9,0,0.3076923076923077,0.6923076923076923,0.0,0.5384615384615384,0.3076923076923077,0.46153846153846156,0.0
5339,6,soft_dt_jump,20,3120,10,9,1,0.5,0.45,0.05,0.65,0.25,0.45,0.0
5340,7,soft_dt_jump,23,1900,17,6,0,0.7391304347826086,0.2608695652173913,0.0,0.17391304347826086,0.8260869565217391,0.08695652173913043,0.0
5341,2,soft_dt_jump,13,1760,2,10,1,0.15384615384615385,0.7692307692307693,0.07692307692307693,0.6153846153846154,0.3076923076923077,0.3076923076923077,0.0
5342,1,soft_state_jump,37,4850,10,22,5,0.2702702702702703,0.5945945945945946,0.13513513513513514,0.32432432432432434,0.35135135135135137,0.13513513513513514,0.0
5343,2,soft_dt_jump,11,2140,0,8,3,0.0,0.7272727272727273,0.2727272727272727,0.5454545454545454,0.18181818181818182,0.18181818181818182,0.0
5344,0,soft_dt_jump,14,150,12,2,0,0.8571428571428571,0.14285714285714285,0.0,1.0,0.0,0.14285714285714285,0.0
5345,5,soft_dt_jump,23,4020,2,16,5,0.08695652173913043,0.6956521739130435,0.21739130434782608,0.34782608695652173,0.2608695652173913,0.043478260869565216,0.08695652173913043
5346,3,soft_dt_jump,16,2880,3,10,3,0.1875,0.625,0.1875,0.375,0.3125,0.125,0.0
5347,3,soft_state_jump,8,920,2,4,2,0.25,0.5,0.25,0.375,0.25,0.125,0.0
5348,7,soft_dt_jump,49,0,48,1,0,0.9795918367346939,0.02040816326530612,0.0,0.0,1.0,0.0,0.0
5349,2,soft_dt_jump,9,300,1,5,3,0.1111111111111111,0.5555555555555556,0.3333333333333333,0.3333333333333333,0.2222222222222222,0.0,0.0
5350,6,soft_dt_jump,9,980,5,4,0,0.5555555555555556,0.4444444444444444,0.0,0.8888888888888888,0.1111111111111111,0.6666666666666666,0.0
5351,6,soft_dt_jump,8,970,3,5,0,0.375,0.625,0.0,0.875,0.125,0.75,0.0
5352,1,soft_state_jump,30,3770,7,20,3,0.23333333333333334,0.6666666666666666,0.1,0.3,0.4,0.16666666666666666,0.0
5353,2,soft_dt_jump,19,1920,2,12,5,0.10526315789473684,0.631578947368421,0.2631578947368421,0.2631578947368421,0.47368421052631576,0.05263157894736842,0.0
5354,6,soft_state_jump,9,450,3,4,2,0.3333333333333333,0.4444444444444444,0.2222222222222222,0.6666666666666666,0.0,0.4444444444444444,0.0
5355,0,soft_dt_jump,18,450,12,4,2,0.6666666666666666,0.2222222222222222,0.1111111111111111,0.7777777777777778,0.1111111111111111,0.3888888888888889,0.0
5356,5,soft_dt_jump,15,3490,2,10,3,0.13333333333333333,0.6666666666666666,0.2,0.4,0.13333333333333333,0.13333333333333333,0.13333333333333333
5357,1,soft_state_jump,13,2510,2,8,3,0.15384615384615385,0.6153846153846154,0.23076923076923078,0.6153846153846154,0.15384615384615385,0.15384615384615385,0.0
5358,7,soft_state_jump,64,0,63,1,0,0.984375,0.015625,0.0,0.0,1.0,0.0,0.0
5359,1,max_events_per_episode,31,3210,5,15,11,0.16129032258064516,0.4838709677419355,0.3548387096774194,0.41935483870967744,0.22580645161290322,0.12903225806451613,0.0
5360,3,soft_dt_jump,10,1370,1,7,2,0.1,0.7,0.2,0.6,0.0,0.1,0.0
5361,1,soft_state_jump,21,2730,4,16,1,0.19047619047619047,0.7619047619047619,0.047619047619047616,0.6190476190476191,0.2857142857142857,0.19047619047619047,0.0
5362,1,soft_state_jump,61,9980,11,42,8,0.18032786885245902,0.6885245901639344,0.13114754098360656,0.32786885245901637,0.4262295081967213,0.06557377049180328,0.0
5363,7,max_duration_ms,12,460,9,3,0,0.75,0.25,0.0,0.16666666666666666,0.8333333333333334,0.0,0.0
5364,2,soft_dt_jump,12,840,5,6,1,0.4166666666666667,0.5,0.08333333333333333,0.3333333333333333,0.5,0.08333333333333333,0.0
5365,3,soft_dt_jump,21,2680,4,13,4,0.19047619047619047,0.6190476190476191,0.19047619047619047,0.3333333333333333,0.38095238095238093,0.19047619047619047,0.0
5366,7,soft_state_jump,11,1440,4,3,4,0.36363636363636365,0.2727272727272727,0.36363636363636365,0.09090909090909091,0.5454545454545454,0.0,0.0
5367,1,soft_dt_jump,22,3130,8,12,2,0.36363636363636365,0.5454545454545454,0.09090909090909091,0.6818181818181818,0.13636363636363635,0.36363636363636365,0.0
5368,7,soft_dt_jump,11,100,8,3,0,0.7272727272727273,0.2727272727272727,0.0,0.45454545454545453,0.5454545454545454,0.36363636363636365,0.0
5369,7,soft_dt_jump,60,2910,45,13,2,0.75,0.21666666666666667,0.03333333333333333,0.08333333333333333,0.11666666666666667,0.0,0.0
5370,2,soft_dt_jump,10,2480,1,7,2,0.1,0.7,0.2,0.5,0.2,0.3,0.0
5371,5,soft_state_jump,11,2840,0,6,5,0.0,0.5454545454545454,0.4,0.2727272727272727,0.09090909090909091,0.0,0.09090909090909091
5372,1,soft_state_jump,20,3710,4,12,4,0.2,0.6,0.2,0.5,0.15,0.25,0.0
5373,3,soft_side_flip_with_dt_jump,20,1720,3,13,4,0.15,0.65,0.2,0.35,0.35,0.1,0.0
5374,1,soft_state_jump,12,2650,1,9,2,0.08333333333333333,0.75,0.16666666666666666,0.6666666666666666,0.16666666666666666,0.4166666666666667,0.0
5375,1,soft_state_jump,21,2760,2,15,4,0.09523809523809523,0.7142857142857143,0.19047619047619047,0.47619047619047616,0.14285714285714285,0.19047619047619047,0.0
5376,2,soft_state_jump,8,340,2,6,0,0.25,0.75,0.0,0.125,0.625,0.0,0.0
5377,1,soft_dt_jump,34,3310,7,20,7,0.20588235294117646,0.5882352941176471,0.20588235294117646,0.35294117647058826,0.3235294117647059,0.14705882352941177,0.0
5378,3,soft_dt_jump,8,590,3,3,2,0.375,0.375,0.25,0.0,0.625,0.0,0.0
5379,7,soft_dt_jump,28,1600,17,10,1,0.6071428571428571,0.35714285714285715,0.03571428571428571,0.21428571428571427,0.75,0.07142857142857142,0.0
5380,2,soft_dt_jump,15,640,5,8,2,0.3333333333333333,0.5333333333333333,0.13333333333333333,0.3333333333333333,0.4666666666666667,0.2,0.0
5381,7,soft_side_flip_with_dt_jump,14,980,8,5,1,0.5714285714285714,0.35714285714285715,0.07142857142857142,0.21428571428571427,0.7142857142857143,0.21428571428571427,0.0
5382,3,soft_dt_jump,24,2550,7,15,2,0.2916666666666667,0.625,0.08333333333333333,0.2916666666666667,0.5416666666666666,0.20833333333333334,0.0
5383,1,soft_dt_jump,25,3490,10,12,3,0.4,0.48,0.12,0.28,0.44,0.12,0.0
5384,2,soft_dt_jump,16,1710,4,11,1,0.25,0.6875,0.0625,0.1875,0.5625,0.0,0.0
5385,2,soft_dt_jump,11,1210,2,7,2,0.18181818181818182,0.6363636363636364,0.18181818181818182,0.6363636363636364,0.18181818181818182,0.36363636363636365,0.0
5386,3,soft_side_flip_with_dt_jump,13,1700,2,9,2,0.15384615384615385,0.6923076923076923,0.15384615384615385,0.38461538461538464,0.3076923076923077,0.38461538461538464,0.0
5387,3,soft_dt_jump,22,3670,3,16,3,0.13636363636363635,0.7272727272727273,0.13636363636363635,0.36363636363636365,0.2727272727272727,0.13636363636363635,0.0
5388,1,soft_state_jump,23,2790,5,12,6,0.21739130434782608,0.5217391304347826,0.2608695652173913,0.30434782608695654,0.391304347826087,0.08695652173913043,0.0
5389,0,soft_state_jump,25,540,21,4,0,0.84,0.16,0.0,0.92,0.08,0.88,0.0
5390,3,soft_dt_jump,12,1740,1,7,4,0.08333333333333333,0.5833333333333334,0.3333333333333333,0.25,0.25,0.16666666666666666,0.0
5391,3,soft_state_jump,23,4200,2,11,10,0.08695652173913043,0.4782608695652174,0.4,0.13043478260869565,0.17391304347826086,0.043478260869565216,0.0
5392,3,soft_dt_jump,12,490,4,7,1,0.3333333333333333,0.5833333333333334,0.08333333333333333,0.3333333333333333,0.16666666666666666,0.16666666666666666,0.0
5393,2,soft_dt_jump,10,1870,3,5,2,0.3,0.5,0.2,0.2,0.4,0.1,0.0
5394,2,soft_state_jump,12,1180,4,8,0,0.3333333333333333,0.6666666666666666,0.0,0.25,0.5833333333333334,0.08333333333333333,0.0
5395,7,soft_dt_jump,9,640,4,2,3,0.4444444444444444,0.2222222222222222,0.3333333333333333,0.0,0.4444444444444444,0.0,0.0
5396,2,soft_dt_jump,8,400,1,4,3,0.125,0.5,0.375,0.375,0.25,0.125,0.0
5397,3,soft_state_jump,14,2470,2,10,2,0.14285714285714285,0.7142857142857143,0.14285714285714285,0.35714285714285715,0.2857142857142857,0.14285714285714285,0.0
5398,3,soft_dt_jump,11,2260,2,6,3,0.18181818181818182,0.5454545454545454,0.2727272727272727,0.18181818181818182,0.45454545454545453,0.0,0.0
5399,6,soft_state_jump,12,1480,6,6,0,0.5,0.5,0.0,0.9166666666666666,0.08333333333333333,0.3333333333333333,0.0
5400,5,soft_dt_jump,29,6920,4,20,5,0.13793103448275862,0.6896551724137931,0.1724137931034483,0.41379310344827586,0.10344827586206896,0.06896551724137931,0.27586206896551724
5401,2,soft_state_jump,15,2710,3,11,1,0.2,0.7333333333333333,0.06666666666666667,0.26666666666666666,0.5333333333333333,0.0,0.0
5402,1,soft_state_jump,24,2980,4,18,2,0.16666666666666666,0.75,0.08333333333333333,0.6666666666666666,0.125,0.20833333333333334,0.0
5403,1,soft_state_jump,18,1750,6,10,2,0.3333333333333333,0.5555555555555556,0.1111111111111111,0.4444444444444444,0.2777777777777778,0.2777777777777778,0.0
5404,1,soft_dt_jump,24,3500,4,16,4,0.16666666666666666,0.6666666666666666,0.16666666666666666,0.375,0.3333333333333333,0.041666666666666664,0.0
5405,3,soft_state_jump,26,5890,4,14,8,0.15384615384615385,0.5384615384615384,0.3076923076923077,0.3076923076923077,0.3076923076923077,0.15384615384615385,0.0
5406,6,soft_state_jump,10,820,5,5,0,0.5,0.5,0.0,0.6,0.4,0.5,0.0
5407,1,soft_dt_jump,20,4280,1,14,5,0.05,0.7,0.25,0.45,0.1,0.1,0.0
5408,1,soft_state_jump,27,3700,8,17,2,0.2962962962962963,0.6296296296296297,0.07407407407407407,0.4074074074074074,0.37037037037037035,0.2222222222222222,0.0
5409,1,soft_dt_jump,58,6820,24,30,4,0.41379310344827586,0.5172413793103449,0.06896551724137931,0.22413793103448276,0.603448275862069,0.1206896551724138,0.0
5410,7,soft_dt_jump,36,2040,21,10,5,0.5833333333333334,0.2777777777777778,0.1388888888888889,0.2222222222222222,0.6388888888888888,0.08333333333333333,0.0
5411,1,soft_dt_jump,27,8100,4,16,7,0.14814814814814814,0.5925925925925926,0.25925925925925924,0.48148148148148145,0.18518518518518517,0.2222222222222222,0.0
5412,3,soft_side_flip_with_dt_jump,11,1320,2,5,4,0.18181818181818182,0.45454545454545453,0.36363636363636365,0.18181818181818182,0.45454545454545453,0.0,0.0
5413,2,soft_dt_jump,17,1080,7,6,4,0.4117647058823529,0.35294117647058826,0.23529411764705882,0.11764705882352941,0.5882352941176471,0.058823529411764705,0.0
5414,1,soft_dt_jump,42,7430,13,19,10,0.30952380952380953,0.4523809523809524,0.23809523809523808,0.2857142857142857,0.38095238095238093,0.16666666666666666,0.0
5415,1,soft_dt_jump,24,2890,7,13,4,0.2916666666666667,0.5416666666666666,0.16666666666666666,0.3333333333333333,0.375,0.20833333333333334,0.0
5416,2,soft_dt_jump,8,610,3,5,0,0.375,0.625,0.0,0.5,0.375,0.25,0.0
5417,2,soft_side_flip_with_dt_jump,9,1380,3,5,1,0.3333333333333333,0.5555555555555556,0.1111111111111111,0.1111111111111111,0.6666666666666666,0.1111111111111111,0.0
5418,3,soft_side_flip_with_dt_jump,18,2670,4,10,4,0.2222222222222222,0.5555555555555556,0.2222222222222222,0.2222222222222222,0.3333333333333333,0.1111111111111111,0.0
5419,1,soft_dt_jump,20,2110,4,13,3,0.2,0.65,0.15,0.35,0.4,0.15,0.0
5420,3,soft_dt_jump,15,3630,5,6,4,0.3333333333333333,0.4,0.26666666666666666,0.3333333333333333,0.4,0.26666666666666666,0.0
5421,3,soft_dt_jump,16,2120,0,12,4,0.0,0.75,0.25,0.375,0.1875,0.125,0.0
5422,6,soft_state_jump,9,570,4,4,1,0.4444444444444444,0.4444444444444444,0.1111111111111111,0.6666666666666666,0.2222222222222222,0.5555555555555556,0.0
5423,2,soft_dt_jump,9,1780,3,5,1,0.3333333333333333,0.5555555555555556,0.1111111111111111,0.3333333333333333,0.4444444444444444,0.2222222222222222,0.0
5424,6,soft_state_jump,18,1700,7,9,2,0.3888888888888889,0.5,0.1111111111111111,0.4444444444444444,0.3333333333333333,0.3333333333333333,0.0
5425,2,soft_dt_jump,15,760,6,7,2,0.4,0.4666666666666667,0.13333333333333333,0.4666666666666667,0.4,0.3333333333333333,0.0
5426,7,soft_dt_jump,8,230,5,3,0,0.625,0.375,0.0,0.125,0.875,0.0,0.0
5427,2,soft_dt_jump,12,1200,2,7,3,0.16666666666666666,0.5833333333333334,0.25,0.25,0.4166666666666667,0.16666666666666666,0.0
5428,6,soft_state_jump,9,450,4,5,0,0.4444444444444444,0.5555555555555556,0.0,0.5555555555555556,0.4444444444444444,0.3333333333333333,0.0
5429,6,soft_dt_jump,10,570,4,5,1,0.4,0.5,0.1,0.7,0.1,0.6,0.0
5430,6,soft_dt_jump,8,460,5,3,0,0.625,0.375,0.0,0.875,0.0,0.75,0.0
5431,3,soft_side_flip_with_dt_jump,17,3010,1,14,2,0.058823529411764705,0.8235294117647058,0.11764705882352941,0.4117647058823529,0.23529411764705882,0.23529411764705882,0.0
5432,0,soft_state_jump,19,420,13,6,0,0.6842105263157895,0.3157894736842105,0.0,0.9473684210526315,0.05263157894736842,0.7894736842105263,0.0
5433,3,soft_dt_jump,9,980,1,7,1,0.1111111111111111,0.7777777777777778,0.1111111111111111,0.2222222222222222,0.3333333333333333,0.2222222222222222,0.0
5434,3,soft_state_jump,64,7790,15,36,13,0.234375,0.5625,0.203125,0.078125,0.421875,0.0,0.0
5435,7,max_events_per_episode,12,1040,9,3,0,0.75,0.25,0.0,0.4166666666666667,0.5833333333333334,0.4166666666666667,0.0
5436,1,soft_dt_jump,36,5340,17,17,2,0.4722222222222222,0.4722222222222222,0.05555555555555555,0.1111111111111111,0.5833333333333334,0.0,0.0
5437,5,soft_dt_jump,20,2980,5,11,4,0.25,0.55,0.2,0.05,0.05,0.0,0.55
5438,3,soft_state_jump,17,2650,2,13,2,0.11764705882352941,0.7647058823529411,0.11764705882352941,0.29411764705882354,0.23529411764705882,0.058823529411764705,0.0
5439,1,soft_state_jump,12,2090,2,7,3,0.16666666666666666,0.5833333333333334,0.25,0.5833333333333334,0.16666666666666666,0.25,0.0
5440,6,soft_dt_jump,12,2040,5,5,2,0.4166666666666667,0.4166666666666667,0.16666666666666666,0.5833333333333334,0.08333333333333333,0.5833333333333334,0.0
5441,3,soft_dt_jump,17,2450,4,5,8,0.23529411764705882,0.29411764705882354,0.4,0.11764705882352941,0.35294117647058826,0.0,0.0
5442,6,soft_dt_jump,8,540,3,4,1,0.375,0.5,0.125,0.75,0.0,0.5,0.0
5443,2,soft_dt_jump,11,540,4,7,0,0.36363636363636365,0.6363636363636364,0.0,0.18181818181818182,0.6363636363636364,0.0,0.0
5444,1,soft_dt_jump,31,6370,8,20,3,0.25806451612903225,0.6451612903225806,0.0967741935483871,0.4838709677419355,0.25806451612903225,0.3548387096774194,0.0
5445,2,soft_dt_jump,8,750,2,5,1,0.25,0.625,0.125,0.125,0.375,0.125,0.0
5446,3,soft_dt_jump,8,590,1,5,2,0.125,0.625,0.25,0.5,0.125,0.25,0.0
5447,3,soft_dt_jump,13,1880,3,9,1,0.23076923076923078,0.6923076923076923,0.07692307692307693,0.38461538461538464,0.3076923076923077,0.23076923076923078,0.0
5448,1,soft_dt_jump,38,6160,4,29,5,0.10526315789473684,0.7631578947368421,0.13157894736842105,0.4473684210526316,0.18421052631578946,0.23684210526315788,0.0
5449,3,soft_state_jump,23,1040,10,12,1,0.43478260869565216,0.5217391304347826,0.043478260869565216,0.21739130434782608,0.5217391304347826,0.08695652173913043,0.0
5450,6,soft_dt_jump,23,2940,13,6,4,0.5652173913043478,0.2608695652173913,0.17391304347826086,0.6086956521739131,0.08695652173913043,0.6086956521739131,0.0
5451,1,soft_dt_jump,40,4600,13,21,6,0.325,0.525,0.15,0.225,0.475,0.1,0.0
5452,1,soft_dt_jump,14,1620,3,7,4,0.21428571428571427,0.5,0.2857142857142857,0.42857142857142855,0.2857142857142857,0.35714285714285715,0.0
5453,6,soft_side_flip_with_dt_jump,29,2280,4,21,4,0.13793103448275862,0.7241379310344828,0.13793103448275862,0.7241379310344828,0.06896551724137931,0.5862068965517241,0.0
5454,6,soft_dt_jump,14,1630,4,9,1,0.2857142857142857,0.6428571428571429,0.07142857142857142,0.6428571428571429,0.07142857142857142,0.5,0.0
5455,3,soft_state_jump,25,4980,9,13,3,0.36,0.52,0.12,0.2,0.48,0.16,0.0
5456,3,soft_dt_jump,16,2420,2,11,3,0.125,0.6875,0.1875,0.5,0.0625,0.25,0.0
5457,2,soft_dt_jump,20,3000,3,15,2,0.15,0.75,0.1,0.4,0.45,0.1,0.0
5458,6,soft_state_jump,9,1720,5,4,0,0.5555555555555556,0.4444444444444444,0.0,0.5555555555555556,0.2222222222222222,0.5555555555555556,0.0
5459,3,soft_dt_jump,12,2310,2,9,1,0.16666666666666666,0.75,0.08333333333333333,0.0,0.5833333333333334,0.0,0.0
5460,1,soft_state_jump,27,5230,5,20,2,0.18518518518518517,0.7407407407407407,0.07407407407407407,0.4074074074074074,0.37037037037037035,0.14814814814814814,0.0
5461,3,soft_state_jump,20,1350,7,12,1,0.35,0.6,0.05,0.3,0.55,0.25,0.0
5462,7,soft_dt_jump,12,120,10,1,1,0.8333333333333334,0.08333333333333333,0.08333333333333333,0.0,0.9166666666666666,0.0,0.0
5463,3,soft_dt_jump,12,1110,4,4,4,0.3333333333333333,0.3333333333333333,0.3333333333333333,0.25,0.3333333333333333,0.25,0.0
5464,3,soft_dt_jump,8,430,2,4,2,0.25,0.5,0.25,0.0,0.5,0.0,0.0
5465,7,soft_dt_jump,58,0,57,1,0,0.9827586206896551,0.017241379310344827,0.0,0.0,0.1896551724137931,0.0,0.0
5466,2,soft_dt_jump,8,370,3,5,0,0.375,0.625,0.0,0.375,0.625,0.25,0.0
5467,5,soft_dt_jump,14,2850,0,10,4,0.0,0.7142857142857143,0.2857142857142857,0.35714285714285715,0.07142857142857142,0.07142857142857142,0.07142857142857142
5468,3,soft_state_jump,11,1050,4,5,2,0.36363636363636365,0.45454545454545453,0.18181818181818182,0.45454545454545453,0.2727272727272727,0.36363636363636365,0.0
5469,5,soft_dt_jump,21,3800,6,11,4,0.2857142857142857,0.5238095238095238,0.19047619047619047,0.42857142857142855,0.09523809523809523,0.3333333333333333,0.19047619047619047
5470,2,soft_state_jump,17,2610,2,13,2,0.11764705882352941,0.7647058823529411,0.11764705882352941,0.35294117647058826,0.23529411764705882,0.058823529411764705,0.0
5471,3,soft_state_jump,15,2700,4,8,3,0.26666666666666666,0.5333333333333333,0.2,0.2,0.4,0.06666666666666667,0.0
5472,6,soft_state_jump,13,980,8,5,0,0.6153846153846154,0.38461538461538464,0.0,0.7692307692307693,0.23076923076923078,0.6923076923076923,0.0
5473,1,soft_dt_jump,26,4160,7,15,4,0.2692307692307692,0.5769230769230769,0.15384615384615385,0.5384615384615384,0.15384615384615385,0.38461538461538464,0.0
5474,3,soft_state_jump,16,810,2,10,4,0.125,0.625,0.25,0.25,0.375,0.1875,0.0
5475,3,soft_dt_jump,19,3360,1,10,8,0.05263157894736842,0.5263157894736842,0.4,0.3157894736842105,0.10526315789473684,0.21052631578947367,0.0
5476,3,soft_side_flip_with_dt_jump,15,1110,3,7,5,0.2,0.4666666666666667,0.3333333333333333,0.0,0.4666666666666667,0.0,0.0
5477,3,soft_dt_jump,17,3380,3,11,3,0.17647058823529413,0.6470588235294118,0.17647058823529413,0.4117647058823529,0.17647058823529413,0.4117647058823529,0.0
5478,1,soft_dt_jump,50,8480,10,30,10,0.2,0.6,0.2,0.38,0.3,0.2,0.0
5479,1,soft_dt_jump,42,6850,8,27,7,0.19047619047619047,0.6428571428571429,0.16666666666666666,0.21428571428571427,0.38095238095238093,0.09523809523809523,0.0
5480,3,soft_dt_jump,8,2310,1,6,1,0.125,0.75,0.125,0.25,0.375,0.0,0.0
5481,1,soft_dt_jump,27,4240,5,16,6,0.18518518518518517,0.5925925925925926,0.2222222222222222,0.37037037037037035,0.2962962962962963,0.18518518518518517,0.0
5482,1,soft_dt_jump,19,2840,4,11,4,0.21052631578947367,0.5789473684210527,0.21052631578947367,0.3684210526315789,0.3157894736842105,0.21052631578947367,0.0
5483,3,soft_state_jump,8,2250,1,4,3,0.125,0.5,0.375,0.0,0.375,0.0,0.0
5484,3,soft_side_flip_with_dt_jump,17,2700,2,11,4,0.11764705882352941,0.6470588235294118,0.23529411764705882,0.29411764705882354,0.4117647058823529,0.23529411764705882,0.0
5485,1,soft_state_jump,32,4150,10,20,2,0.3125,0.625,0.0625,0.5,0.21875,0.28125,0.0
5486,2,soft_dt_jump,8,870,2,6,0,0.25,0.75,0.0,0.125,0.75,0.125,0.0
5487,6,soft_side_flip_with_dt_jump,13,800,5,7,1,0.38461538461538464,0.5384615384615384,0.07692307692307693,0.6153846153846154,0.23076923076923078,0.38461538461538464,0.0
5488,2,soft_dt_jump,16,2070,5,9,2,0.3125,0.5625,0.125,0.25,0.5625,0.0625,0.0
5489,1,soft_dt_jump,33,7500,6,18,9,0.18181818181818182,0.5454545454545454,0.2727272727272727,0.30303030303030304,0.36363636363636365,0.15151515151515152,0.0
5490,3,soft_state_jump,16,2470,3,7,6,0.1875,0.4375,0.375,0.375,0.1875,0.25,0.0
5491,3,soft_state_jump,18,2770,2,11,5,0.1111111111111111,0.6111111111111112,0.2777777777777778,0.2222222222222222,0.3888888888888889,0.1111111111111111,0.0
5492,3,soft_dt_jump,16,4420,2,10,4,0.125,0.625,0.25,0.375,0.125,0.1875,0.0
5493,3,soft_side_flip_with_dt_jump,13,2140,3,7,3,0.23076923076923078,0.5384615384615384,0.23076923076923078,0.3076923076923077,0.3076923076923077,0.3076923076923077,0.0
5494,2,soft_state_jump,12,2660,3,8,1,0.25,0.6666666666666666,0.08333333333333333,0.4166666666666667,0.5,0.25,0.0
5495,1,soft_state_jump,31,5010,7,17,7,0.22580645161290322,0.5483870967741935,0.22580645161290322,0.25806451612903225,0.41935483870967744,0.22580645161290322,0.0
5496,1,soft_side_flip_with_dt_jump,28,5770,6,19,3,0.21428571428571427,0.6785714285714286,0.10714285714285714,0.4642857142857143,0.2857142857142857,0.2857142857142857,0.0
5497,3,soft_state_jump,16,5600,5,10,1,0.3125,0.625,0.0625,0.3125,0.5,0.25,0.0
5498,0,soft_state_jump,42,850,37,5,0,0.8809523809523809,0.11904761904761904,0.0,0.9285714285714286,0.07142857142857142,0.9285714285714286,0.0
5499,3,soft_dt_jump,14,2730,4,7,3,0.2857142857142857,0.5,0.21428571428571427,0.5,0.2857142857142857,0.35714285714285715,0.0
5500,6,soft_dt_jump,10,1290,2,8,0,0.2,0.8,0.0,0.4,0.4,0.4,0.0
5501,3,soft_side_flip_with_dt_jump,21,3440,4,12,5,0.19047619047619047,0.5714285714285714,0.23809523809523808,0.38095238095238093,0.23809523809523808,0.38095238095238093,0.0
5502,0,soft_dt_jump,9,0,8,1,0,0.8888888888888888,0.1111111111111111,0.0,1.0,0.0,0.8888888888888888,0.0
5503,6,soft_dt_jump,11,1330,4,5,2,0.36363636363636365,0.45454545454545453,0.18181818181818182,0.45454545454545453,0.18181818181818182,0.36363636363636365,0.0
5504,6,soft_state_jump,10,980,4,4,2,0.4,0.4,0.2,0.7,0.1,0.7,0.0
5505,6,soft_side_flip_with_dt_jump,15,2320,4,9,2,0.26666666666666666,0.6,0.13333333333333333,0.6,0.13333333333333333,0.4,0.0
5506,6,soft_dt_jump,10,1090,3,6,1,0.3,0.6,0.1,0.8,0.1,0.6,0.0
5507,3,soft_state_jump,10,840,1,5,4,0.1,0.5,0.4,0.1,0.4,0.0,0.0
5508,3,soft_dt_jump,11,1390,1,5,5,0.09090909090909091,0.45454545454545453,0.4,0.2727272727272727,0.2727272727272727,0.09090909090909091,0.0
5509,6,soft_dt_jump,19,2680,11,8,0,0.5789473684210527,0.42105263157894735,0.0,0.5263157894736842,0.3157894736842105,0.42105263157894735,0.0
5510,2,soft_dt_jump,13,2640,3,9,1,0.23076923076923078,0.6923076923076923,0.07692307692307693,0.23076923076923078,0.5384615384615384,0.07692307692307693,0.0
5511,2,soft_side_flip_with_dt_jump,16,2250,3,11,2,0.1875,0.6875,0.125,0.3125,0.4375,0.0625,0.0
5512,3,soft_dt_jump,9,850,4,5,0,0.4444444444444444,0.5555555555555556,0.0,0.3333333333333333,0.5555555555555556,0.2222222222222222,0.0
5513,3,soft_dt_jump,11,2820,1,7,3,0.09090909090909091,0.6363636363636364,0.2727272727272727,0.36363636363636365,0.18181818181818182,0.18181818181818182,0.0
5514,7,soft_side_flip_with_dt_jump,22,320,18,4,0,0.8181818181818182,0.18181818181818182,0.0,0.09090909090909091,0.4090909090909091,0.045454545454545456,0.0
5515,2,soft_dt_jump,9,790,4,4,1,0.4444444444444444,0.4444444444444444,0.1111111111111111,0.2222222222222222,0.1111111111111111,0.0,0.0
5516,6,soft_dt_jump,19,2500,6,9,4,0.3157894736842105,0.47368421052631576,0.21052631578947367,0.5263157894736842,0.15789473684210525,0.2631578947368421,0.0
5517,7,soft_dt_jump,64,810,60,3,1,0.9375,0.046875,0.015625,0.015625,0.515625,0.015625,0.0
5518,5,max_events_per_episode,11,730,3,8,0,0.2727272727272727,0.7272727272727273,0.0,0.45454545454545453,0.09090909090909091,0.2727272727272727,0.45454545454545453
5519,2,soft_dt_jump,14,2350,4,10,0,0.2857142857142857,0.7142857142857143,0.0,0.21428571428571427,0.42857142857142855,0.0,0.14285714285714285
5520,3,soft_dt_jump,20,3120,6,9,5,0.3,0.45,0.25,0.2,0.5,0.2,0.0
5521,1,soft_dt_jump,25,5110,4,17,4,0.16,0.68,0.16,0.44,0.12,0.24,0.0
5522,1,soft_state_jump,39,7530,4,22,13,0.10256410256410256,0.5641025641025641,0.3333333333333333,0.41025641025641024,0.20512820512820512,0.10256410256410256,0.0
5523,3,soft_dt_jump,8,2670,1,6,1,0.125,0.75,0.125,0.5,0.25,0.25,0.0
5524,3,soft_state_jump,22,5390,4,16,2,0.18181818181818182,0.7272727272727273,0.09090909090909091,0.3181818181818182,0.4090909090909091,0.18181818181818182,0.0
5525,6,soft_dt_jump,12,1420,5,6,1,0.4166666666666667,0.5,0.08333333333333333,0.5833333333333334,0.3333333333333333,0.3333333333333333,0.0
5526,2,soft_dt_jump,22,2460,9,10,3,0.4090909090909091,0.45454545454545453,0.13636363636363635,0.36363636363636365,0.5,0.22727272727272727,0.0
5527,3,soft_dt_jump,33,6630,5,21,7,0.15151515151515152,0.6363636363636364,0.21212121212121213,0.09090909090909091,0.42424242424242425,0.030303030303030304,0.0
5528,3,soft_dt_jump,12,3120,2,7,3,0.16666666666666666,0.5833333333333334,0.25,0.4166666666666667,0.3333333333333333,0.3333333333333333,0.0
5529,2,soft_state_jump,16,2510,4,10,2,0.25,0.625,0.125,0.4375,0.4375,0.25,0.0
5530,7,soft_state_jump,26,1640,15,10,1,0.5769230769230769,0.38461538461538464,0.038461538461538464,0.15384615384615385,0.7692307692307693,0.11538461538461539,0.0
5531,7,soft_dt_jump,18,2870,11,5,2,0.6111111111111112,0.2777777777777778,0.1111111111111111,0.16666666666666666,0.3888888888888889,0.05555555555555555,0.0
5532,3,soft_dt_jump,26,7340,5,17,4,0.19230769230769232,0.6538461538461539,0.15384615384615385,0.23076923076923078,0.5769230769230769,0.038461538461538464,0.0
5533,7,soft_dt_jump,9,120,6,3,0,0.6666666666666666,0.3333333333333333,0.0,0.0,1.0,0.0,0.0
5534,3,soft_dt_jump,22,3990,6,15,1,0.2727272727272727,0.6818181818181818,0.045454545454545456,0.3181818181818182,0.45454545454545453,0.18181818181818182,0.0
5535,1,soft_side_flip_with_dt_jump,26,6130,6,17,3,0.23076923076923078,0.6538461538461539,0.11538461538461539,0.38461538461538464,0.34615384615384615,0.23076923076923078,0.0
5536,3,soft_dt_jump,23,7670,3,14,6,0.13043478260869565,0.6086956521739131,0.2608695652173913,0.30434782608695654,0.30434782608695654,0.08695652173913043,0.0
5537,3,soft_dt_jump,12,1410,4,6,2,0.3333333333333333,0.5,0.16666666666666666,0.16666666666666666,0.4166666666666667,0.16666666666666666,0.0
5538,2,soft_dt_jump,9,780,3,5,1,0.3333333333333333,0.5555555555555556,0.1111111111111111,0.2222222222222222,0.6666666666666666,0.2222222222222222,0.0
5539,3,soft_dt_jump,23,4760,5,14,4,0.21739130434782608,0.6086956521739131,0.17391304347826086,0.4782608695652174,0.34782608695652173,0.21739130434782608,0.0
5540,3,soft_dt_jump,8,1530,1,5,2,0.125,0.625,0.25,0.125,0.5,0.0,0.0
5541,1,soft_state_jump,49,9460,10,32,7,0.20408163265306123,0.6530612244897959,0.14285714285714285,0.32653061224489793,0.3673469387755102,0.22448979591836735,0.0
5542,3,max_duration_ms,9,2060,0,7,2,0.0,0.7777777777777778,0.2222222222222222,0.4444444444444444,0.2222222222222222,0.2222222222222222,0.0
5543,3,soft_dt_jump,19,3540,5,11,3,0.2631578947368421,0.5789473684210527,0.15789473684210525,0.21052631578947367,0.3684210526315789,0.10526315789473684,0.0
5544,3,soft_dt_jump,12,2110,2,7,3,0.16666666666666666,0.5833333333333334,0.25,0.4166666666666667,0.08333333333333333,0.16666666666666666,0.0
5545,3,soft_state_jump,11,1840,2,6,3,0.18181818181818182,0.5454545454545454,0.2727272727272727,0.45454545454545453,0.18181818181818182,0.09090909090909091,0.0
5546,1,soft_state_jump,37,7180,14,21,2,0.3783783783783784,0.5675675675675675,0.05405405405405406,0.21621621621621623,0.6486486486486487,0.10810810810810811,0.0
5547,2,soft_dt_jump,11,1850,4,7,0,0.36363636363636365,0.6363636363636364,0.0,0.18181818181818182,0.8181818181818182,0.0,0.0
5548,7,soft_dt_jump,13,2530,7,5,1,0.5384615384615384,0.38461538461538464,0.07692307692307693,0.23076923076923078,0.6153846153846154,0.15384615384615385,0.0
5549,3,soft_dt_jump,10,1360,3,5,2,0.3,0.5,0.2,0.2,0.6,0.2,0.0
5550,2,soft_state_jump,16,3090,6,9,1,0.375,0.5625,0.0625,0.1875,0.6875,0.0,0.0
5551,3,soft_dt_jump,9,3730,1,5,3,0.1111111111111111,0.5555555555555556,0.3333333333333333,0.4444444444444444,0.0,0.3333333333333333,0.0
5552,3,soft_state_jump,15,2410,6,7,2,0.4,0.4666666666666667,0.13333333333333333,0.5333333333333333,0.3333333333333333,0.5333333333333333,0.0
5553,0,soft_dt_jump,10,770,7,2,1,0.7,0.2,0.1,0.7,0.2,0.6,0.0
5554,3,soft_dt_jump,8,2630,1,5,2,0.125,0.625,0.25,0.125,0.25,0.0,0.0
5555,3,soft_dt_jump,10,1660,3,7,0,0.3,0.7,0.0,0.3,0.4,0.1,0.0
5556,3,soft_dt_jump,15,3320,4,9,2,0.26666666666666666,0.6,0.13333333333333333,0.5333333333333333,0.26666666666666666,0.3333333333333333,0.0
5557,3,soft_side_flip_with_dt_jump,13,2890,2,7,4,0.15384615384615385,0.5384615384615384,0.3076923076923077,0.46153846153846156,0.15384615384615385,0.07692307692307693,0.0
5558,2,soft_state_jump,12,2900,1,9,2,0.08333333333333333,0.75,0.16666666666666666,0.6666666666666666,0.08333333333333333,0.25,0.0
5559,1,soft_state_jump,32,9370,8,22,2,0.25,0.6875,0.0625,0.1875,0.59375,0.0625,0.0
5560,1,max_duration_ms,16,3190,6,8,2,0.375,0.5,0.125,0.625,0.25,0.375,0.0
5561,3,soft_dt_jump,18,3710,4,12,2,0.2222222222222222,0.6666666666666666,0.1111111111111111,0.5,0.3888888888888889,0.2777777777777778,0.0
5562,3,soft_dt_jump,14,2290,4,8,2,0.2857142857142857,0.5714285714285714,0.14285714285714285,0.5,0.35714285714285715,0.2857142857142857,0.0
5563,2,soft_state_jump,16,2880,3,12,1,0.1875,0.75,0.0625,0.25,0.5,0.125,0.0
5564,1,soft_state_jump,28,8670,6,15,7,0.21428571428571427,0.5357142857142857,0.25,0.32142857142857145,0.32142857142857145,0.17857142857142858,0.0
5565,2,soft_state_jump,13,2700,4,9,0,0.3076923076923077,0.6923076923076923,0.0,0.38461538461538464,0.5384615384615384,0.23076923076923078,0.0
5566,6,soft_side_flip_with_dt_jump,14,970,7,6,1,0.5,0.42857142857142855,0.07142857142857142,0.9285714285714286,0.0,0.8571428571428571,0.0
5567,6,soft_dt_jump,15,510,8,7,0,0.5333333333333333,0.4666666666666667,0.0,0.8,0.13333333333333333,0.8,0.0
5568,3,soft_dt_jump,14,2490,4,9,1,0.2857142857142857,0.6428571428571429,0.07142857142857142,0.5,0.35714285714285715,0.2857142857142857,0.0
5569,7,soft_state_jump,16,1270,9,6,1,0.5625,0.375,0.0625,0.25,0.625,0.125,0.0
5570,2,soft_dt_jump,8,540,4,4,0,0.5,0.5,0.0,0.125,0.875,0.125,0.0
5571,2,soft_dt_jump,9,2140,3,4,2,0.3333333333333333,0.4444444444444444,0.2222222222222222,0.2222222222222222,0.5555555555555556,0.0,0.0
5572,3,soft_side_flip_with_dt_jump,8,2120,1,6,1,0.125,0.75,0.125,0.375,0.375,0.25,0.0
5573,2,soft_dt_jump,10,1950,4,6,0,0.4,0.6,0.0,0.1,0.8,0.0,0.0
5574,2,soft_dt_jump,13,2690,4,6,3,0.3076923076923077,0.46153846153846156,0.23076923076923078,0.23076923076923078,0.46153846153846156,0.0,0.0
5575,1,soft_dt_jump,27,3420,6,19,2,0.2222222222222222,0.7037037037037037,0.07407407407407407,0.48148148148148145,0.3333333333333333,0.37037037037037035,0.0
5576,3,soft_dt_jump,19,4850,8,10,1,0.42105263157894735,0.5263157894736842,0.05263157894736842,0.2631578947368421,0.631578947368421,0.2631578947368421,0.0
5577,2,soft_dt_jump,10,1560,4,4,2,0.4,0.4,0.2,0.2,0.5,0.1,0.0
5578,7,soft_dt_jump,13,1890,8,4,1,0.6153846153846154,0.3076923076923077,0.07692307692307693,0.15384615384615385,0.7692307692307693,0.15384615384615385,0.0
5579,1,soft_dt_jump,27,3670,8,13,6,0.2962962962962963,0.48148148148148145,0.2222222222222222,0.2962962962962963,0.37037037037037035,0.1111111111111111,0.0
5580,1,soft_dt_jump,46,9890,10,32,4,0.21739130434782608,0.6956521739130435,0.08695652173913043,0.2391304347826087,0.5434782608695652,0.17391304347826086,0.0
5581,2,max_duration_ms,12,2030,6,6,0,0.5,0.5,0.0,0.16666666666666666,0.75,0.08333333333333333,0.0
5582,3,soft_dt_jump,19,4000,3,11,5,0.15789473684210525,0.5789473684210527,0.2631578947368421,0.10526315789473684,0.5263157894736842,0.05263157894736842,0.0
5583,3,soft_dt_jump,20,3430,6,13,1,0.3,0.65,0.05,0.45,0.5,0.4,0.0
5584,2,soft_dt_jump,13,4290,1,8,4,0.07692307692307693,0.6153846153846154,0.3076923076923077,0.46153846153846156,0.23076923076923078,0.38461538461538464,0.0
5585,0,soft_dt_jump,23,730,17,4,2,0.7391304347826086,0.17391304347826086,0.08695652173913043,0.6521739130434783,0.21739130434782608,0.6086956521739131,0.0
5586,7,soft_dt_jump,9,2180,5,4,0,0.5555555555555556,0.4444444444444444,0.0,0.2222222222222222,0.6666666666666666,0.1111111111111111,0.0
5587,6,soft_dt_jump,9,790,4,4,1,0.4444444444444444,0.4444444444444444,0.1111111111111111,0.6666666666666666,0.2222222222222222,0.5555555555555556,0.0
5588,3,soft_dt_jump,10,1980,3,6,1,0.3,0.6,0.1,0.3,0.5,0.1,0.0
5589,1,soft_state_jump,16,5530,3,11,2,0.1875,0.6875,0.125,0.5625,0.1875,0.5,0.0
5590,6,soft_state_jump,10,1480,5,5,0,0.5,0.5,0.0,0.5,0.5,0.5,0.0
5591,2,soft_dt_jump,17,3210,6,11,0,0.35294117647058826,0.6470588235294118,0.0,0.29411764705882354,0.47058823529411764,0.17647058823529413,0.0
5592,3,soft_dt_jump,13,3150,6,5,2,0.46153846153846156,0.38461538461538464,0.15384615384615385,0.15384615384615385,0.5384615384615384,0.15384615384615385,0.0
5593,7,soft_dt_jump,14,250,12,2,0,0.8571428571428571,0.14285714285714285,0.0,0.0,1.0,0.0,0.0
5594,2,soft_dt_jump,24,5110,10,13,1,0.4166666666666667,0.5416666666666666,0.041666666666666664,0.2916666666666667,0.6666666666666666,0.16666666666666666,0.0
5595,7,soft_dt_jump,8,40,6,2,0,0.75,0.25,0.0,0.0,1.0,0.0,0.0
5596,1,soft_dt_jump,30,5580,8,17,5,0.26666666666666666,0.5666666666666667,0.16666666666666666,0.3333333333333333,0.3333333333333333,0.23333333333333334,0.0
5597,3,soft_dt_jump,20,3460,5,13,2,0.25,0.65,0.1,0.35,0.4,0.3,0.0
5598,7,soft_state_jump,8,650,4,3,1,0.5,0.375,0.125,0.125,0.75,0.125,0.0
5599,6,soft_dt_jump,8,1390,4,4,0,0.5,0.5,0.0,0.5,0.375,0.5,0.0
5600,1,soft_side_flip_with_dt_jump,17,4700,2,12,3,0.11764705882352941,0.7058823529411765,0.17647058823529413,0.5294117647058824,0.11764705882352941,0.35294117647058826,0.0
5601,3,soft_state_jump,12,2590,2,7,3,0.16666666666666666,0.5833333333333334,0.25,0.08333333333333333,0.5,0.08333333333333333,0.0
5602,3,soft_dt_jump,19,3920,4,11,4,0.21052631578947367,0.5789473684210527,0.21052631578947367,0.3157894736842105,0.3684210526315789,0.15789473684210525,0.0
5603,0,soft_dt_jump,10,1270,8,2,0,0.8,0.2,0.0,1.0,0.0,1.0,0.0
5604,7,soft_dt_jump,28,2910,15,10,3,0.5357142857142857,0.35714285714285715,0.10714285714285714,0.21428571428571427,0.5714285714285714,0.14285714285714285,0.0
5605,3,soft_dt_jump,18,3770,4,10,4,0.2222222222222222,0.5555555555555556,0.2222222222222222,0.3888888888888889,0.2777777777777778,0.16666666666666666,0.0
5606,3,soft_dt_jump,15,2860,3,8,4,0.2,0.5333333333333333,0.26666666666666666,0.3333333333333333,0.4,0.2,0.0
5607,1,soft_state_jump,30,5500,6,17,7,0.2,0.5666666666666667,0.23333333333333334,0.43333333333333335,0.3,0.3,0.0
5608,2,soft_state_jump,16,2330,3,11,2,0.1875,0.6875,0.125,0.4375,0.25,0.1875,0.0
5609,2,soft_state_jump,16,2180,6,9,1,0.375,0.5625,0.0625,0.4375,0.375,0.4375,0.0
5610,3,soft_dt_jump,15,6220,2,8,5,0.13333333333333333,0.5333333333333333,0.3333333333333333,0.26666666666666666,0.2,0.26666666666666666,0.0
5611,0,soft_state_jump,35,3420,23,11,1,0.6571428571428571,0.3142857142857143,0.02857142857142857,0.7714285714285715,0.08571428571428572,0.6857142857142857,0.0
5612,2,soft_dt_jump,11,880,5,5,1,0.45454545454545453,0.45454545454545453,0.09090909090909091,0.36363636363636365,0.5454545454545454,0.18181818181818182,0.0
5613,2,soft_dt_jump,9,1460,4,5,0,0.4444444444444444,0.5555555555555556,0.0,0.4444444444444444,0.5555555555555556,0.2222222222222222,0.0
5614,2,soft_dt_jump,8,1830,2,5,1,0.25,0.625,0.125,0.25,0.625,0.125,0.0
5615,3,soft_state_jump,9,450,1,6,2,0.1111111111111111,0.6666666666666666,0.2222222222222222,0.5555555555555556,0.1111111111111111,0.3333333333333333,0.0
5616,3,soft_dt_jump,8,670,4,3,1,0.5,0.375,0.125,0.25,0.625,0.25,0.0
5617,3,soft_dt_jump,22,2550,4,15,3,0.18181818181818182,0.6818181818181818,0.13636363636363635,0.36363636363636365,0.2727272727272727,0.3181818181818182,0.0
5618,6,soft_dt_jump,8,310,3,5,0,0.375,0.625,0.0,0.5,0.5,0.375,0.0
5619,3,soft_dt_jump,8,660,2,2,4,0.25,0.25,0.4,0.125,0.25,0.125,0.0
5620,7,soft_dt_jump,14,360,9,5,0,0.6428571428571429,0.35714285714285715,0.0,0.14285714285714285,0.8571428571428571,0.14285714285714285,0.0
5621,7,soft_dt_jump,9,240,7,2,0,0.7777777777777778,0.2222222222222222,0.0,0.0,1.0,0.0,0.0
5622,1,soft_dt_jump,26,4340,3,20,3,0.11538461538461539,0.7692307692307693,0.11538461538461539,0.4230769230769231,0.23076923076923078,0.19230769230769232,0.0
5623,0,soft_dt_jump,12,0,11,1,0,0.9166666666666666,0.08333333333333333,0.0,1.0,0.0,1.0,0.0
5624,2,soft_dt_jump,11,1260,4,6,1,0.36363636363636365,0.5454545454545454,0.09090909090909091,0.18181818181818182,0.45454545454545453,0.09090909090909091,0.0
5625,3,soft_dt_jump,9,1060,2,5,2,0.2222222222222222,0.5555555555555556,0.2222222222222222,0.1111111111111111,0.4444444444444444,0.0,0.0
5626,3,soft_state_jump,18,2020,4,12,2,0.2222222222222222,0.6666666666666666,0.1111111111111111,0.16666666666666666,0.5555555555555556,0.1111111111111111,0.0
5627,1,soft_dt_jump,26,3770,4,16,6,0.15384615384615385,0.6153846153846154,0.23076923076923078,0.6923076923076923,0.0,0.6153846153846154,0.0
5628,7,soft_dt_jump,8,720,6,2,0,0.75,0.25,0.0,0.0,1.0,0.0,0.0
5629,3,soft_dt_jump,14,2450,3,7,4,0.21428571428571427,0.5,0.2857142857142857,0.42857142857142855,0.21428571428571427,0.2857142857142857,0.0
5630,1,soft_dt_jump,29,5600,4,19,6,0.13793103448275862,0.6551724137931034,0.20689655172413793,0.4827586206896552,0.2413793103448276,0.10344827586206896,0.0
5631,6,soft_dt_jump,19,3530,3,14,2,0.15789473684210525,0.7368421052631579,0.10526315789473684,0.6842105263157895,0.15789473684210525,0.5263157894736842,0.0
5632,3,soft_dt_jump,24,4140,8,10,6,0.3333333333333333,0.4166666666666667,0.25,0.2916666666666667,0.4166666666666667,0.125,0.0
5633,7,soft_dt_jump,18,1380,13,5,0,0.7222222222222222,0.2777777777777778,0.0,0.1111111111111111,0.8888888888888888,0.05555555555555555,0.0
5634,1,soft_dt_jump,32,9730,4,21,7,0.125,0.65625,0.21875,0.40625,0.25,0.1875,0.0
5635,2,max_duration_ms,9,640,4,4,1,0.4444444444444444,0.4444444444444444,0.1111111111111111,0.3333333333333333,0.5555555555555556,0.1111111111111111,0.0
5636,3,soft_dt_jump,19,2540,7,8,4,0.3684210526315789,0.42105263157894735,0.21052631578947367,0.3684210526315789,0.42105263157894735,0.21052631578947367,0.0
5637,1,soft_dt_jump,16,2470,4,10,2,0.25,0.625,0.125,0.5625,0.25,0.25,0.0
5638,0,soft_state_jump,33,1540,25,5,3,0.7575757575757576,0.15151515151515152,0.09090909090909091,0.8181818181818182,0.09090909090909091,0.7878787878787878,0.0
5639,3,soft_dt_jump,14,1840,3,8,3,0.21428571428571427,0.5714285714285714,0.21428571428571427,0.21428571428571427,0.2857142857142857,0.14285714285714285,0.0
5640,3,soft_dt_jump,16,2920,4,11,1,0.25,0.6875,0.0625,0.125,0.6875,0.125,0.0
5641,3,soft_dt_jump,8,880,1,6,1,0.125,0.75,0.125,0.125,0.375,0.125,0.0
5642,2,soft_side_flip_with_dt_jump,10,1420,4,6,0,0.4,0.6,0.0,0.2,0.7,0.1,0.0
5643,2,soft_dt_jump,11,1680,4,6,1,0.36363636363636365,0.5454545454545454,0.09090909090909091,0.0,0.8181818181818182,0.0,0.0
5644,7,soft_dt_jump,9,1490,5,3,1,0.5555555555555556,0.3333333333333333,0.1111111111111111,0.1111111111111111,0.7777777777777778,0.0,0.0
5645,3,soft_dt_jump,16,1450,5,6,5,0.3125,0.375,0.3125,0.1875,0.4375,0.125,0.0
5646,2,soft_dt_jump,12,2330,5,7,0,0.4166666666666667,0.5833333333333334,0.0,0.25,0.6666666666666666,0.08333333333333333,0.0
5647,2,soft_dt_jump,10,2200,4,5,1,0.4,0.5,0.1,0.2,0.6,0.1,0.0
5648,3,soft_dt_jump,17,2100,4,9,4,0.23529411764705882,0.5294117647058824,0.23529411764705882,0.23529411764705882,0.47058823529411764,0.17647058823529413,0.0
5649,1,soft_state_jump,36,7090,9,18,9,0.25,0.5,0.25,0.5833333333333334,0.1111111111111111,0.4444444444444444,0.0
5650,6,soft_dt_jump,12,800,5,6,1,0.4166666666666667,0.5,0.08333333333333333,0.8333333333333334,0.08333333333333333,0.75,0.0
5651,7,soft_dt_jump,21,3030,11,8,2,0.5238095238095238,0.38095238095238093,0.09523809523809523,0.2857142857142857,0.47619047619047616,0.19047619047619047,0.0
5652,3,soft_dt_jump,16,2880,2,10,4,0.125,0.625,0.25,0.5625,0.0625,0.375,0.0
5653,3,soft_state_jump,9,1740,2,7,0,0.2222222222222222,0.7777777777777778,0.0,0.4444444444444444,0.5555555555555556,0.4444444444444444,0.0
5654,1,soft_dt_jump,22,2850,6,13,3,0.2727272727272727,0.5909090909090909,0.13636363636363635,0.5454545454545454,0.2727272727272727,0.4090909090909091,0.0
5655,2,soft_side_flip_with_dt_jump,12,2660,1,10,1,0.08333333333333333,0.8333333333333334,0.08333333333333333,0.5,0.25,0.16666666666666666,0.0
5656,3,soft_state_jump,14,2390,3,6,5,0.21428571428571427,0.42857142857142855,0.35714285714285715,0.2857142857142857,0.2857142857142857,0.2857142857142857,0.0
5657,0,soft_state_jump,10,730,7,2,1,0.7,0.2,0.1,0.9,0.0,0.7,0.0
5658,3,soft_dt_jump,19,4740,5,11,3,0.2631578947368421,0.5789473684210527,0.15789473684210525,0.5789473684210527,0.15789473684210525,0.47368421052631576,0.0
5659,3,soft_dt_jump,35,7730,4,21,10,0.11428571428571428,0.6,0.2857142857142857,0.2857142857142857,0.2857142857142857,0.2,0.0
5660,2,soft_state_jump,10,2970,3,6,1,0.3,0.6,0.1,0.6,0.3,0.3,0.0
5661,1,soft_state_jump,27,4570,6,17,4,0.2222222222222222,0.6296296296296297,0.14814814814814814,0.48148148148148145,0.2962962962962963,0.2962962962962963,0.0
5662,3,soft_dt_jump,14,3520,4,9,1,0.2857142857142857,0.6428571428571429,0.07142857142857142,0.14285714285714285,0.5714285714285714,0.0,0.0
5663,2,soft_state_jump,9,710,4,4,1,0.4444444444444444,0.4444444444444444,0.1111111111111111,0.3333333333333333,0.5555555555555556,0.2222222222222222,0.0
5664,1,soft_dt_jump,23,3320,7,10,6,0.30434782608695654,0.43478260869565216,0.2608695652173913,0.34782608695652173,0.34782608695652173,0.21739130434782608,0.0
5665,2,soft_dt_jump,13,3360,1,11,1,0.07692307692307693,0.8461538461538461,0.07692307692307693,0.6923076923076923,0.07692307692307693,0.23076923076923078,0.0
5666,7,soft_state_jump,31,1670,25,3,3,0.8064516129032258,0.0967741935483871,0.0967741935483871,0.06451612903225806,0.8387096774193549,0.03225806451612903,0.0
5667,2,soft_dt_jump,10,750,2,6,2,0.2,0.6,0.2,0.2,0.6,0.0,0.0
5668,0,soft_state_jump,27,1710,18,7,2,0.6666666666666666,0.25925925925925924,0.07407407407407407,0.7777777777777778,0.1111111111111111,0.7777777777777778,0.0
5669,5,soft_dt_jump,18,3290,4,10,4,0.2222222222222222,0.5555555555555556,0.2222222222222222,0.2222222222222222,0.2222222222222222,0.1111111111111111,0.16666666666666666
5670,2,soft_dt_jump,9,2760,2,7,0,0.2222222222222222,0.7777777777777778,0.0,0.3333333333333333,0.5555555555555556,0.2222222222222222,0.0
5671,2,soft_dt_jump,9,2480,1,7,1,0.1111111111111111,0.7777777777777778,0.1111111111111111,0.4444444444444444,0.2222222222222222,0.2222222222222222,0.0
5672,3,soft_dt_jump,10,3420,1,5,4,0.1,0.5,0.4,0.4,0.2,0.3,0.0
5673,3,soft_state_jump,23,4740,6,13,4,0.2608695652173913,0.5652173913043478,0.17391304347826086,0.6086956521739131,0.08695652173913043,0.5217391304347826,0.0
5674,3,soft_dt_jump,21,3450,2,15,4,0.09523809523809523,0.7142857142857143,0.19047619047619047,0.38095238095238093,0.14285714285714285,0.23809523809523808,0.0
5675,1,soft_state_jump,34,5140,9,22,3,0.2647058823529412,0.6470588235294118,0.08823529411764706,0.20588235294117646,0.5,0.08823529411764706,0.0
5676,2,soft_dt_jump,9,670,3,5,1,0.3333333333333333,0.5555555555555556,0.1111111111111111,0.4444444444444444,0.4444444444444444,0.3333333333333333,0.0
5677,2,soft_dt_jump,23,3470,11,10,2,0.4782608695652174,0.43478260869565216,0.08695652173913043,0.13043478260869565,0.6521739130434783,0.043478260869565216,0.0
5678,7,soft_dt_jump,27,3330,13,12,2,0.48148148148148145,0.4444444444444444,0.07407407407407407,0.14814814814814814,0.7037037037037037,0.1111111111111111,0.0
5679,1,soft_dt_jump,14,2860,3,8,3,0.21428571428571427,0.5714285714285714,0.21428571428571427,0.5,0.2857142857142857,0.5,0.0
5680,2,soft_state_jump,12,2430,2,9,1,0.16666666666666666,0.75,0.08333333333333333,0.4166666666666667,0.4166666666666667,0.25,0.0
5681,1,soft_state_jump,24,4220,8,14,2,0.3333333333333333,0.5833333333333334,0.08333333333333333,0.5833333333333334,0.125,0.375,0.0
5682,3,soft_dt_jump,12,2750,2,7,3,0.16666666666666666,0.5833333333333334,0.25,0.4166666666666667,0.0,0.3333333333333333,0.0
5683,3,soft_dt_jump,22,2570,9,7,6,0.4090909090909091,0.3181818181818182,0.2727272727272727,0.3181818181818182,0.3181818181818182,0.22727272727272727,0.0
5684,7,soft_dt_jump,8,910,5,2,1,0.625,0.25,0.125,0.125,0.75,0.0,0.0
5685,6,soft_dt_jump,11,1170,7,4,0,0.6363636363636364,0.36363636363636365,0.0,0.9090909090909091,0.09090909090909091,0.8181818181818182,0.0
5686,6,soft_dt_jump,8,1540,5,3,0,0.625,0.375,0.0,1.0,0.0,0.875,0.0
5687,7,soft_dt_jump,21,1530,17,4,0,0.8095238095238095,0.19047619047619047,0.0,0.0,0.9047619047619048,0.0,0.0
5688,3,soft_dt_jump,16,390,4,12,0,0.25,0.75,0.0,0.0,0.9375,0.0,0.0
5689,7,soft_dt_jump,8,450,5,3,0,0.625,0.375,0.0,0.0,0.875,0.0,0.0
5690,3,soft_dt_jump,22,2910,5,11,6,0.22727272727272727,0.5,0.2727272727272727,0.3181818181818182,0.3181818181818182,0.2727272727272727,0.0
5691,3,soft_dt_jump,19,3860,5,10,4,0.2631578947368421,0.5263157894736842,0.21052631578947367,0.47368421052631576,0.2631578947368421,0.42105263157894735,0.0
5692,2,soft_dt_jump,10,890,3,6,1,0.3,0.6,0.1,0.2,0.7,0.0,0.0
5693,3,soft_dt_jump,21,5900,4,11,6,0.19047619047619047,0.5238095238095238,0.2857142857142857,0.3333333333333333,0.38095238095238093,0.14285714285714285,0.0
5694,6,soft_dt_jump,12,1110,5,5,2,0.4166666666666667,0.4166666666666667,0.16666666666666666,0.6666666666666666,0.16666666666666666,0.5833333333333334,0.0
5695,3,soft_dt_jump,17,2760,4,11,2,0.23529411764705882,0.6470588235294118,0.11764705882352941,0.11764705882352941,0.5882352941176471,0.0,0.0
5696,3,soft_dt_jump,15,2400,4,8,3,0.26666666666666666,0.5333333333333333,0.2,0.3333333333333333,0.4,0.2,0.0
5697,2,soft_dt_jump,14,1950,4,10,0,0.2857142857142857,0.7142857142857143,0.0,0.35714285714285715,0.42857142857142855,0.14285714285714285,0.0
5698,3,soft_side_flip_with_dt_jump,18,3250,1,12,5,0.05555555555555555,0.6666666666666666,0.2777777777777778,0.3333333333333333,0.3333333333333333,0.16666666666666666,0.0
5699,6,soft_dt_jump,8,1080,5,3,0,0.625,0.375,0.0,0.5,0.5,0.5,0.0
5700,0,soft_dt_jump,24,1600,18,5,1,0.75,0.20833333333333334,0.041666666666666664,0.9583333333333334,0.0,0.875,0.0
5701,6,soft_dt_jump,8,200,4,4,0,0.5,0.5,0.0,0.875,0.125,0.875,0.0
5702,3,soft_dt_jump,15,1040,7,6,2,0.4666666666666667,0.4,0.13333333333333333,0.3333333333333333,0.4,0.06666666666666667,0.0
5703,7,soft_dt_jump,8,20,6,1,1,0.75,0.125,0.125,0.0,0.875,0.0,0.0
5704,0,soft_dt_jump,9,0,8,1,0,0.8888888888888888,0.1111111111111111,0.0,1.0,0.0,0.8888888888888888,0.0
5705,7,soft_dt_jump,20,1450,14,5,1,0.7,0.25,0.05,0.05,0.8,0.05,0.0
5706,5,soft_dt_jump,13,4030,1,10,2,0.07692307692307693,0.7692307692307693,0.15384615384615385,0.23076923076923078,0.23076923076923078,0.07692307692307693,0.07692307692307693
5707,1,soft_dt_jump,22,3590,5,11,6,0.22727272727272727,0.5,0.2727272727272727,0.45454545454545453,0.22727272727272727,0.22727272727272727,0.0
5708,2,soft_dt_jump,14,2660,4,8,2,0.2857142857142857,0.5714285714285714,0.14285714285714285,0.5714285714285714,0.2857142857142857,0.42857142857142855,0.0
5709,3,soft_dt_jump,11,3540,3,5,3,0.2727272727272727,0.45454545454545453,0.2727272727272727,0.36363636363636365,0.18181818181818182,0.2727272727272727,0.0
5710,3,soft_state_jump,21,2150,3,12,6,0.14285714285714285,0.5714285714285714,0.2857142857142857,0.14285714285714285,0.3333333333333333,0.09523809523809523,0.0
5711,3,soft_state_jump,14,3270,3,9,2,0.21428571428571427,0.6428571428571429,0.14285714285714285,0.14285714285714285,0.5,0.0,0.0
5712,2,soft_dt_jump,13,2580,2,8,3,0.15384615384615385,0.6153846153846154,0.23076923076923078,0.38461538461538464,0.3076923076923077,0.23076923076923078,0.0
5713,6,soft_side_flip_with_dt_jump,12,930,4,6,2,0.3333333333333333,0.5,0.16666666666666666,0.6666666666666666,0.0,0.5,0.0
5714,0,soft_dt_jump,13,870,11,1,1,0.8461538461538461,0.07692307692307693,0.07692307692307693,0.9230769230769231,0.0,0.5384615384615384,0.0
5715,1,soft_dt_jump,25,3650,4,17,4,0.16,0.68,0.16,0.52,0.2,0.32,0.0
5716,6,soft_state_jump,11,1810,2,7,2,0.18181818181818182,0.6363636363636364,0.18181818181818182,0.6363636363636364,0.09090909090909091,0.5454545454545454,0.0
5717,6,soft_dt_jump,9,730,5,4,0,0.5555555555555556,0.4444444444444444,0.0,0.7777777777777778,0.2222222222222222,0.6666666666666666,0.0
5718,3,soft_dt_jump,12,1940,4,5,3,0.3333333333333333,0.4166666666666667,0.25,0.16666666666666666,0.5833333333333334,0.08333333333333333,0.0
5719,3,soft_state_jump,19,4210,4,10,5,0.21052631578947367,0.5263157894736842,0.2631578947368421,0.3684210526315789,0.21052631578947367,0.3684210526315789,0.0
5720,6,soft_dt_jump,19,2680,8,10,1,0.42105263157894735,0.5263157894736842,0.05263157894736842,0.5789473684210527,0.3157894736842105,0.42105263157894735,0.0
5721,3,soft_dt_jump,18,3520,7,9,2,0.3888888888888889,0.5,0.1111111111111111,0.16666666666666666,0.7222222222222222,0.1111111111111111,0.0
5722,2,soft_dt_jump,12,2030,3,7,2,0.25,0.5833333333333334,0.16666666666666666,0.5833333333333334,0.25,0.3333333333333333,0.0
5723,3,soft_dt_jump,18,4270,5,9,4,0.2777777777777778,0.5,0.2222222222222222,0.2222222222222222,0.3888888888888889,0.2222222222222222,0.0
5724,2,soft_dt_jump,9,1790,1,8,0,0.1111111111111111,0.8888888888888888,0.0,0.3333333333333333,0.3333333333333333,0.1111111111111111,0.0
5725,1,soft_dt_jump,35,7180,7,21,7,0.2,0.6,0.2,0.3142857142857143,0.37142857142857144,0.17142857142857143,0.0
5726,3,soft_side_flip_with_dt_jump,26,4580,7,14,5,0.2692307692307692,0.5384615384615384,0.19230769230769232,0.38461538461538464,0.34615384615384615,0.3076923076923077,0.0
5727,3,soft_state_jump,14,4230,3,10,1,0.21428571428571427,0.7142857142857143,0.07142857142857142,0.5,0.21428571428571427,0.2857142857142857,0.0
5728,1,soft_side_flip_with_dt_jump,14,2840,2,9,3,0.14285714285714285,0.6428571428571429,0.21428571428571427,0.5,0.21428571428571427,0.2857142857142857,0.0
5729,2,soft_dt_jump,13,3640,2,10,1,0.15384615384615385,0.7692307692307693,0.07692307692307693,0.5384615384615384,0.3076923076923077,0.3076923076923077,0.0
5730,1,soft_dt_jump,19,2470,4,13,2,0.21052631578947367,0.6842105263157895,0.10526315789473684,0.3684210526315789,0.3684210526315789,0.2631578947368421,0.0
5731,1,soft_dt_jump,16,3040,4,10,2,0.25,0.625,0.125,0.5625,0.25,0.4375,0.0
5732,3,soft_state_jump,12,2740,3,7,2,0.25,0.5833333333333334,0.16666666666666666,0.5,0.16666666666666666,0.4166666666666667,0.0
5733,1,soft_state_jump,24,5830,4,14,6,0.16666666666666666,0.5833333333333334,0.25,0.4166666666666667,0.20833333333333334,0.25,0.0
5734,2,soft_state_jump,11,2630,3,7,1,0.2727272727272727,0.6363636363636364,0.09090909090909091,0.36363636363636365,0.36363636363636365,0.18181818181818182,0.0
5735,3,soft_dt_jump,13,2510,3,6,4,0.23076923076923078,0.46153846153846156,0.3076923076923077,0.38461538461538464,0.3076923076923077,0.3076923076923077,0.0
5736,1,soft_dt_jump,43,5770,12,25,6,0.27906976744186046,0.5813953488372093,0.13953488372093023,0.5581395348837209,0.20930232558139536,0.3953488372093023,0.0
5737,0,soft_dt_jump,48,5140,35,11,2,0.7291666666666666,0.22916666666666666,0.041666666666666664,0.8333333333333334,0.10416666666666667,0.8333333333333334,0.0
5738,6,soft_dt_jump,12,2040,4,7,1,0.3333333333333333,0.5833333333333334,0.08333333333333333,0.5833333333333334,0.25,0.5,0.0
5739,3,soft_state_jump,17,3670,2,10,5,0.11764705882352941,0.5882352941176471,0.29411764705882354,0.0,0.5882352941176471,0.0,0.0
5740,3,soft_dt_jump,13,2150,2,6,5,0.15384615384615385,0.46153846153846156,0.38461538461538464,0.15384615384615385,0.23076923076923078,0.07692307692307693,0.0
5741,2,soft_dt_jump,16,3480,3,12,1,0.1875,0.75,0.0625,0.25,0.625,0.0625,0.0
5742,2,soft_dt_jump,16,2220,5,10,1,0.3125,0.625,0.0625,0.4375,0.4375,0.3125,0.0
5743,2,soft_dt_jump,15,3860,4,9,2,0.26666666666666666,0.6,0.13333333333333333,0.2,0.5333333333333333,0.06666666666666667,0.0
5744,7,soft_dt_jump,18,1310,13,5,0,0.7222222222222222,0.2777777777777778,0.0,0.3333333333333333,0.6666666666666666,0.3333333333333333,0.0
5745,6,soft_dt_jump,19,1710,11,7,1,0.5789473684210527,0.3684210526315789,0.05263157894736842,0.5789473684210527,0.2631578947368421,0.47368421052631576,0.0
5746,3,soft_dt_jump,8,860,3,4,1,0.375,0.5,0.125,0.0,0.5,0.0,0.0
5747,3,soft_state_jump,13,5720,2,7,4,0.15384615384615385,0.5384615384615384,0.3076923076923077,0.3076923076923077,0.3076923076923077,0.15384615384615385,0.0
5748,0,soft_state_jump,28,1260,23,5,0,0.8214285714285714,0.17857142857142858,0.0,0.9285714285714286,0.0,0.8928571428571429,0.0
5749,2,soft_dt_jump,17,3290,4,11,2,0.23529411764705882,0.6470588235294118,0.11764705882352941,0.5294117647058824,0.29411764705882354,0.4117647058823529,0.0
5750,3,soft_dt_jump,26,2290,10,10,6,0.38461538461538464,0.38461538461538464,0.23076923076923078,0.23076923076923078,0.34615384615384615,0.07692307692307693,0.0
5751,5,soft_dt_jump,20,1940,4,12,4,0.2,0.6,0.2,0.35,0.0,0.15,0.4
5752,5,soft_dt_jump,9,1080,2,7,0,0.2222222222222222,0.7777777777777778,0.0,0.6666666666666666,0.0,0.5555555555555556,0.3333333333333333
5753,3,soft_state_jump,16,1850,4,8,4,0.25,0.5,0.25,0.125,0.5625,0.0,0.0
5754,3,soft_dt_jump,11,1530,4,5,2,0.36363636363636365,0.45454545454545453,0.18181818181818182,0.45454545454545453,0.18181818181818182,0.45454545454545453,0.0
5755,3,soft_dt_jump,11,2440,3,6,2,0.2727272727272727,0.5454545454545454,0.18181818181818182,0.5454545454545454,0.18181818181818182,0.45454545454545453,0.0
5756,3,soft_dt_jump,25,3800,5,12,8,0.2,0.48,0.32,0.28,0.28,0.24,0.0
5757,3,soft_state_jump,18,2720,4,10,4,0.2222222222222222,0.5555555555555556,0.2222222222222222,0.2777777777777778,0.3333333333333333,0.2222222222222222,0.0
5758,0,soft_state_jump,9,0,8,1,0,0.8888888888888888,0.1111111111111111,0.0,1.0,0.0,1.0,0.0
5759,1,soft_dt_jump,26,3600,5,15,6,0.19230769230769232,0.5769230769230769,0.23076923076923078,0.5,0.2692307692307692,0.34615384615384615,0.0
5760,3,soft_dt_jump,15,2040,1,11,3,0.06666666666666667,0.7333333333333333,0.2,0.26666666666666666,0.3333333333333333,0.26666666666666666,0.0
5761,3,soft_side_flip_with_dt_jump,14,4130,2,10,2,0.14285714285714285,0.7142857142857143,0.14285714285714285,0.07142857142857142,0.5714285714285714,0.07142857142857142,0.0
5762,3,soft_dt_jump,13,2950,2,7,4,0.15384615384615385,0.5384615384615384,0.3076923076923077,0.15384615384615385,0.46153846153846156,0.0,0.0
5763,6,soft_dt_jump,20,4230,11,7,2,0.55,0.35,0.1,0.6,0.15,0.55,0.0
5764,2,soft_dt_jump,9,1540,2,7,0,0.2222222222222222,0.7777777777777778,0.0,0.4444444444444444,0.4444444444444444,0.2222222222222222,0.0
5765,1,soft_side_flip_with_dt_jump,32,9430,4,20,8,0.125,0.625,0.25,0.34375,0.3125,0.21875,0.0
5766,3,max_duration_ms,24,5890,6,12,6,0.25,0.5,0.25,0.3333333333333333,0.375,0.2916666666666667,0.0
5767,7,soft_dt_jump,14,990,8,5,1,0.5714285714285714,0.35714285714285715,0.07142857142857142,0.07142857142857142,0.7857142857142857,0.07142857142857142,0.0
5768,3,soft_dt_jump,13,3210,0,8,5,0.0,0.6153846153846154,0.38461538461538464,0.3076923076923077,0.07692307692307693,0.3076923076923077,0.0
5769,7,soft_dt_jump,15,1150,10,4,1,0.6666666666666666,0.26666666666666666,0.06666666666666667,0.06666666666666667,0.8,0.0,0.0
5770,3,soft_dt_jump,16,2680,6,6,4,0.375,0.375,0.25,0.375,0.25,0.3125,0.0
5771,7,soft_dt_jump,9,1040,6,3,0,0.6666666666666666,0.3333333333333333,0.0,0.0,0.8888888888888888,0.0,0.0
5772,7,soft_dt_jump,10,0,9,1,0,0.9,0.1,0.0,0.0,0.8,0.0,0.0
5773,5,soft_dt_jump,11,2980,1,6,4,0.09090909090909091,0.5454545454545454,0.36363636363636365,0.2727272727272727,0.18181818181818182,0.09090909090909091,0.09090909090909091
5774,3,soft_state_jump,9,1890,1,4,4,0.1111111111111111,0.4444444444444444,0.4,0.1111111111111111,0.3333333333333333,0.0,0.0
5775,3,soft_state_jump,19,6410,5,12,2,0.2631578947368421,0.631578947368421,0.10526315789473684,0.2631578947368421,0.5263157894736842,0.10526315789473684,0.0
5776,7,soft_dt_jump,8,200,5,3,0,0.625,0.375,0.0,0.25,0.625,0.25,0.0
5777,1,soft_dt_jump,35,9330,6,21,8,0.17142857142857143,0.6,0.22857142857142856,0.6571428571428571,0.08571428571428572,0.5142857142857142,0.0
5778,6,max_duration_ms,8,2170,2,6,0,0.25,0.75,0.0,0.875,0.0,0.375,0.0
5779,6,soft_state_jump,20,5900,4,15,1,0.2,0.75,0.05,0.65,0.25,0.45,0.0
5780,6,soft_state_jump,18,1500,6,7,5,0.3333333333333333,0.3888888888888889,0.2777777777777778,0.5555555555555556,0.1111111111111111,0.5,0.0
5781,6,soft_dt_jump,11,3040,4,7,0,0.36363636363636365,0.6363636363636364,0.0,0.9090909090909091,0.0,0.6363636363636364,0.0
5782,6,soft_dt_jump,10,2290,2,7,1,0.2,0.7,0.1,0.6,0.0,0.4,0.0
5783,6,soft_side_flip_with_dt_jump,20,4010,4,15,1,0.2,0.75,0.05,0.6,0.1,0.4,0.0
5784,3,soft_dt_jump,15,4610,3,10,2,0.2,0.6666666666666666,0.13333333333333333,0.5333333333333333,0.26666666666666666,0.3333333333333333,0.0
5785,3,soft_dt_jump,10,1170,2,6,2,0.2,0.6,0.2,0.1,0.6,0.0,0.0
5786,3,soft_dt_jump,14,2150,5,5,4,0.35714285714285715,0.35714285714285715,0.2857142857142857,0.5714285714285714,0.07142857142857142,0.35714285714285715,0.0
5787,3,soft_dt_jump,26,4300,7,16,3,0.2692307692307692,0.6153846153846154,0.11538461538461539,0.46153846153846156,0.23076923076923078,0.38461538461538464,0.0
5788,1,soft_state_jump,23,6390,5,12,6,0.21739130434782608,0.5217391304347826,0.2608695652173913,0.5217391304347826,0.17391304347826086,0.43478260869565216,0.0
5789,2,soft_dt_jump,12,4380,1,11,0,0.08333333333333333,0.8888888888888888,0.0,0.5833333333333334,0.4166666666666667,0.08333333333333333,0.0
5790,3,soft_state_jump,9,1650,3,4,2,0.3333333333333333,0.4444444444444444,0.2222222222222222,0.2222222222222222,0.5555555555555556,0.2222222222222222,0.0
5791,6,soft_dt_jump,17,2810,4,11,2,0.23529411764705882,0.6470588235294118,0.11764705882352941,0.5294117647058824,0.17647058823529413,0.4117647058823529,0.0
5792,3,soft_dt_jump,11,3300,3,5,3,0.2727272727272727,0.45454545454545453,0.2727272727272727,0.45454545454545453,0.2727272727272727,0.45454545454545453,0.0
5793,3,soft_state_jump,11,2040,2,7,2,0.18181818181818182,0.6363636363636364,0.18181818181818182,0.5454545454545454,0.18181818181818182,0.45454545454545453,0.0
5794,6,soft_state_jump,8,450,4,3,1,0.5,0.375,0.125,0.875,0.0,0.625,0.0
5795,3,soft_dt_jump,12,2190,2,5,5,0.16666666666666666,0.4166666666666667,0.4,0.16666666666666666,0.3333333333333333,0.0,0.0
5796,1,soft_state_jump,22,4740,3,13,6,0.13636363636363635,0.5909090909090909,0.2727272727272727,0.36363636363636365,0.22727272727272727,0.22727272727272727,0.0
5797,3,soft_dt_jump,20,3550,7,10,3,0.35,0.5,0.15,0.45,0.3,0.3,0.0
5798,6,soft_state_jump,10,2640,2,7,1,0.2,0.7,0.1,0.8,0.1,0.6,0.0
5799,2,soft_state_jump,9,840,3,6,0,0.3333333333333333,0.6666666666666666,0.0,0.1111111111111111,0.8888888888888888,0.1111111111111111,0.0
5800,6,soft_dt_jump,12,2500,3,6,3,0.25,0.5,0.25,0.6666666666666666,0.0,0.6666666666666666,0.0
5801,6,soft_dt_jump,22,5530,10,8,4,0.45454545454545453,0.36363636363636365,0.18181818181818182,0.5909090909090909,0.045454545454545456,0.5454545454545454,0.0
5802,2,soft_dt_jump,13,1940,3,8,2,0.23076923076923078,0.6153846153846154,0.15384615384615385,0.38461538461538464,0.38461538461538464,0.3076923076923077,0.0
5803,1,soft_state_jump,20,2220,6,11,3,0.3,0.55,0.15,0.65,0.2,0.45,0.0
5804,3,soft_dt_jump,11,2940,3,7,1,0.2727272727272727,0.6363636363636364,0.09090909090909091,0.45454545454545453,0.45454545454545453,0.36363636363636365,0.0
5805,3,soft_state_jump,16,3150,3,9,4,0.1875,0.5625,0.25,0.3125,0.25,0.25,0.0
5806,1,soft_dt_jump,33,7340,11,19,3,0.3333333333333333,0.5757575757575758,0.09090909090909091,0.48484848484848486,0.2727272727272727,0.45454545454545453,0.0
5807,1,soft_state_jump,26,5560,6,15,5,0.23076923076923078,0.5769230769230769,0.19230769230769232,0.5,0.15384615384615385,0.34615384615384615,0.0
5808,6,soft_state_jump,19,3510,7,9,3,0.3684210526315789,0.47368421052631576,0.15789473684210525,0.631578947368421,0.05263157894736842,0.42105263157894735,0.0
5809,2,soft_dt_jump,13,2130,4,7,2,0.3076923076923077,0.5384615384615384,0.15384615384615385,0.38461538461538464,0.38461538461538464,0.3076923076923077,0.0
5810,3,soft_state_jump,10,2880,2,6,2,0.2,0.6,0.2,0.1,0.6,0.0,0.0
5811,6,soft_state_jump,8,2620,3,4,1,0.375,0.5,0.125,0.625,0.25,0.625,0.0
5812,1,soft_state_jump,28,5460,7,17,4,0.25,0.6071428571428571,0.14285714285714285,0.6071428571428571,0.14285714285714285,0.4642857142857143,0.0
5813,3,soft_state_jump,17,3310,2,13,2,0.11764705882352941,0.7647058823529411,0.11764705882352941,0.29411764705882354,0.4117647058823529,0.058823529411764705,0.0
5814,2,soft_dt_jump,21,4150,5,15,1,0.23809523809523808,0.7142857142857143,0.047619047619047616,0.38095238095238093,0.38095238095238093,0.23809523809523808,0.0
5815,3,soft_dt_jump,16,3300,2,8,6,0.125,0.5,0.375,0.125,0.3125,0.0625,0.0
5816,6,soft_dt_jump,11,1200,7,3,1,0.6363636363636364,0.2727272727272727,0.09090909090909091,0.7272727272727273,0.18181818181818182,0.5454545454545454,0.0
5817,6,soft_dt_jump,8,1620,3,5,0,0.375,0.625,0.0,0.75,0.25,0.5,0.0
5818,6,soft_state_jump,10,2030,2,7,1,0.2,0.7,0.1,0.6,0.3,0.6,0.0
5819,6,soft_side_flip_with_dt_jump,11,1440,5,6,0,0.45454545454545453,0.5454545454545454,0.0,1.0,0.0,0.7272727272727273,0.0
5820,6,soft_dt_jump,10,1530,2,7,1,0.2,0.7,0.1,0.7,0.1,0.4,0.0
5821,3,soft_dt_jump,22,6540,3,15,4,0.13636363636363635,0.6818181818181818,0.18181818181818182,0.45454545454545453,0.22727272727272727,0.3181818181818182,0.0
5822,3,soft_state_jump,14,5700,2,9,3,0.14285714285714285,0.6428571428571429,0.21428571428571427,0.2857142857142857,0.2857142857142857,0.21428571428571427,0.0
5823,1,soft_state_jump,40,7150,8,26,6,0.2,0.65,0.15,0.425,0.25,0.35,0.0
5824,6,soft_dt_jump,12,3460,6,4,2,0.5,0.3333333333333333,0.16666666666666666,0.6666666666666666,0.16666666666666666,0.5833333333333334,0.0
5825,3,soft_dt_jump,8,700,2,4,2,0.25,0.5,0.25,0.25,0.375,0.25,0.0
5826,6,soft_dt_jump,8,2650,2,4,2,0.25,0.5,0.25,0.75,0.0,0.625,0.0
5827,3,soft_state_jump,16,2030,5,8,3,0.3125,0.5,0.1875,0.4375,0.1875,0.375,0.0
5828,3,soft_dt_jump,31,7280,6,17,8,0.1935483870967742,0.5483870967741935,0.25806451612903225,0.3870967741935484,0.1935483870967742,0.25806451612903225,0.0
5829,6,soft_dt_jump,8,320,5,2,1,0.625,0.25,0.125,0.75,0.0,0.75,0.0
5830,6,soft_dt_jump,17,2700,4,12,1,0.23529411764705882,0.7058823529411765,0.058823529411764705,0.6470588235294118,0.11764705882352941,0.47058823529411764,0.0
5831,0,soft_side_flip_with_dt_jump,19,1320,13,5,1,0.6842105263157895,0.2631578947368421,0.05263157894736842,0.8421052631578947,0.0,0.8421052631578947,0.0
5832,0,soft_dt_jump,13,950,9,3,1,0.6923076923076923,0.23076923076923078,0.07692307692307693,0.9230769230769231,0.0,0.7692307692307693,0.0
5833,6,soft_dt_jump,8,1340,5,3,0,0.625,0.375,0.0,1.0,0.0,1.0,0.0
5834,3,soft_dt_jump,10,2030,0,2,8,0.0,0.2,0.4,0.2,0.0,0.1,0.0
5835,3,soft_dt_jump,17,4430,6,11,0,0.35294117647058826,0.6470588235294118,0.0,0.11764705882352941,0.8235294117647058,0.11764705882352941,0.0
5836,7,soft_dt_jump,8,1580,4,3,1,0.5,0.375,0.125,0.0,0.625,0.0,0.0
5837,3,soft_dt_jump,18,1920,8,8,2,0.4444444444444444,0.4444444444444444,0.1111111111111111,0.2777777777777778,0.3333333333333333,0.16666666666666666,0.0
5838,3,soft_dt_jump,18,4160,5,7,6,0.2777777777777778,0.3888888888888889,0.3333333333333333,0.16666666666666666,0.3333333333333333,0.16666666666666666,0.0
5839,1,soft_dt_jump,37,6490,5,22,10,0.13513513513513514,0.5945945945945946,0.2702702702702703,0.35135135135135137,0.13513513513513514,0.24324324324324326,0.08108108108108109
5840,6,soft_side_flip_with_dt_jump,15,1860,6,8,1,0.4,0.5333333333333333,0.06666666666666667,0.8,0.13333333333333333,0.6,0.0
5841,3,soft_dt_jump,11,4940,0,5,6,0.0,0.45454545454545453,0.4,0.36363636363636365,0.09090909090909091,0.09090909090909091,0.0
5842,6,soft_dt_jump,11,990,3,8,0,0.2727272727272727,0.7272727272727273,0.0,0.6363636363636364,0.2727272727272727,0.5454545454545454,0.0
5843,3,soft_dt_jump,15,2140,4,8,3,0.26666666666666666,0.5333333333333333,0.2,0.3333333333333333,0.26666666666666666,0.26666666666666666,0.0
5844,6,soft_dt_jump,11,1640,2,6,3,0.18181818181818182,0.5454545454545454,0.2727272727272727,0.7272727272727273,0.0,0.45454545454545453,0.0
5845,1,soft_side_flip_with_dt_jump,27,5580,8,16,3,0.2962962962962963,0.5925925925925926,0.1111111111111111,0.8148148148148148,0.07407407407407407,0.5185185185185185,0.0
5846,0,soft_dt_jump,10,290,7,3,0,0.7,0.3,0.0,0.8,0.2,0.8,0.0
5847,3,soft_dt_jump,35,9680,6,24,5,0.17142857142857143,0.6857142857142857,0.14285714285714285,0.11428571428571428,0.5428571428571428,0.11428571428571428,0.0
5848,3,max_duration_ms,15,4350,2,8,5,0.13333333333333333,0.5333333333333333,0.3333333333333333,0.6,0.0,0.3333333333333333,0.0
5849,3,soft_dt_jump,12,3070,2,7,3,0.16666666666666666,0.5833333333333334,0.25,0.5,0.16666666666666666,0.4166666666666667,0.0
5850,3,soft_state_jump,10,2620,1,5,4,0.1,0.5,0.4,0.5,0.1,0.2,0.0
5851,3,soft_state_jump,9,2650,1,5,3,0.1111111111111111,0.5555555555555556,0.3333333333333333,0.1111111111111111,0.4444444444444444,0.1111111111111111,0.0
5852,7,soft_state_jump,8,940,5,3,0,0.625,0.375,0.0,0.0,1.0,0.0,0.0
5853,3,soft_dt_jump,24,7430,6,13,5,0.25,0.5416666666666666,0.20833333333333334,0.20833333333333334,0.5,0.08333333333333333,0.0
5854,3,soft_state_jump,27,6280,2,20,5,0.07407407407407407,0.7407407407407407,0.18518518518518517,0.3333333333333333,0.3333333333333333,0.25925925925925924,0.0
5855,7,soft_dt_jump,11,330,7,3,1,0.6363636363636364,0.2727272727272727,0.09090909090909091,0.09090909090909091,0.7272727272727273,0.09090909090909091,0.0
5856,3,soft_dt_jump,33,6390,8,17,8,0.24242424242424243,0.5151515151515151,0.24242424242424243,0.36363636363636365,0.2727272727272727,0.2727272727272727,0.0
5857,2,soft_state_jump,11,1510,3,6,2,0.2727272727272727,0.5454545454545454,0.18181818181818182,0.18181818181818182,0.5454545454545454,0.18181818181818182,0.0
5858,3,soft_dt_jump,15,2740,3,10,2,0.2,0.6666666666666666,0.13333333333333333,0.6,0.2,0.4,0.0
5859,3,soft_state_jump,11,3050,0,9,2,0.0,0.8181818181818182,0.18181818181818182,0.36363636363636365,0.18181818181818182,0.0,0.0
5860,3,soft_side_flip_with_dt_jump,9,770,3,4,2,0.3333333333333333,0.4444444444444444,0.2222222222222222,0.3333333333333333,0.3333333333333333,0.2222222222222222,0.0
5861,2,soft_dt_jump,12,1320,2,8,2,0.16666666666666666,0.6666666666666666,0.16666666666666666,0.5833333333333334,0.16666666666666666,0.3333333333333333,0.0
5862,3,soft_dt_jump,20,4260,5,11,4,0.25,0.55,0.2,0.3,0.4,0.25,0.0
5863,3,soft_dt_jump,16,3170,6,9,1,0.375,0.5625,0.0625,0.375,0.5,0.25,0.0
5864,3,soft_dt_jump,18,2760,2,13,3,0.1111111111111111,0.7222222222222222,0.16666666666666666,0.3333333333333333,0.3888888888888889,0.1111111111111111,0.0
5865,3,soft_dt_jump,21,3590,5,12,4,0.23809523809523808,0.5714285714285714,0.19047619047619047,0.42857142857142855,0.23809523809523808,0.2857142857142857,0.0
5866,0,soft_dt_jump,26,1280,23,3,0,0.8846153846153846,0.11538461538461539,0.0,0.8076923076923077,0.19230769230769232,0.7692307692307693,0.0
5867,2,soft_dt_jump,13,1670,2,10,1,0.15384615384615385,0.7692307692307693,0.07692307692307693,0.38461538461538464,0.46153846153846156,0.3076923076923077,0.0
5868,1,soft_dt_jump,32,3710,14,14,4,0.4375,0.4375,0.125,0.71875,0.0625,0.53125,0.0
5869,2,soft_dt_jump,13,2030,4,7,2,0.3076923076923077,0.5384615384615384,0.15384615384615385,0.23076923076923078,0.46153846153846156,0.07692307692307693,0.0
5870,7,soft_dt_jump,10,0,9,1,0,0.9,0.1,0.0,0.0,0.9,0.0,0.0
5871,7,soft_dt_jump,8,750,4,3,1,0.5,0.375,0.125,0.125,0.75,0.125,0.0
5872,7,soft_dt_jump,9,90,6,3,0,0.6666666666666666,0.3333333333333333,0.0,0.1111111111111111,0.8888888888888888,0.0,0.0
5873,3,soft_dt_jump,10,2070,3,6,1,0.3,0.6,0.1,0.1,0.5,0.0,0.0
5874,2,soft_dt_jump,17,4000,7,8,2,0.4117647058823529,0.47058823529411764,0.11764705882352941,0.35294117647058826,0.47058823529411764,0.23529411764705882,0.0
5875,1,soft_dt_jump,21,3950,4,12,5,0.19047619047619047,0.5714285714285714,0.23809523809523808,0.6190476190476191,0.14285714285714285,0.42857142857142855,0.0
5876,3,soft_dt_jump,16,2980,3,5,8,0.1875,0.3125,0.4,0.4375,0.0,0.3125,0.0
5877,3,soft_dt_jump,10,1990,2,5,3,0.2,0.5,0.3,0.4,0.2,0.2,0.0
5878,1,soft_state_jump,21,4900,2,15,4,0.09523809523809523,0.7142857142857143,0.19047619047619047,0.5238095238095238,0.23809523809523808,0.19047619047619047,0.0
5879,1,soft_dt_jump,23,4440,6,10,7,0.2608695652173913,0.43478260869565216,0.30434782608695654,0.6086956521739131,0.08695652173913043,0.391304347826087,0.0
5880,3,soft_dt_jump,15,2090,3,7,5,0.2,0.4666666666666667,0.3333333333333333,0.4666666666666667,0.06666666666666667,0.3333333333333333,0.0
5881,3,soft_dt_jump,20,3300,2,7,11,0.1,0.35,0.4,0.1,0.2,0.0,0.0
5882,3,soft_dt_jump,15,3420,5,6,4,0.3333333333333333,0.4,0.26666666666666666,0.4666666666666667,0.13333333333333333,0.4,0.0
5883,3,soft_state_jump,9,890,4,2,3,0.4444444444444444,0.2222222222222222,0.3333333333333333,0.4444444444444444,0.2222222222222222,0.3333333333333333,0.0
5884,2,soft_dt_jump,8,850,3,5,0,0.375,0.625,0.0,0.375,0.375,0.25,0.0
5885,3,soft_side_flip_with_dt_jump,20,5780,4,13,3,0.2,0.65,0.15,0.6,0.15,0.5,0.0
5886,3,soft_dt_jump,8,1700,1,5,2,0.125,0.625,0.25,0.125,0.375,0.0,0.0
5887,1,soft_state_jump,31,5360,8,21,2,0.25806451612903225,0.6774193548387096,0.06451612903225806,0.3548387096774194,0.4838709677419355,0.16129032258064516,0.0
5888,3,soft_dt_jump,18,5760,4,10,4,0.2222222222222222,0.5555555555555556,0.2222222222222222,0.3888888888888889,0.3888888888888889,0.2777777777777778,0.0
5889,1,soft_state_jump,14,2350,0,10,4,0.0,0.7142857142857143,0.2857142857142857,0.6428571428571429,0.0,0.21428571428571427,0.0
5890,1,soft_dt_jump,21,4600,3,11,7,0.14285714285714285,0.5238095238095238,0.3333333333333333,0.42857142857142855,0.19047619047619047,0.19047619047619047,0.0
5891,2,soft_state_jump,13,1940,3,8,2,0.23076923076923078,0.6153846153846154,0.15384615384615385,0.23076923076923078,0.5384615384615384,0.07692307692307693,0.0
5892,6,soft_dt_jump,9,1170,3,6,0,0.3333333333333333,0.6666666666666666,0.0,0.7777777777777778,0.2222222222222222,0.7777777777777778,0.0
5893,1,soft_dt_jump,18,4440,3,10,5,0.16666666666666666,0.5555555555555556,0.2777777777777778,0.3888888888888889,0.3333333333333333,0.2777777777777778,0.0
5894,3,soft_state_jump,10,2760,1,5,4,0.1,0.5,0.4,0.2,0.3,0.1,0.0
5895,2,soft_state_jump,14,1390,2,11,1,0.14285714285714285,0.7857142857142857,0.07142857142857142,0.5714285714285714,0.35714285714285715,0.42857142857142855,0.0
5896,3,soft_dt_jump,11,1530,3,5,3,0.2727272727272727,0.45454545454545453,0.2727272727272727,0.2727272727272727,0.36363636363636365,0.18181818181818182,0.0
5897,1,soft_dt_jump,32,6790,6,23,3,0.1875,0.71875,0.09375,0.28125,0.46875,0.21875,0.0
5898,3,soft_dt_jump,10,2110,1,5,4,0.1,0.5,0.4,0.4,0.0,0.3,0.0
5899,6,soft_state_jump,8,1420,3,4,1,0.375,0.5,0.125,0.5,0.375,0.375,0.0
5900,3,soft_dt_jump,10,1110,2,3,5,0.2,0.3,0.4,0.1,0.4,0.1,0.0
5901,2,soft_state_jump,14,1840,4,6,4,0.2857142857142857,0.42857142857142855,0.2857142857142857,0.07142857142857142,0.5,0.0,0.0
5902,3,soft_dt_jump,13,3230,4,7,2,0.3076923076923077,0.5384615384615384,0.15384615384615385,0.38461538461538464,0.38461538461538464,0.3076923076923077,0.0
5903,2,soft_state_jump,17,2520,5,10,2,0.29411764705882354,0.5882352941176471,0.11764705882352941,0.29411764705882354,0.4117647058823529,0.23529411764705882,0.0
5904,1,soft_state_jump,47,8090,9,32,6,0.19148936170212766,0.6808510638297872,0.1276595744680851,0.3191489361702128,0.40425531914893614,0.23404255319148937,0.0
5905,0,soft_dt_jump,16,540,12,4,0,0.75,0.25,0.0,0.75,0.1875,0.75,0.0
5906,6,soft_dt_jump,31,4370,17,11,3,0.5483870967741935,0.3548387096774194,0.0967741935483871,0.6451612903225806,0.22580645161290322,0.5161290322580645,0.0
5907,6,soft_dt_jump,8,490,3,4,1,0.375,0.5,0.125,0.625,0.125,0.5,0.0
5908,1,soft_dt_jump,43,7530,6,26,11,0.13953488372093023,0.6046511627906976,0.2558139534883721,0.4883720930232558,0.16279069767441862,0.37209302325581395,0.0
5909,3,soft_state_jump,13,2040,3,8,2,0.23076923076923078,0.6153846153846154,0.15384615384615385,0.5384615384615384,0.23076923076923078,0.38461538461538464,0.0
5910,2,soft_dt_jump,10,2240,1,8,1,0.1,0.8,0.1,0.8,0.1,0.5,0.0
5911,2,soft_side_flip_with_dt_jump,13,1670,3,8,2,0.23076923076923078,0.6153846153846154,0.15384615384615385,0.23076923076923078,0.6153846153846154,0.23076923076923078,0.0
5912,1,soft_state_jump,30,5760,6,18,6,0.2,0.6,0.2,0.36666666666666664,0.43333333333333335,0.36666666666666664,0.0
5913,2,soft_state_jump,15,2880,2,11,2,0.13333333333333333,0.7333333333333333,0.13333333333333333,0.5333333333333333,0.2,0.3333333333333333,0.0
5914,1,soft_state_jump,29,6280,7,13,9,0.2413793103448276,0.4482758620689655,0.3103448275862069,0.5172413793103449,0.1724137931034483,0.3448275862068966,0.0
5915,3,soft_dt_jump,13,1820,4,6,3,0.3076923076923077,0.46153846153846156,0.23076923076923078,0.23076923076923078,0.46153846153846156,0.07692307692307693,0.0
5916,1,soft_dt_jump,37,7870,10,21,6,0.2702702702702703,0.5675675675675675,0.16216216216216217,0.08108108108108109,0.7027027027027027,0.02702702702702703,0.0
5917,3,soft_dt_jump,14,2180,3,8,3,0.21428571428571427,0.5714285714285714,0.21428571428571427,0.35714285714285715,0.35714285714285715,0.2857142857142857,0.0
5918,2,soft_state_jump,8,550,2,4,2,0.25,0.5,0.25,0.125,0.625,0.0,0.0
5919,2,soft_side_flip_with_dt_jump,8,1540,4,3,1,0.5,0.375,0.125,0.0,0.625,0.0,0.0
5920,3,soft_state_jump,27,3640,9,11,7,0.3333333333333333,0.4074074074074074,0.25925925925925924,0.18518518518518517,0.4444444444444444,0.14814814814814814,0.0
5921,3,soft_dt_jump,25,4390,7,11,7,0.28,0.44,0.28,0.12,0.4,0.08,0.0
5922,2,soft_dt_jump,12,1160,6,5,1,0.5,0.4166666666666667,0.08333333333333333,0.25,0.6666666666666666,0.25,0.0
5923,7,soft_dt_jump,13,1560,6,4,3,0.46153846153846156,0.3076923076923077,0.23076923076923078,0.07692307692307693,0.6153846153846154,0.07692307692307693,0.0
5924,0,soft_dt_jump,18,840,11,4,3,0.6111111111111112,0.2222222222222222,0.16666666666666666,0.8333333333333334,0.0,0.7777777777777778,0.0
5925,7,soft_dt_jump,13,1360,7,3,3,0.5384615384615384,0.23076923076923078,0.23076923076923078,0.07692307692307693,0.6153846153846154,0.0,0.0
5926,2,soft_dt_jump,9,700,4,5,0,0.4444444444444444,0.5555555555555556,0.0,0.4444444444444444,0.5555555555555556,0.3333333333333333,0.0
5927,3,soft_dt_jump,10,1350,2,6,2,0.2,0.6,0.2,0.4,0.3,0.3,0.0
5928,2,soft_dt_jump,12,180,6,6,0,0.5,0.5,0.0,0.3333333333333333,0.4166666666666667,0.25,0.0
5929,7,soft_dt_jump,17,1340,10,6,1,0.5882352941176471,0.35294117647058826,0.058823529411764705,0.11764705882352941,0.7647058823529411,0.0,0.0
5930,7,soft_dt_jump,34,400,31,3,0,0.9117647058823529,0.08823529411764706,0.0,0.0,0.9705882352941176,0.0,0.0
5931,2,soft_dt_jump,13,2380,2,10,1,0.15384615384615385,0.7692307692307693,0.07692307692307693,0.38461538461538464,0.46153846153846156,0.07692307692307693,0.0
5932,7,soft_dt_jump,29,1700,23,3,3,0.7931034482758621,0.10344827586206896,0.10344827586206896,0.13793103448275862,0.7586206896551724,0.13793103448275862,0.0
5933,6,soft_dt_jump,11,390,5,5,1,0.45454545454545453,0.45454545454545453,0.09090909090909091,0.7272727272727273,0.18181818181818182,0.6363636363636364,0.0
5934,2,soft_dt_jump,14,1970,2,8,4,0.14285714285714285,0.5714285714285714,0.2857142857142857,0.35714285714285715,0.35714285714285715,0.2857142857142857,0.0
5935,7,soft_dt_jump,57,590,53,3,1,0.9298245614035088,0.05263157894736842,0.017543859649122806,0.0,0.9824561403508771,0.0,0.0
5936,7,soft_dt_jump,9,0,8,1,0,0.8888888888888888,0.1111111111111111,0.0,0.0,1.0,0.0,0.0
5937,2,soft_dt_jump,18,2060,6,12,0,0.3333333333333333,0.6666666666666666,0.0,0.05555555555555555,0.6666666666666666,0.05555555555555555,0.0
5938,7,soft_dt_jump,33,2710,21,8,4,0.6363636363636364,0.24242424242424243,0.12121212121212122,0.48484848484848486,0.36363636363636365,0.45454545454545453,0.0
5939,5,soft_dt_jump,17,2590,6,9,2,0.35294117647058826,0.5294117647058824,0.11764705882352941,0.058823529411764705,0.23529411764705882,0.058823529411764705,0.35294117647058826
5940,6,soft_state_jump,9,1360,4,5,0,0.4444444444444444,0.5555555555555556,0.0,1.0,0.0,0.6666666666666666,0.0
5941,6,soft_dt_jump,19,2930,7,11,1,0.3684210526315789,0.5789473684210527,0.05263157894736842,0.631578947368421,0.2631578947368421,0.3684210526315789,0.0
5942,1,soft_dt_jump,38,4940,8,22,8,0.21052631578947367,0.5789473684210527,0.21052631578947367,0.5789473684210527,0.18421052631578946,0.42105263157894735,0.0
5943,6,soft_dt_jump,16,700,5,7,4,0.3125,0.4375,0.25,0.6875,0.0625,0.5625,0.0
5944,2,soft_dt_jump,12,1810,2,8,2,0.16666666666666666,0.6666666666666666,0.16666666666666666,0.5833333333333334,0.25,0.4166666666666667,0.0
5945,2,soft_side_flip_with_dt_jump,11,900,4,5,2,0.36363636363636365,0.45454545454545453,0.18181818181818182,0.36363636363636365,0.45454545454545453,0.2727272727272727,0.0
5946,2,soft_dt_jump,20,2140,5,13,2,0.25,0.65,0.1,0.25,0.5,0.15,0.0
5947,0,soft_state_jump,27,1510,19,7,1,0.7037037037037037,0.25925925925925924,0.037037037037037035,0.7777777777777778,0.14814814814814814,0.6666666666666666,0.0
5948,1,soft_dt_jump,53,9730,11,28,14,0.20754716981132076,0.5283018867924528,0.2641509433962264,0.1509433962264151,0.4716981132075472,0.09433962264150944,0.0
5949,3,max_duration_ms,15,1890,7,5,3,0.4666666666666667,0.3333333333333333,0.2,0.06666666666666667,0.6,0.0,0.0
5950,2,soft_dt_jump,14,1390,2,10,2,0.14285714285714285,0.7142857142857143,0.14285714285714285,0.35714285714285715,0.42857142857142855,0.21428571428571427,0.0
5951,2,soft_dt_jump,17,1180,6,11,0,0.35294117647058826,0.6470588235294118,0.0,0.47058823529411764,0.5294117647058824,0.29411764705882354,0.0
5952,2,soft_dt_jump,11,3400,0,8,3,0.0,0.7272727272727273,0.2727272727272727,0.5454545454545454,0.09090909090909091,0.45454545454545453,0.0
5953,3,soft_side_flip_with_dt_jump,17,1180,6,8,3,0.35294117647058826,0.47058823529411764,0.17647058823529413,0.47058823529411764,0.29411764705882354,0.4117647058823529,0.0
5954,7,soft_dt_jump,19,210,16,2,1,0.8421052631578947,0.10526315789473684,0.05263157894736842,0.0,0.8421052631578947,0.0,0.0
5955,1,soft_dt_jump,24,2020,9,12,3,0.375,0.5,0.125,0.3333333333333333,0.5,0.16666666666666666,0.0
5956,1,soft_dt_jump,44,6360,14,19,11,0.3181818181818182,0.4318181818181818,0.25,0.18181818181818182,0.5227272727272727,0.11363636363636363,0.0
5957,7,soft_dt_jump,8,190,5,2,1,0.625,0.25,0.125,0.125,0.625,0.125,0.0
5958,2,soft_side_flip_with_dt_jump,11,560,5,5,1,0.45454545454545453,0.45454545454545453,0.09090909090909091,0.2727272727272727,0.5454545454545454,0.18181818181818182,0.0
5959,7,soft_dt_jump,14,1060,8,5,1,0.5714285714285714,0.35714285714285715,0.07142857142857142,0.07142857142857142,0.8571428571428571,0.0,0.0
5960,7,soft_dt_jump,15,0,14,1,0,0.9333333333333333,0.06666666666666667,0.0,0.0,0.9333333333333333,0.0,0.0
5961,7,soft_dt_jump,9,140,7,2,0,0.7777777777777778,0.2222222222222222,0.0,0.0,0.7777777777777778,0.0,0.0
5962,2,soft_dt_jump,14,1650,5,7,2,0.35714285714285715,0.5,0.14285714285714285,0.14285714285714285,0.6428571428571429,0.0,0.0
5963,7,soft_dt_jump,8,110,5,3,0,0.625,0.375,0.0,0.0,1.0,0.0,0.0
5964,3,soft_dt_jump,17,2130,7,5,5,0.4117647058823529,0.29411764705882354,0.29411764705882354,0.058823529411764705,0.5882352941176471,0.058823529411764705,0.0
5965,7,soft_dt_jump,13,1560,9,3,1,0.6923076923076923,0.23076923076923078,0.07692307692307693,0.3076923076923077,0.6153846153846154,0.23076923076923078,0.0
5966,3,soft_dt_jump,23,2310,7,10,6,0.30434782608695654,0.43478260869565216,0.2608695652173913,0.21739130434782608,0.43478260869565216,0.13043478260869565,0.0
5967,6,soft_dt_jump,10,570,4,5,1,0.4,0.5,0.1,0.8,0.0,0.7,0.0
5968,1,soft_dt_jump,20,2090,6,10,4,0.3,0.5,0.2,0.4,0.4,0.4,0.0
5969,7,soft_dt_jump,64,3520,51,9,4,0.796875,0.140625,0.0625,0.0625,0.828125,0.03125,0.0
5970,7,max_events_per_episode,8,180,6,1,1,0.75,0.125,0.125,0.0,0.875,0.0,0.0
5971,7,soft_dt_jump,14,730,9,4,1,0.6428571428571429,0.2857142857142857,0.07142857142857142,0.14285714285714285,0.7857142857142857,0.07142857142857142,0.0
5972,2,soft_dt_jump,8,430,2,5,1,0.25,0.625,0.125,0.375,0.5,0.25,0.0
5973,1,soft_dt_jump,38,3750,2,30,6,0.05263157894736842,0.7894736842105263,0.15789473684210525,0.5526315789473685,0.10526315789473684,0.2631578947368421,0.0
5974,3,soft_dt_jump,18,1790,9,6,3,0.5,0.3333333333333333,0.16666666666666666,0.2777777777777778,0.5,0.16666666666666666,0.0
5975,1,soft_dt_jump,34,5350,8,20,6,0.23529411764705882,0.5882352941176471,0.17647058823529413,0.38235294117647056,0.3235294117647059,0.11764705882352941,0.0
5976,1,soft_dt_jump,35,4800,8,17,10,0.22857142857142856,0.4857142857142857,0.2857142857142857,0.17142857142857143,0.4857142857142857,0.08571428571428572,0.0
5977,1,soft_dt_jump,58,6800,10,21,27,0.1724137931034483,0.3620689655172414,0.4,0.20689655172413793,0.3103448275862069,0.1206896551724138,0.0
5978,7,soft_dt_jump,64,1050,55,9,0,0.859375,0.140625,0.0,0.03125,0.953125,0.03125,0.0
5979,7,max_events_per_episode,62,0,62,0,0,1.0,0.0,0.0,0.0,1.0,0.0,0.0
5980,2,soft_dt_jump,18,2240,8,10,0,0.4444444444444444,0.5555555555555556,0.0,0.3333333333333333,0.5555555555555556,0.3333333333333333,0.0
5981,3,soft_dt_jump,22,1780,7,11,4,0.3181818181818182,0.5,0.18181818181818182,0.18181818181818182,0.5454545454545454,0.09090909090909091,0.0
5982,7,soft_dt_jump,13,100,11,2,0,0.8461538461538461,0.15384615384615385,0.0,0.07692307692307693,0.9230769230769231,0.0,0.0
5983,3,soft_dt_jump,19,2760,9,7,3,0.47368421052631576,0.3684210526315789,0.15789473684210525,0.15789473684210525,0.5789473684210527,0.05263157894736842,0.0
5984,1,soft_dt_jump,31,2180,12,14,5,0.3870967741935484,0.45161290322580644,0.16129032258064516,0.0967741935483871,0.6774193548387096,0.06451612903225806,0.0
5985,7,soft_dt_jump,9,160,6,3,0,0.6666666666666666,0.3333333333333333,0.0,0.1111111111111111,0.8888888888888888,0.1111111111111111,0.0
5986,1,soft_dt_jump,25,2400,6,14,5,0.24,0.56,0.2,0.16,0.48,0.12,0.0
5987,7,soft_dt_jump,12,80,9,2,1,0.75,0.16666666666666666,0.08333333333333333,0.0,0.9166666666666666,0.0,0.0
5988,7,soft_dt_jump,9,480,6,2,1,0.6666666666666666,0.2222222222222222,0.1111111111111111,0.0,0.8888888888888888,0.0,0.0
5989,3,soft_dt_jump,17,2710,3,10,4,0.17647058823529413,0.5882352941176471,0.23529411764705882,0.17647058823529413,0.35294117647058826,0.11764705882352941,0.0
5990,3,soft_dt_jump,12,1240,3,5,4,0.25,0.4166666666666667,0.3333333333333333,0.08333333333333333,0.5833333333333334,0.0,0.0
5991,7,soft_dt_jump,64,1790,57,7,0,0.890625,0.109375,0.0,0.078125,0.921875,0.046875,0.0
5992,7,max_events_per_episode,8,90,7,1,0,0.875,0.125,0.0,0.0,1.0,0.0,0.0
5993,7,soft_side_flip_with_dt_jump,18,1130,11,6,1,0.6111111111111112,0.3333333333333333,0.05555555555555555,0.05555555555555555,0.8333333333333334,0.05555555555555555,0.0
5994,7,soft_dt_jump,16,1730,9,4,3,0.5625,0.25,0.1875,0.125,0.6875,0.0625,0.0
5995,3,soft_dt_jump,20,1720,5,9,6,0.25,0.45,0.3,0.1,0.25,0.05,0.0
5996,1,soft_dt_jump,16,2240,1,13,2,0.0625,0.8125,0.125,0.8125,0.0625,0.5625,0.0
5997,6,soft_state_jump,8,370,4,3,1,0.5,0.375,0.125,0.875,0.0,0.75,0.0
5998,1,soft_dt_jump,38,5310,8,20,10,0.21052631578947367,0.5263157894736842,0.2631578947368421,0.5526315789473685,0.13157894736842105,0.4473684210526316,0.0
5999,6,soft_state_jump,10,1100,1,6,3,0.1,0.6,0.3,0.7,0.0,0.7,0.0
6000,1,soft_dt_jump,23,3930,4,14,5,0.17391304347826086,0.6086956521739131,0.21739130434782608,0.4782608695652174,0.17391304347826086,0.2608695652173913,0.0
6001,6,soft_state_jump,10,1090,4,4,2,0.4,0.4,0.2,0.6,0.2,0.5,0.0
6002,3,soft_dt_jump,14,1800,3,10,1,0.21428571428571427,0.7142857142857143,0.07142857142857142,0.2857142857142857,0.5,0.21428571428571427,0.0
6003,1,soft_dt_jump,41,4860,10,22,9,0.24390243902439024,0.5365853658536586,0.21951219512195122,0.21951219512195122,0.4634146341463415,0.14634146341463414,0.0
6004,2,soft_dt_jump,16,500,7,7,2,0.4375,0.4375,0.125,0.25,0.625,0.125,0.0
6005,1,soft_dt_jump,32,3030,8,15,9,0.25,0.46875,0.28125,0.3125,0.25,0.21875,0.0
6006,1,soft_dt_jump,22,2490,8,10,4,0.36363636363636365,0.45454545454545453,0.18181818181818182,0.2727272727272727,0.5454545454545454,0.2727272727272727,0.0
6007,6,soft_dt_jump,10,420,5,5,0,0.5,0.5,0.0,0.8,0.2,0.8,0.0
6008,1,soft_dt_jump,27,2800,9,16,2,0.3333333333333333,0.5925925925925926,0.07407407407407407,0.5925925925925926,0.2962962962962963,0.48148148148148145,0.0
6009,7,soft_dt_jump,11,840,6,4,1,0.5454545454545454,0.36363636363636365,0.09090909090909091,0.0,0.8181818181818182,0.0,0.0
6010,7,soft_dt_jump,9,310,5,2,2,0.5555555555555556,0.2222222222222222,0.2222222222222222,0.3333333333333333,0.4444444444444444,0.3333333333333333,0.0
6011,3,soft_dt_jump,14,520,5,6,3,0.35714285714285715,0.42857142857142855,0.21428571428571427,0.0,0.7857142857142857,0.0,0.0
6012,2,soft_dt_jump,9,570,2,7,0,0.2222222222222222,0.7777777777777778,0.0,0.2222222222222222,0.5555555555555556,0.2222222222222222,0.0
6013,6,soft_dt_jump,10,850,2,6,2,0.2,0.6,0.2,0.5,0.1,0.4,0.0
6014,0,soft_state_jump,41,1010,35,3,3,0.8536585365853658,0.07317073170731707,0.07317073170731707,0.926829268292683,0.0,0.926829268292683,0.0
6015,6,soft_dt_jump,14,390,6,7,1,0.42857142857142855,0.5,0.07142857142857142,0.5714285714285714,0.35714285714285715,0.42857142857142855,0.0
6016,3,soft_dt_jump,36,5170,7,15,14,0.19444444444444445,0.4166666666666667,0.3888888888888889,0.1111111111111111,0.3333333333333333,0.08333333333333333,0.0
6017,3,soft_dt_jump,24,2620,4,12,8,0.16666666666666666,0.5,0.3333333333333333,0.125,0.2916666666666667,0.041666666666666664,0.0
6018,1,soft_side_flip_with_dt_jump,55,7470,13,27,15,0.23636363636363636,0.4909090909090909,0.2727272727272727,0.12727272727272726,0.4727272727272727,0.05454545454545454,0.0
6019,3,soft_dt_jump,11,1230,2,7,2,0.18181818181818182,0.6363636363636364,0.18181818181818182,0.09090909090909091,0.5454545454545454,0.09090909090909091,0.0
6020,2,soft_dt_jump,8,1630,3,4,1,0.375,0.5,0.125,0.0,0.625,0.0,0.0
6021,2,soft_dt_jump,16,1030,6,9,1,0.375,0.5625,0.0625,0.1875,0.6875,0.125,0.0
6022,3,soft_dt_jump,8,220,3,4,1,0.375,0.5,0.125,0.5,0.375,0.375,0.0
6023,7,soft_dt_jump,8,130,6,1,1,0.75,0.125,0.125,0.0,0.875,0.0,0.0
6024,2,soft_dt_jump,8,200,3,4,1,0.375,0.5,0.125,0.125,0.625,0.0,0.0
6025,7,soft_dt_jump,11,20,8,3,0,0.7272727272727273,0.2727272727272727,0.0,0.09090909090909091,0.8181818181818182,0.0,0.0
6026,1,soft_dt_jump,44,4530,12,25,7,0.2727272727272727,0.5681818181818182,0.1590909090909091,0.2727272727272727,0.5,0.11363636363636363,0.0
6027,7,soft_dt_jump,8,280,4,3,1,0.5,0.375,0.125,0.0,0.625,0.0,0.0
6028,7,soft_dt_jump,9,380,4,4,1,0.4444444444444444,0.4444444444444444,0.1111111111111111,0.1111111111111111,0.7777777777777778,0.1111111111111111,0.0
6029,3,soft_dt_jump,51,9980,7,29,15,0.13725490196078433,0.5686274509803921,0.29411764705882354,0.17647058823529413,0.35294117647058826,0.058823529411764705,0.0
6030,2,max_duration_ms,10,620,3,6,1,0.3,0.6,0.1,0.2,0.5,0.1,0.0
6031,2,soft_side_flip_with_dt_jump,19,2290,5,13,1,0.2631578947368421,0.6842105263157895,0.05263157894736842,0.21052631578947367,0.6842105263157895,0.05263157894736842,0.0
6032,3,soft_dt_jump,15,3110,3,10,2,0.2,0.6666666666666666,0.13333333333333333,0.06666666666666667,0.4666666666666667,0.0,0.0
6033,3,soft_dt_jump,18,3040,3,15,0,0.16666666666666666,0.8333333333333334,0.0,0.16666666666666666,0.7222222222222222,0.1111111111111111,0.0
6034,7,soft_dt_jump,14,810,9,3,2,0.6428571428571429,0.21428571428571427,0.14285714285714285,0.0,0.8571428571428571,0.0,0.0
6035,2,soft_dt_jump,9,1680,3,5,1,0.3333333333333333,0.5555555555555556,0.1111111111111111,0.2222222222222222,0.6666666666666666,0.1111111111111111,0.0
6036,3,soft_dt_jump,9,600,2,5,2,0.2222222222222222,0.5555555555555556,0.2222222222222222,0.1111111111111111,0.5555555555555556,0.0,0.0
6037,3,soft_dt_jump,32,3100,10,17,5,0.3125,0.53125,0.15625,0.125,0.59375,0.0625,0.0
6038,3,soft_dt_jump,40,7370,8,22,10,0.2,0.55,0.25,0.1,0.575,0.075,0.0
6039,1,soft_dt_jump,41,5490,8,25,8,0.1951219512195122,0.6097560975609756,0.1951219512195122,0.1951219512195122,0.4634146341463415,0.0975609756097561,0.0
6040,3,soft_dt_jump,10,1330,1,6,3,0.1,0.6,0.3,0.1,0.3,0.0,0.0
6041,3,soft_dt_jump,37,5400,5,26,6,0.13513513513513514,0.7027027027027027,0.16216216216216217,0.2702702702702703,0.4864864864864865,0.16216216216216217,0.0
6042,3,soft_dt_jump,19,1530,6,11,2,0.3157894736842105,0.5789473684210527,0.10526315789473684,0.47368421052631576,0.2631578947368421,0.3684210526315789,0.0
6043,3,soft_state_jump,14,2700,2,10,2,0.14285714285714285,0.7142857142857143,0.14285714285714285,0.21428571428571427,0.42857142857142855,0.07142857142857142,0.0
6044,7,soft_state_jump,33,4160,18,11,4,0.5454545454545454,0.3333333333333333,0.12121212121212122,0.12121212121212122,0.696969696969697,0.030303030303030304,0.0
6045,3,soft_dt_jump,11,1290,1,6,4,0.09090909090909091,0.5454545454545454,0.36363636363636365,0.2727272727272727,0.2727272727272727,0.18181818181818182,0.0
6046,3,soft_state_jump,11,1220,1,8,2,0.09090909090909091,0.7272727272727273,0.18181818181818182,0.36363636363636365,0.2727272727272727,0.2727272727272727,0.0
6047,7,soft_dt_jump,10,630,7,1,2,0.7,0.1,0.2,0.0,0.7,0.0,0.0
6048,3,soft_dt_jump,16,1200,6,7,3,0.375,0.4375,0.1875,0.375,0.375,0.375,0.0
6049,3,soft_dt_jump,18,3340,2,14,2,0.1111111111111111,0.7777777777777778,0.1111111111111111,0.4444444444444444,0.2222222222222222,0.2777777777777778,0.0
6050,6,soft_dt_jump,16,1060,6,9,1,0.375,0.5625,0.0625,0.4375,0.375,0.3125,0.0
6051,6,soft_dt_jump,14,1030,8,5,1,0.5714285714285714,0.35714285714285715,0.07142857142857142,0.7142857142857143,0.14285714285714285,0.5714285714285714,0.0
6052,6,soft_dt_jump,19,1530,10,7,2,0.5263157894736842,0.3684210526315789,0.10526315789473684,0.6842105263157895,0.15789473684210525,0.631578947368421,0.0
6053,7,soft_dt_jump,20,1180,17,2,1,0.85,0.1,0.05,0.1,0.8,0.1,0.0
6054,3,soft_dt_jump,11,2050,2,5,4,0.18181818181818182,0.45454545454545453,0.36363636363636365,0.2727272727272727,0.36363636363636365,0.2727272727272727,0.0
6055,3,soft_state_jump,12,2650,2,7,3,0.16666666666666666,0.5833333333333334,0.25,0.3333333333333333,0.3333333333333333,0.08333333333333333,0.0
6056,3,soft_state_jump,16,2450,3,10,3,0.1875,0.625,0.1875,0.375,0.1875,0.3125,0.0
6057,3,soft_state_jump,17,2150,6,8,3,0.35294117647058826,0.47058823529411764,0.17647058823529413,0.35294117647058826,0.4117647058823529,0.29411764705882354,0.0
6058,0,soft_dt_jump,9,380,7,1,1,0.7777777777777778,0.1111111111111111,0.1111111111111111,0.8888888888888888,0.0,0.8888888888888888,0.0
6059,1,soft_dt_jump,38,4920,18,17,3,0.47368421052631576,0.4473684210526316,0.07894736842105263,0.18421052631578946,0.6052631578947368,0.07894736842105263,0.0
6060,3,soft_dt_jump,12,2650,4,7,1,0.3333333333333333,0.5833333333333334,0.08333333333333333,0.0,0.5833333333333334,0.0,0.0
6061,1,soft_dt_jump,29,5560,8,16,5,0.27586206896551724,0.5517241379310345,0.1724137931034483,0.3793103448275862,0.3793103448275862,0.20689655172413793,0.0
6062,0,soft_state_jump,11,400,7,3,1,0.6363636363636364,0.2727272727272727,0.09090909090909091,0.7272727272727273,0.18181818181818182,0.6363636363636364,0.0
6063,7,soft_dt_jump,14,110,12,2,0,0.8571428571428571,0.14285714285714285,0.0,0.07142857142857142,0.9285714285714286,0.07142857142857142,0.0
6064,2,soft_dt_jump,19,3090,8,10,1,0.42105263157894735,0.5263157894736842,0.05263157894736842,0.3157894736842105,0.5789473684210527,0.15789473684210525,0.0
6065,3,soft_dt_jump,10,1800,1,8,1,0.1,0.8,0.1,0.2,0.6,0.0,0.0
6066,3,soft_state_jump,32,6930,6,22,4,0.1875,0.6875,0.125,0.28125,0.53125,0.1875,0.0
6067,7,soft_dt_jump,17,740,12,5,0,0.7058823529411765,0.29411764705882354,0.0,0.17647058823529413,0.8235294117647058,0.11764705882352941,0.0
6068,7,soft_dt_jump,18,500,12,6,0,0.6666666666666666,0.3333333333333333,0.0,0.2777777777777778,0.6666666666666666,0.2777777777777778,0.0
6069,3,soft_dt_jump,10,1880,1,7,2,0.1,0.7,0.2,0.3,0.3,0.1,0.0
6070,1,soft_state_jump,41,4930,14,21,6,0.34146341463414637,0.5121951219512195,0.14634146341463414,0.14634146341463414,0.5609756097560976,0.0975609756097561,0.0
6071,6,soft_dt_jump,9,2110,3,5,1,0.3333333333333333,0.5555555555555556,0.1111111111111111,0.7777777777777778,0.0,0.6666666666666666,0.0
6072,3,soft_dt_jump,18,3750,5,9,4,0.2777777777777778,0.5,0.2222222222222222,0.2777777777777778,0.4444444444444444,0.2222222222222222,0.0
6073,3,soft_state_jump,23,1950,8,12,3,0.34782608695652173,0.5217391304347826,0.13043478260869565,0.13043478260869565,0.5652173913043478,0.043478260869565216,0.0
6074,6,soft_dt_jump,8,440,5,3,0,0.625,0.375,0.0,0.5,0.5,0.5,0.0
6075,2,soft_dt_jump,9,1150,3,5,1,0.3333333333333333,0.5555555555555556,0.1111111111111111,0.1111111111111111,0.6666666666666666,0.0,0.0
6076,3,soft_dt_jump,22,3770,7,14,1,0.3181818181818182,0.6363636363636364,0.045454545454545456,0.13636363636363635,0.6818181818181818,0.045454545454545456,0.0
6077,7,soft_state_jump,42,640,39,3,0,0.9285714285714286,0.07142857142857142,0.0,0.047619047619047616,0.9285714285714286,0.023809523809523808,0.0
6078,1,soft_dt_jump,35,4290,12,18,5,0.34285714285714286,0.5142857142857142,0.14285714285714285,0.3142857142857143,0.45714285714285713,0.14285714285714285,0.0
6079,3,soft_dt_jump,27,5290,8,17,2,0.2962962962962963,0.6296296296296297,0.07407407407407407,0.48148148148148145,0.4444444444444444,0.2962962962962963,0.0
6080,7,soft_dt_jump,33,1960,25,6,2,0.7575757575757576,0.18181818181818182,0.06060606060606061,0.2727272727272727,0.6666666666666666,0.24242424242424243,0.0
6081,3,soft_dt_jump,11,1420,2,4,5,0.18181818181818182,0.36363636363636365,0.4,0.09090909090909091,0.45454545454545453,0.09090909090909091,0.0
6082,7,soft_state_jump,9,500,6,3,0,0.6666666666666666,0.3333333333333333,0.0,0.2222222222222222,0.7777777777777778,0.1111111111111111,0.0
6083,1,soft_dt_jump,23,4330,2,15,6,0.08695652173913043,0.6521739130434783,0.2608695652173913,0.4782608695652174,0.13043478260869565,0.2608695652173913,0.0
6084,3,soft_state_jump,11,1330,5,5,1,0.45454545454545453,0.45454545454545453,0.09090909090909091,0.36363636363636365,0.45454545454545453,0.18181818181818182,0.0
6085,6,soft_dt_jump,9,320,5,3,1,0.5555555555555556,0.3333333333333333,0.1111111111111111,0.5555555555555556,0.3333333333333333,0.5555555555555556,0.0
6086,7,soft_dt_jump,17,1640,11,5,1,0.6470588235294118,0.29411764705882354,0.058823529411764705,0.23529411764705882,0.6470588235294118,0.23529411764705882,0.0
6087,2,soft_dt_jump,9,1720,0,6,3,0.0,0.6666666666666666,0.3333333333333333,0.5555555555555556,0.1111111111111111,0.3333333333333333,0.0
6088,3,soft_state_jump,16,1930,2,8,6,0.125,0.5,0.375,0.4375,0.0625,0.3125,0.0
6089,6,soft_dt_jump,18,2430,10,8,0,0.5555555555555556,0.4444444444444444,0.0,1.0,0.0,0.7777777777777778,0.0
6090,1,soft_dt_jump,37,6530,11,17,9,0.2972972972972973,0.4594594594594595,0.24324324324324326,0.6216216216216216,0.13513513513513514,0.5405405405405406,0.0
6091,6,soft_dt_jump,11,1860,3,6,2,0.2727272727272727,0.5454545454545454,0.18181818181818182,0.7272727272727273,0.0,0.5454545454545454,0.0
6092,2,soft_dt_jump,10,800,2,6,2,0.2,0.6,0.2,0.3,0.4,0.2,0.0
6093,0,soft_dt_jump,16,570,12,4,0,0.75,0.25,0.0,1.0,0.0,0.9375,0.0
6094,6,soft_dt_jump,16,2310,4,10,2,0.25,0.625,0.125,0.6875,0.0625,0.5625,0.0
6095,1,soft_state_jump,41,5490,11,19,11,0.2682926829268293,0.4634146341463415,0.2682926829268293,0.3902439024390244,0.2682926829268293,0.2926829268292683,0.0
6096,3,soft_dt_jump,12,1130,3,8,1,0.25,0.6666666666666666,0.08333333333333333,0.3333333333333333,0.4166666666666667,0.3333333333333333,0.0
6097,7,soft_dt_jump,10,420,6,4,0,0.6,0.4,0.0,0.3,0.6,0.2,0.0
6098,7,soft_dt_jump,22,1630,14,7,1,0.6363636363636364,0.3181818181818182,0.045454545454545456,0.36363636363636365,0.5909090909090909,0.3181818181818182,0.0
6099,3,soft_dt_jump,12,3290,2,9,1,0.16666666666666666,0.75,0.08333333333333333,0.3333333333333333,0.16666666666666666,0.25,0.0
6100,3,soft_dt_jump,18,2460,3,10,5,0.16666666666666666,0.5555555555555556,0.2777777777777778,0.2777777777777778,0.3333333333333333,0.2222222222222222,0.0
6101,2,soft_dt_jump,10,1430,4,6,0,0.4,0.6,0.0,0.5,0.5,0.1,0.0
6102,7,soft_dt_jump,18,1290,10,7,1,0.5555555555555556,0.3888888888888889,0.05555555555555555,0.16666666666666666,0.6666666666666666,0.16666666666666666,0.0
6103,7,soft_dt_jump,26,2340,14,11,1,0.5384615384615384,0.4230769230769231,0.038461538461538464,0.2692307692307692,0.5384615384615384,0.19230769230769232,0.0
6104,7,soft_dt_jump,33,1250,23,5,5,0.696969696969697,0.15151515151515152,0.15151515151515152,0.06060606060606061,0.7878787878787878,0.0,0.0
6105,2,soft_dt_jump,16,1810,5,7,4,0.3125,0.4375,0.25,0.3125,0.4375,0.1875,0.0
6106,3,soft_dt_jump,23,4800,8,10,5,0.34782608695652173,0.43478260869565216,0.21739130434782608,0.17391304347826086,0.5217391304347826,0.17391304347826086,0.0
6107,7,soft_state_jump,64,1350,57,4,3,0.890625,0.0625,0.046875,0.015625,0.9375,0.0,0.0
6108,7,max_events_per_episode,9,0,9,0,0,1.0,0.0,0.0,0.0,1.0,0.0,0.0
6109,2,soft_dt_jump,9,1150,2,5,2,0.2222222222222222,0.5555555555555556,0.2222222222222222,0.3333333333333333,0.4444444444444444,0.2222222222222222,0.0
6110,2,soft_state_jump,11,1110,3,6,2,0.2727272727272727,0.5454545454545454,0.18181818181818182,0.36363636363636365,0.36363636363636365,0.18181818181818182,0.0
6111,1,soft_dt_jump,34,6600,9,22,3,0.2647058823529412,0.6470588235294118,0.08823529411764706,0.4117647058823529,0.35294117647058826,0.29411764705882354,0.0
6112,7,soft_state_jump,64,4200,40,21,3,0.625,0.328125,0.046875,0.125,0.765625,0.03125,0.0
6113,7,max_events_per_episode,64,0,64,0,0,1.0,0.0,0.0,0.0,1.0,0.0,0.0
6114,7,max_events_per_episode,53,0,53,0,0,1.0,0.0,0.0,0.0,1.0,0.0,0.0
6115,2,soft_dt_jump,8,480,2,5,1,0.25,0.625,0.125,0.25,0.375,0.0,0.0
6116,7,soft_side_flip_with_dt_jump,9,480,5,4,0,0.5555555555555556,0.4444444444444444,0.0,0.2222222222222222,0.7777777777777778,0.2222222222222222,0.0
6117,1,soft_dt_jump,23,1790,6,12,5,0.2608695652173913,0.5217391304347826,0.21739130434782608,0.30434782608695654,0.4782608695652174,0.2608695652173913,0.0
6118,2,soft_dt_jump,14,860,5,6,3,0.35714285714285715,0.42857142857142855,0.21428571428571427,0.14285714285714285,0.5714285714285714,0.0,0.0
6119,7,soft_dt_jump,64,0,63,1,0,0.984375,0.015625,0.0,0.0,1.0,0.0,0.0
6120,7,max_events_per_episode,64,0,64,0,0,1.0,0.0,0.0,0.0,1.0,0.0,0.0
6121,7,max_events_per_episode,10,0,10,0,0,1.0,0.0,0.0,0.0,1.0,0.0,0.0
6122,7,soft_dt_jump,15,0,14,1,0,0.9333333333333333,0.06666666666666667,0.0,0.0,1.0,0.0,0.0
6123,7,soft_dt_jump,10,10,8,2,0,0.8,0.2,0.0,0.1,0.9,0.1,0.0
6124,7,soft_dt_jump,10,80,8,2,0,0.8,0.2,0.0,0.0,1.0,0.0,0.0
6125,7,soft_dt_jump,8,180,4,3,1,0.5,0.375,0.125,0.125,0.75,0.0,0.0
6126,7,soft_dt_jump,17,960,9,7,1,0.5294117647058824,0.4117647058823529,0.058823529411764705,0.058823529411764705,0.7647058823529411,0.058823529411764705,0.0
6127,3,soft_dt_jump,20,1780,6,10,4,0.3,0.5,0.2,0.15,0.6,0.05,0.0
6128,7,soft_dt_jump,8,40,5,3,0,0.625,0.375,0.0,0.0,0.875,0.0,0.0
6129,7,soft_dt_jump,8,90,5,3,0,0.625,0.375,0.0,0.0,0.875,0.0,0.0
6130,7,soft_dt_jump,15,1560,11,3,1,0.7333333333333333,0.2,0.06666666666666667,0.0,0.9333333333333333,0.0,0.0
6131,2,soft_dt_jump,15,800,6,8,1,0.4,0.5333333333333333,0.06666666666666667,0.13333333333333333,0.7333333333333333,0.06666666666666667,0.0
6132,7,soft_dt_jump,64,1020,56,8,0,0.875,0.125,0.0,0.046875,0.9375,0.03125,0.0
6133,2,max_events_per_episode,20,1620,3,14,3,0.15,0.7,0.15,0.2,0.65,0.1,0.0
6134,1,soft_dt_jump,33,3570,9,17,7,0.2727272727272727,0.5151515151515151,0.21212121212121213,0.6060606060606061,0.12121212121212122,0.5151515151515151,0.0
6135,2,soft_dt_jump,10,380,0,6,4,0.0,0.6,0.4,0.5,0.1,0.3,0.0
6136,1,soft_dt_jump,34,2930,7,20,7,0.20588235294117646,0.5882352941176471,0.20588235294117646,0.7058823529411765,0.0,0.5588235294117647,0.0
6137,1,soft_dt_jump,17,2070,2,10,5,0.11764705882352941,0.5882352941176471,0.29411764705882354,0.47058823529411764,0.17647058823529413,0.4117647058823529,0.0
6138,0,soft_state_jump,13,260,8,5,0,0.6153846153846154,0.38461538461538464,0.0,0.8461538461538461,0.0,0.7692307692307693,0.0
6139,7,soft_dt_jump,19,600,10,7,2,0.5263157894736842,0.3684210526315789,0.10526315789473684,0.15789473684210525,0.631578947368421,0.10526315789473684,0.0
6140,6,soft_dt_jump,8,720,1,6,1,0.125,0.75,0.125,0.75,0.0,0.75,0.0
6141,6,soft_state_jump,25,1370,14,7,4,0.56,0.28,0.16,0.52,0.28,0.48,0.0
6142,3,soft_dt_jump,21,1960,10,8,3,0.47619047619047616,0.38095238095238093,0.14285714285714285,0.14285714285714285,0.5714285714285714,0.047619047619047616,0.0
6143,2,soft_dt_jump,14,1810,3,8,3,0.21428571428571427,0.5714285714285714,0.21428571428571427,0.2857142857142857,0.2857142857142857,0.14285714285714285,0.0
6144,3,soft_dt_jump,9,660,3,3,3,0.3333333333333333,0.3333333333333333,0.3333333333333333,0.0,0.5555555555555556,0.0,0.0
6145,2,soft_dt_jump,8,420,1,6,1,0.125,0.75,0.125,0.5,0.25,0.375,0.0
6146,7,soft_dt_jump,11,300,8,1,2,0.7272727272727273,0.09090909090909091,0.18181818181818182,0.0,0.8181818181818182,0.0,0.0
6147,2,soft_dt_jump,26,1420,9,13,4,0.34615384615384615,0.5,0.15384615384615385,0.19230769230769232,0.6153846153846154,0.19230769230769232,0.0
6148,7,soft_dt_jump,30,1410,19,7,4,0.6333333333333333,0.23333333333333334,0.13333333333333333,0.2,0.6333333333333333,0.13333333333333333,0.0
6149,7,soft_dt_jump,10,600,7,3,0,0.7,0.3,0.0,0.0,0.8,0.0,0.0
6150,7,soft_dt_jump,20,2020,10,5,5,0.5,0.25,0.25,0.05,0.65,0.0,0.0
6151,2,soft_dt_jump,17,1230,4,12,1,0.23529411764705882,0.7058823529411765,0.058823529411764705,0.35294117647058826,0.35294117647058826,0.11764705882352941,0.0
6152,7,soft_dt_jump,8,0,7,1,0,0.875,0.125,0.0,0.0,1.0,0.0,0.0
6153,0,soft_dt_jump,15,770,10,4,1,0.6666666666666666,0.26666666666666666,0.06666666666666667,0.5333333333333333,0.26666666666666666,0.5333333333333333,0.0
6154,7,soft_dt_jump,30,400,20,7,3,0.6666666666666666,0.23333333333333334,0.1,0.03333333333333333,0.8333333333333334,0.0,0.0
6155,7,soft_dt_jump,9,130,5,4,0,0.5555555555555556,0.4444444444444444,0.0,0.1111111111111111,0.8888888888888888,0.1111111111111111,0.0
6156,7,soft_dt_jump,10,360,7,2,1,0.7,0.2,0.1,0.0,0.9,0.0,0.0
6157,3,soft_dt_jump,23,1710,2,15,6,0.08695652173913043,0.6521739130434783,0.2608695652173913,0.21739130434782608,0.2608695652173913,0.13043478260869565,0.0
6158,1,soft_state_jump,46,5680,3,36,7,0.06521739130434782,0.782608695652174,0.15217391304347827,0.5434782608695652,0.17391304347826086,0.2608695652173913,0.0
6159,1,soft_state_jump,38,4520,9,22,7,0.23684210526315788,0.5789473684210527,0.18421052631578946,0.3157894736842105,0.34210526315789475,0.23684210526315788,0.0
6160,0,soft_dt_jump,9,0,8,1,0,0.8888888888888888,0.1111111111111111,0.0,1.0,0.0,0.8888888888888888,0.0
6161,7,soft_dt_jump,37,2040,20,11,6,0.5405405405405406,0.2972972972972973,0.16216216216216217,0.10810810810810811,0.6486486486486487,0.05405405405405406,0.0
6162,7,soft_dt_jump,10,50,6,4,0,0.6,0.4,0.0,0.1,0.9,0.0,0.0
6163,2,soft_dt_jump,15,620,5,10,0,0.3333333333333333,0.6666666666666666,0.0,0.4,0.5333333333333333,0.26666666666666666,0.0
6164,3,soft_side_flip_with_dt_jump,10,610,2,6,2,0.2,0.6,0.2,0.1,0.3,0.1,0.0
6165,3,soft_dt_jump,9,660,1,7,1,0.1111111111111111,0.7777777777777778,0.1111111111111111,0.2222222222222222,0.2222222222222222,0.1111111111111111,0.0
6166,2,soft_dt_jump,13,1170,3,8,2,0.23076923076923078,0.6153846153846154,0.15384615384615385,0.23076923076923078,0.5384615384615384,0.07692307692307693,0.0
6167,7,soft_dt_jump,15,350,10,5,0,0.6666666666666666,0.3333333333333333,0.0,0.13333333333333333,0.7333333333333333,0.13333333333333333,0.0
6168,7,soft_dt_jump,15,260,11,3,1,0.7333333333333333,0.2,0.06666666666666667,0.0,0.8666666666666667,0.0,0.0
6169,7,soft_dt_jump,19,870,12,3,4,0.631578947368421,0.15789473684210525,0.21052631578947367,0.05263157894736842,0.6842105263157895,0.05263157894736842,0.0
6170,2,soft_dt_jump,19,1320,6,11,2,0.3157894736842105,0.5789473684210527,0.10526315789473684,0.21052631578947367,0.5789473684210527,0.10526315789473684,0.0
6171,7,soft_dt_jump,10,550,5,4,1,0.5,0.4,0.1,0.0,0.8,0.0,0.0
6172,7,soft_dt_jump,17,1020,8,5,4,0.47058823529411764,0.29411764705882354,0.23529411764705882,0.0,0.6470588235294118,0.0,0.0
6173,1,soft_dt_jump,25,2520,6,14,5,0.24,0.56,0.2,0.28,0.4,0.12,0.0
6174,2,soft_dt_jump,17,1200,7,9,1,0.4117647058823529,0.5294117647058824,0.058823529411764705,0.17647058823529413,0.6470588235294118,0.11764705882352941,0.0
6175,7,soft_dt_jump,23,0,22,1,0,0.9565217391304348,0.043478260869565216,0.0,0.0,1.0,0.0,0.0
6176,7,soft_dt_jump,10,980,5,1,4,0.5,0.1,0.4,0.0,0.6,0.0,0.0
6177,7,soft_dt_jump,8,250,6,2,0,0.75,0.25,0.0,0.125,0.875,0.0,0.0
6178,7,soft_dt_jump,15,380,11,4,0,0.7333333333333333,0.26666666666666666,0.0,0.06666666666666667,0.8666666666666667,0.06666666666666667,0.0
6179,2,soft_dt_jump,19,1190,5,12,2,0.2631578947368421,0.631578947368421,0.10526315789473684,0.15789473684210525,0.47368421052631576,0.0,0.0
6180,3,soft_dt_jump,26,1470,7,14,5,0.2692307692307692,0.5384615384615384,0.19230769230769232,0.11538461538461539,0.46153846153846156,0.07692307692307693,0.0
6181,7,soft_dt_jump,14,240,10,4,0,0.7142857142857143,0.2857142857142857,0.0,0.0,0.7857142857142857,0.0,0.0
6182,7,soft_dt_jump,9,0,8,1,0,0.8888888888888888,0.1111111111111111,0.0,0.0,0.8888888888888888,0.0,0.0
6183,7,soft_dt_jump,44,3190,23,14,7,0.5227272727272727,0.3181818181818182,0.1590909090909091,0.045454545454545456,0.6818181818181818,0.022727272727272728,0.0
6184,7,soft_dt_jump,12,990,9,3,0,0.75,0.25,0.0,0.0,1.0,0.0,0.0
6185,3,soft_dt_jump,19,1570,2,13,4,0.10526315789473684,0.6842105263157895,0.21052631578947367,0.05263157894736842,0.5263157894736842,0.05263157894736842,0.0
6186,1,soft_state_jump,25,2430,2,14,9,0.08,0.56,0.36,0.48,0.04,0.4,0.0
6187,6,soft_dt_jump,10,240,3,6,1,0.3,0.6,0.1,0.6,0.2,0.4,0.0
6188,6,soft_dt_jump,8,150,4,4,0,0.5,0.5,0.0,0.875,0.125,0.625,0.0
6189,6,soft_dt_jump,9,130,5,4,0,0.5555555555555556,0.4444444444444444,0.0,0.6666666666666666,0.3333333333333333,0.5555555555555556,0.0
6190,3,soft_dt_jump,9,1510,1,6,2,0.1111111111111111,0.6666666666666666,0.2222222222222222,0.1111111111111111,0.2222222222222222,0.1111111111111111,0.0
6191,6,soft_state_jump,8,320,4,3,1,0.5,0.375,0.125,0.75,0.0,0.75,0.0
6192,1,soft_dt_jump,27,2080,1,21,5,0.037037037037037035,0.7777777777777778,0.18518518518518517,0.48148148148148145,0.1111111111111111,0.3333333333333333,0.0
6193,1,soft_state_jump,26,2890,4,16,6,0.15384615384615385,0.6153846153846154,0.23076923076923078,0.4230769230769231,0.3076923076923077,0.3076923076923077,0.0
6194,3,soft_state_jump,11,1410,2,6,3,0.18181818181818182,0.5454545454545454,0.2727272727272727,0.2727272727272727,0.18181818181818182,0.2727272727272727,0.0
6195,1,soft_dt_jump,29,3320,4,18,7,0.13793103448275862,0.6206896551724138,0.2413793103448276,0.3103448275862069,0.13793103448275862,0.13793103448275862,0.0
6196,7,soft_dt_jump,15,270,10,4,1,0.6666666666666666,0.26666666666666666,0.06666666666666667,0.06666666666666667,0.8666666666666667,0.0,0.0
6197,3,soft_dt_jump,15,1110,3,8,4,0.2,0.5333333333333333,0.26666666666666666,0.3333333333333333,0.26666666666666666,0.3333333333333333,0.0
6198,3,soft_dt_jump,23,2670,3,13,7,0.13043478260869565,0.5652173913043478,0.30434782608695654,0.30434782608695654,0.2608695652173913,0.21739130434782608,0.0
6199,3,soft_side_flip_with_dt_jump,18,1200,4,12,2,0.2222222222222222,0.6666666666666666,0.1111111111111111,0.2777777777777778,0.3333333333333333,0.16666666666666666,0.0
6200,1,soft_state_jump,16,1690,0,10,6,0.0,0.625,0.375,0.5,0.0,0.1875,0.0
6201,7,soft_dt_jump,15,680,10,4,1,0.6666666666666666,0.26666666666666666,0.06666666666666667,0.13333333333333333,0.7333333333333333,0.13333333333333333,0.0
6202,3,soft_dt_jump,19,1330,1,13,5,0.05263157894736842,0.6842105263157895,0.2631578947368421,0.47368421052631576,0.05263157894736842,0.3157894736842105,0.0
6203,6,soft_dt_jump,11,150,6,4,1,0.5454545454545454,0.36363636363636365,0.09090909090909091,0.45454545454545453,0.36363636363636365,0.36363636363636365,0.0
6204,0,soft_dt_jump,44,360,39,5,0,0.8863636363636364,0.11363636363636363,0.0,0.9545454545454546,0.045454545454545456,0.9318181818181818,0.0
6205,6,soft_dt_jump,8,180,3,4,1,0.375,0.5,0.125,0.625,0.25,0.625,0.0
6206,3,soft_dt_jump,30,2910,8,19,3,0.26666666666666666,0.6333333333333333,0.1,0.13333333333333333,0.36666666666666664,0.1,0.0
6207,1,soft_dt_jump,23,3160,4,13,6,0.17391304347826086,0.5652173913043478,0.2608695652173913,0.2608695652173913,0.391304347826087,0.043478260869565216,0.0
6208,3,soft_dt_jump,25,2260,5,15,5,0.2,0.6,0.2,0.12,0.36,0.04,0.0
6209,7,soft_dt_jump,51,2050,39,9,3,0.7647058823529411,0.17647058823529413,0.058823529411764705,0.0196078431372549,0.17647058823529413,0.0196078431372549,0.0
6210,1,soft_dt_jump,24,3160,2,18,4,0.08333333333333333,0.75,0.16666666666666666,0.3333333333333333,0.16666666666666666,0.25,0.0
6211,2,soft_state_jump,10,790,1,8,1,0.1,0.8,0.1,0.5,0.3,0.2,0.0
6212,1,soft_side_flip_with_dt_jump,36,4310,6,25,5,0.16666666666666666,0.6944444444444444,0.1388888888888889,0.4444444444444444,0.2222222222222222,0.3333333333333333,0.0
6213,3,soft_state_jump,30,2760,5,18,7,0.16666666666666666,0.6,0.23333333333333334,0.3333333333333333,0.26666666666666666,0.26666666666666666,0.0
6214,3,soft_state_jump,13,1000,2,8,3,0.15384615384615385,0.6153846153846154,0.23076923076923078,0.46153846153846156,0.3076923076923077,0.23076923076923078,0.0
6215,2,soft_dt_jump,13,820,6,7,0,0.46153846153846156,0.5384615384615384,0.0,0.23076923076923078,0.6923076923076923,0.07692307692307693,0.0
6216,3,soft_dt_jump,21,2520,3,14,4,0.14285714285714285,0.6666666666666666,0.19047619047619047,0.38095238095238093,0.3333333333333333,0.19047619047619047,0.0
6217,3,soft_dt_jump,9,1190,2,5,2,0.2222222222222222,0.5555555555555556,0.2222222222222222,0.2222222222222222,0.2222222222222222,0.2222222222222222,0.0
6218,7,soft_dt_jump,31,2640,16,13,2,0.5161290322580645,0.41935483870967744,0.06451612903225806,0.12903225806451613,0.7096774193548387,0.06451612903225806,0.0
6219,3,soft_dt_jump,19,1150,6,8,5,0.3157894736842105,0.42105263157894735,0.2631578947368421,0.05263157894736842,0.6842105263157895,0.05263157894736842,0.0
6220,1,soft_dt_jump,32,3100,13,17,2,0.40625,0.53125,0.0625,0.4375,0.375,0.375,0.0
6221,2,soft_dt_jump,14,1740,4,9,1,0.2857142857142857,0.6428571428571429,0.07142857142857142,0.07142857142857142,0.6428571428571429,0.07142857142857142,0.0
6222,1,soft_dt_jump,64,5880,21,36,7,0.328125,0.5625,0.109375,0.359375,0.40625,0.28125,0.0
6223,7,max_events_per_episode,8,1110,5,2,1,0.625,0.25,0.125,0.25,0.5,0.25,0.0
6224,3,soft_dt_jump,8,800,3,4,1,0.375,0.5,0.125,0.375,0.5,0.25,0.0
6225,0,soft_dt_jump,8,320,6,1,1,0.75,0.125,0.125,0.875,0.0,0.875,0.0
6226,3,soft_dt_jump,25,990,8,13,4,0.32,0.52,0.16,0.28,0.48,0.2,0.0
6227,3,soft_side_flip_with_dt_jump,13,1970,2,7,4,0.15384615384615385,0.5384615384615384,0.3076923076923077,0.07692307692307693,0.23076923076923078,0.0,0.0
6228,6,soft_dt_jump,8,270,5,3,0,0.625,0.375,0.0,1.0,0.0,1.0,0.0
6229,7,soft_dt_jump,11,560,5,5,1,0.45454545454545453,0.45454545454545453,0.09090909090909091,0.18181818181818182,0.7272727272727273,0.18181818181818182,0.0
6230,6,soft_dt_jump,27,1020,15,8,4,0.5555555555555556,0.2962962962962963,0.14814814814814814,0.6296296296296297,0.14814814814814814,0.6296296296296297,0.0
6231,3,soft_dt_jump,16,2240,4,8,4,0.25,0.5,0.25,0.3125,0.3125,0.125,0.0
6232,3,soft_dt_jump,34,2830,7,22,5,0.20588235294117646,0.6470588235294118,0.14705882352941177,0.08823529411764706,0.4117647058823529,0.029411764705882353,0.0
6233,2,soft_dt_jump,16,880,7,9,0,0.4375,0.5625,0.0,0.25,0.5625,0.0,0.0
6234,7,soft_dt_jump,15,610,8,6,1,0.5333333333333333,0.4,0.06666666666666667,0.0,0.4666666666666667,0.0,0.0
6235,3,soft_dt_jump,17,1200,8,8,1,0.47058823529411764,0.47058823529411764,0.058823529411764705,0.058823529411764705,0.29411764705882354,0.058823529411764705,0.0
6236,1,soft_dt_jump,42,5400,9,24,9,0.21428571428571427,0.5714285714285714,0.21428571428571427,0.30952380952380953,0.2857142857142857,0.23809523809523808,0.0
6237,1,soft_dt_jump,22,3670,2,16,4,0.09090909090909091,0.7272727272727273,0.18181818181818182,0.45454545454545453,0.18181818181818182,0.3181818181818182,0.0
6238,3,soft_state_jump,11,1080,1,5,5,0.09090909090909091,0.45454545454545453,0.4,0.18181818181818182,0.18181818181818182,0.18181818181818182,0.0
6239,3,soft_dt_jump,10,180,3,5,2,0.3,0.5,0.2,0.0,0.7,0.0,0.0
6240,7,soft_dt_jump,13,290,8,4,1,0.6153846153846154,0.3076923076923077,0.07692307692307693,0.15384615384615385,0.6923076923076923,0.07692307692307693,0.0
6241,3,soft_dt_jump,25,2210,6,17,2,0.24,0.68,0.08,0.28,0.48,0.2,0.0
6242,1,soft_dt_jump,55,6640,13,37,5,0.23636363636363636,0.6727272727272727,0.09090909090909091,0.4727272727272727,0.32727272727272727,0.36363636363636365,0.0
6243,3,soft_state_jump,17,2560,2,9,6,0.11764705882352941,0.5294117647058824,0.35294117647058826,0.0,0.4117647058823529,0.0,0.0
6244,1,soft_state_jump,36,5950,5,27,4,0.1388888888888889,0.75,0.1111111111111111,0.3611111111111111,0.3055555555555556,0.25,0.0
6245,3,soft_state_jump,9,2700,1,6,2,0.1111111111111111,0.6666666666666666,0.2222222222222222,0.1111111111111111,0.4444444444444444,0.0,0.0
6246,6,soft_state_jump,18,1380,4,11,3,0.2222222222222222,0.6111111111111112,0.16666666666666666,0.5555555555555556,0.16666666666666666,0.5,0.0
6247,3,soft_dt_jump,23,3060,3,13,7,0.13043478260869565,0.5652173913043478,0.30434782608695654,0.34782608695652173,0.21739130434782608,0.2608695652173913,0.0
6248,6,soft_dt_jump,28,1030,11,16,1,0.39285714285714285,0.5714285714285714,0.03571428571428571,0.6071428571428571,0.21428571428571427,0.4642857142857143,0.0
6249,0,soft_dt_jump,41,2070,28,7,6,0.6829268292682927,0.17073170731707318,0.14634146341463414,0.7804878048780488,0.07317073170731707,0.7317073170731707,0.0
6250,3,soft_dt_jump,9,1810,0,6,3,0.0,0.6666666666666666,0.3333333333333333,0.3333333333333333,0.2222222222222222,0.2222222222222222,0.0
6251,3,soft_state_jump,12,610,3,7,2,0.25,0.5833333333333334,0.16666666666666666,0.16666666666666666,0.3333333333333333,0.08333333333333333,0.0
6252,3,soft_dt_jump,45,4430,9,32,4,0.2,0.7111111111111111,0.08888888888888889,0.2,0.4,0.06666666666666667,0.0
6253,3,soft_dt_jump,35,6060,7,21,7,0.2,0.6,0.2,0.2,0.45714285714285713,0.11428571428571428,0.0
6254,3,soft_state_jump,8,390,2,5,1,0.25,0.625,0.125,0.0,0.5,0.0,0.0
6255,3,soft_dt_jump,9,1660,1,3,5,0.1111111111111111,0.3333333333333333,0.4,0.3333333333333333,0.0,0.2222222222222222,0.0
6256,3,soft_state_jump,13,1340,3,7,3,0.23076923076923078,0.5384615384615384,0.23076923076923078,0.38461538461538464,0.15384615384615385,0.3076923076923077,0.0
6257,3,soft_dt_jump,17,3240,1,13,3,0.058823529411764705,0.7647058823529411,0.17647058823529413,0.4117647058823529,0.23529411764705882,0.23529411764705882,0.0
6258,3,soft_state_jump,23,2430,3,11,9,0.13043478260869565,0.4782608695652174,0.391304347826087,0.13043478260869565,0.2608695652173913,0.08695652173913043,0.0
6259,3,soft_dt_jump,43,6090,7,27,9,0.16279069767441862,0.627906976744186,0.20930232558139536,0.18604651162790697,0.37209302325581395,0.13953488372093023,0.0
6260,3,soft_state_jump,23,2680,4,15,4,0.17391304347826086,0.6521739130434783,0.17391304347826086,0.34782608695652173,0.391304347826087,0.2608695652173913,0.0
6261,3,soft_state_jump,18,1820,6,7,5,0.3333333333333333,0.3888888888888889,0.2777777777777778,0.3888888888888889,0.2222222222222222,0.3333333333333333,0.0
6262,3,soft_dt_jump,17,1800,3,10,4,0.17647058823529413,0.5882352941176471,0.23529411764705882,0.47058823529411764,0.17647058823529413,0.35294117647058826,0.0
6263,2,soft_dt_jump,14,1700,4,8,2,0.2857142857142857,0.5714285714285714,0.14285714285714285,0.2857142857142857,0.5,0.21428571428571427,0.0
6264,3,soft_state_jump,19,1910,3,11,5,0.15789473684210525,0.5789473684210527,0.2631578947368421,0.42105263157894735,0.15789473684210525,0.3684210526315789,0.0
6265,3,soft_state_jump,20,2760,2,15,3,0.1,0.75,0.15,0.15,0.5,0.05,0.0
6266,6,soft_state_jump,19,1660,8,10,1,0.42105263157894735,0.5263157894736842,0.05263157894736842,0.42105263157894735,0.42105263157894735,0.3157894736842105,0.0
6267,3,soft_dt_jump,22,3350,3,15,4,0.13636363636363635,0.6818181818181818,0.18181818181818182,0.18181818181818182,0.2727272727272727,0.0,0.0
6268,1,soft_state_jump,47,5110,12,28,7,0.2553191489361702,0.5957446808510638,0.14893617021276595,0.2553191489361702,0.3829787234042553,0.1702127659574468,0.0
6269,3,soft_dt_jump,12,1200,5,5,2,0.4166666666666667,0.4166666666666667,0.16666666666666666,0.0,0.5833333333333334,0.0,0.0
6270,3,soft_dt_jump,20,4140,4,14,2,0.2,0.7,0.1,0.5,0.2,0.3,0.0
6271,6,soft_state_jump,11,1360,3,7,1,0.2727272727272727,0.6363636363636364,0.09090909090909091,0.6363636363636364,0.18181818181818182,0.45454545454545453,0.0
6272,3,soft_dt_jump,26,2930,9,14,3,0.34615384615384615,0.5384615384615384,0.11538461538461539,0.3076923076923077,0.4230769230769231,0.19230769230769232,0.0
6273,3,soft_dt_jump,11,1110,4,7,0,0.36363636363636365,0.6363636363636364,0.0,0.18181818181818182,0.5454545454545454,0.18181818181818182,0.0
6274,7,soft_dt_jump,9,370,6,3,0,0.6666666666666666,0.3333333333333333,0.0,0.2222222222222222,0.7777777777777778,0.2222222222222222,0.0
6275,3,soft_dt_jump,14,1550,4,8,2,0.2857142857142857,0.5714285714285714,0.14285714285714285,0.21428571428571427,0.2857142857142857,0.21428571428571427,0.0
6276,3,soft_dt_jump,15,1120,4,10,1,0.26666666666666666,0.6666666666666666,0.06666666666666667,0.3333333333333333,0.4666666666666667,0.3333333333333333,0.0
6277,7,soft_dt_jump,33,3030,18,13,2,0.5454545454545454,0.3939393939393939,0.06060606060606061,0.12121212121212122,0.6666666666666666,0.06060606060606061,0.0
6278,3,soft_dt_jump,10,2060,3,7,0,0.3,0.7,0.0,0.2,0.4,0.2,0.0
6279,7,soft_dt_jump,8,160,4,4,0,0.5,0.5,0.0,0.125,0.875,0.0,0.0
6280,7,soft_dt_jump,27,2370,19,5,3,0.7037037037037037,0.18518518518518517,0.1111111111111111,0.1111111111111111,0.7407407407407407,0.0,0.0
6281,3,soft_dt_jump,18,3850,2,12,4,0.1111111111111111,0.6666666666666666,0.2222222222222222,0.3888888888888889,0.1111111111111111,0.2222222222222222,0.0
6282,3,soft_state_jump,43,5780,11,27,5,0.2558139534883721,0.627906976744186,0.11627906976744186,0.2558139534883721,0.37209302325581395,0.23255813953488372,0.0
6283,3,soft_state_jump,18,2240,7,8,3,0.3888888888888889,0.4444444444444444,0.16666666666666666,0.3333333333333333,0.4444444444444444,0.2777777777777778,0.0
6284,3,soft_dt_jump,13,1570,4,7,2,0.3076923076923077,0.5384615384615384,0.15384615384615385,0.0,0.6923076923076923,0.0,0.0
6285,3,soft_dt_jump,10,650,2,5,3,0.2,0.5,0.3,0.2,0.3,0.1,0.0
6286,7,soft_side_flip_with_dt_jump,15,1080,9,5,1,0.6,0.3333333333333333,0.06666666666666667,0.0,0.8,0.0,0.0
6287,3,soft_dt_jump,23,4220,4,17,2,0.17391304347826086,0.7391304347826086,0.08695652173913043,0.08695652173913043,0.5652173913043478,0.08695652173913043,0.0
6288,3,soft_state_jump,32,5230,9,20,3,0.28125,0.625,0.09375,0.25,0.46875,0.15625,0.0
6289,7,soft_dt_jump,19,580,14,3,2,0.7368421052631579,0.15789473684210525,0.10526315789473684,0.05263157894736842,0.8421052631578947,0.05263157894736842,0.0
6290,3,soft_dt_jump,21,2160,5,13,3,0.23809523809523808,0.6190476190476191,0.14285714285714285,0.09523809523809523,0.3333333333333333,0.047619047619047616,0.0
6291,6,soft_state_jump,21,1190,13,7,1,0.6190476190476191,0.3333333333333333,0.047619047619047616,0.6190476190476191,0.3333333333333333,0.42857142857142855,0.0
6292,6,soft_dt_jump,8,490,4,4,0,0.5,0.5,0.0,0.75,0.125,0.5,0.0
6293,1,soft_dt_jump,22,3620,2,13,7,0.09090909090909091,0.5909090909090909,0.3181818181818182,0.4090909090909091,0.13636363636363635,0.2727272727272727,0.0
6294,6,soft_dt_jump,11,1370,3,7,1,0.2727272727272727,0.6363636363636364,0.09090909090909091,0.7272727272727273,0.18181818181818182,0.45454545454545453,0.0
6295,1,soft_dt_jump,21,3100,3,13,5,0.14285714285714285,0.6190476190476191,0.23809523809523808,0.42857142857142855,0.19047619047619047,0.23809523809523808,0.0
6296,6,soft_state_jump,19,1570,10,7,2,0.5263157894736842,0.3684210526315789,0.10526315789473684,0.5789473684210527,0.2631578947368421,0.47368421052631576,0.0
6297,3,soft_dt_jump,9,750,1,7,1,0.1111111111111111,0.7777777777777778,0.1111111111111111,0.3333333333333333,0.4444444444444444,0.2222222222222222,0.0
6298,2,soft_state_jump,20,2800,5,12,3,0.25,0.6,0.15,0.35,0.45,0.25,0.0
6299,3,soft_state_jump,33,5970,4,23,6,0.12121212121212122,0.696969696969697,0.18181818181818182,0.15151515151515152,0.30303030303030304,0.09090909090909091,0.0
6300,3,soft_state_jump,19,2730,2,13,4,0.10526315789473684,0.6842105263157895,0.21052631578947367,0.21052631578947367,0.3684210526315789,0.05263157894736842,0.0
6301,7,soft_state_jump,9,190,6,2,1,0.6666666666666666,0.2222222222222222,0.1111111111111111,0.1111111111111111,0.6666666666666666,0.0,0.0
6302,3,soft_dt_jump,33,5510,5,16,12,0.15151515151515152,0.48484848484848486,0.36363636363636365,0.15151515151515152,0.24242424242424243,0.09090909090909091,0.0
6303,6,soft_state_jump,11,690,4,4,3,0.36363636363636365,0.36363636363636365,0.2727272727272727,0.7272727272727273,0.0,0.6363636363636364,0.0
6304,3,soft_dt_jump,10,1150,2,5,3,0.2,0.5,0.3,0.3,0.3,0.2,0.0
6305,3,soft_state_jump,11,1070,3,6,2,0.2727272727272727,0.5454545454545454,0.18181818181818182,0.45454545454545453,0.18181818181818182,0.2727272727272727,0.0
6306,7,soft_dt_jump,11,570,9,2,0,0.8181818181818182,0.18181818181818182,0.0,0.0,0.9090909090909091,0.0,0.0
6307,3,soft_dt_jump,22,3050,4,15,3,0.18181818181818182,0.6818181818181818,0.13636363636363635,0.36363636363636365,0.3181818181818182,0.3181818181818182,0.0
6308,3,soft_dt_jump,21,2730,2,17,2,0.09523809523809523,0.8095238095238095,0.09523809523809523,0.3333333333333333,0.19047619047619047,0.2857142857142857,0.0
6309,3,soft_state_jump,13,1090,4,8,1,0.3076923076923077,0.6153846153846154,0.07692307692307693,0.23076923076923078,0.6153846153846154,0.15384615384615385,0.0
6310,3,soft_dt_jump,29,2440,7,16,6,0.2413793103448276,0.5517241379310345,0.20689655172413793,0.3793103448275862,0.3793103448275862,0.3103448275862069,0.0
6311,3,soft_dt_jump,21,1590,6,12,3,0.2857142857142857,0.5714285714285714,0.14285714285714285,0.19047619047619047,0.5714285714285714,0.09523809523809523,0.0
6312,3,soft_state_jump,21,2080,5,12,4,0.23809523809523808,0.5714285714285714,0.19047619047619047,0.38095238095238093,0.38095238095238093,0.2857142857142857,0.0
6313,3,soft_dt_jump,25,2390,7,15,3,0.28,0.6,0.12,0.36,0.36,0.28,0.0
6314,6,soft_dt_jump,17,1700,7,8,2,0.4117647058823529,0.47058823529411764,0.11764705882352941,0.6470588235294118,0.17647058823529413,0.5294117647058824,0.0
6315,3,soft_dt_jump,10,830,2,4,4,0.2,0.4,0.4,0.2,0.3,0.2,0.0
6316,6,soft_dt_jump,12,680,6,4,2,0.5,0.3333333333333333,0.16666666666666666,0.6666666666666666,0.0,0.5833333333333334,0.0
6317,3,soft_dt_jump,22,2430,8,9,5,0.36363636363636365,0.4090909090909091,0.22727272727272727,0.36363636363636365,0.3181818181818182,0.3181818181818182,0.0
6318,2,soft_dt_jump,8,750,3,5,0,0.375,0.625,0.0,0.125,0.75,0.0,0.0
6319,3,soft_dt_jump,18,2920,2,11,5,0.1111111111111111,0.6111111111111112,0.2777777777777778,0.2777777777777778,0.2222222222222222,0.2222222222222222,0.0
6320,3,soft_dt_jump,14,1100,2,8,4,0.14285714285714285,0.5714285714285714,0.2857142857142857,0.42857142857142855,0.21428571428571427,0.35714285714285715,0.0
6321,3,soft_dt_jump,11,1560,1,6,4,0.09090909090909091,0.5454545454545454,0.36363636363636365,0.18181818181818182,0.2727272727272727,0.09090909090909091,0.0
6322,6,soft_dt_jump,11,780,3,7,1,0.2727272727272727,0.6363636363636364,0.09090909090909091,0.45454545454545453,0.18181818181818182,0.45454545454545453,0.0
6323,3,soft_dt_jump,13,1230,4,7,2,0.3076923076923077,0.5384615384615384,0.15384615384615385,0.46153846153846156,0.15384615384615385,0.3076923076923077,0.0
6324,6,soft_state_jump,10,1080,5,4,1,0.5,0.4,0.1,0.6,0.2,0.5,0.0
6325,3,soft_dt_jump,13,1180,0,11,2,0.0,0.8461538461538461,0.15384615384615385,0.23076923076923078,0.5384615384615384,0.15384615384615385,0.0
6326,7,soft_dt_jump,15,0,14,1,0,0.9333333333333333,0.06666666666666667,0.0,0.0,1.0,0.0,0.0
6327,3,soft_dt_jump,16,750,4,10,2,0.25,0.625,0.125,0.25,0.5,0.25,0.0
6328,7,soft_dt_jump,9,170,7,2,0,0.7777777777777778,0.2222222222222222,0.0,0.4444444444444444,0.5555555555555556,0.4444444444444444,0.0
6329,7,soft_dt_jump,20,790,13,6,1,0.65,0.3,0.05,0.05,0.8,0.05,0.0
6330,3,soft_dt_jump,21,1520,7,13,1,0.3333333333333333,0.6190476190476191,0.047619047619047616,0.09523809523809523,0.6190476190476191,0.0,0.0
6331,1,soft_dt_jump,44,5310,14,27,3,0.3181818181818182,0.6136363636363636,0.06818181818181818,0.3181818181818182,0.45454545454545453,0.2727272727272727,0.0
6332,3,soft_side_flip_with_dt_jump,14,2860,1,10,3,0.07142857142857142,0.7142857142857143,0.21428571428571427,0.21428571428571427,0.5,0.14285714285714285,0.0
6333,3,soft_dt_jump,13,990,6,3,4,0.46153846153846156,0.23076923076923078,0.3076923076923077,0.0,0.5384615384615384,0.0,0.0
6334,3,soft_dt_jump,39,5230,15,20,4,0.38461538461538464,0.5128205128205128,0.10256410256410256,0.23076923076923078,0.5128205128205128,0.1794871794871795,0.0
6335,3,soft_dt_jump,21,4310,8,11,2,0.38095238095238093,0.5238095238095238,0.09523809523809523,0.09523809523809523,0.7619047619047619,0.09523809523809523,0.0
6336,3,soft_dt_jump,18,3870,3,13,2,0.16666666666666666,0.7222222222222222,0.1111111111111111,0.6111111111111112,0.16666666666666666,0.3888888888888889,0.0
6337,0,soft_state_jump,9,0,7,1,1,0.7777777777777778,0.1111111111111111,0.1111111111111111,0.8888888888888888,0.0,0.8888888888888888,0.0
6338,3,soft_dt_jump,11,1870,2,6,3,0.18181818181818182,0.5454545454545454,0.2727272727272727,0.18181818181818182,0.36363636363636365,0.0,0.0
6339,6,soft_state_jump,18,1870,6,12,0,0.3333333333333333,0.6666666666666666,0.0,0.5,0.3888888888888889,0.4444444444444444,0.0
6340,3,soft_side_flip_with_dt_jump,11,3220,2,7,2,0.18181818181818182,0.6363636363636364,0.18181818181818182,0.45454545454545453,0.2727272727272727,0.2727272727272727,0.0
6341,1,soft_state_jump,29,3180,13,9,7,0.4482758620689655,0.3103448275862069,0.2413793103448276,0.5517241379310345,0.13793103448275862,0.41379310344827586,0.0
6342,3,soft_dt_jump,27,3460,8,13,6,0.2962962962962963,0.48148148148148145,0.2222222222222222,0.25925925925925924,0.4444444444444444,0.2222222222222222,0.0
6343,3,soft_dt_jump,8,1710,0,5,3,0.0,0.625,0.375,0.125,0.125,0.0,0.0
6344,3,soft_state_jump,11,800,2,5,4,0.18181818181818182,0.45454545454545453,0.36363636363636365,0.45454545454545453,0.18181818181818182,0.36363636363636365,0.0
6345,3,soft_dt_jump,18,2580,7,6,5,0.3888888888888889,0.3333333333333333,0.2777777777777778,0.2777777777777778,0.4444444444444444,0.2777777777777778,0.0
6346,3,soft_dt_jump,23,3710,7,10,6,0.30434782608695654,0.43478260869565216,0.2608695652173913,0.43478260869565216,0.2608695652173913,0.30434782608695654,0.0
6347,3,soft_dt_jump,9,830,2,3,4,0.2222222222222222,0.3333333333333333,0.4,0.4444444444444444,0.1111111111111111,0.4444444444444444,0.0
6348,6,soft_dt_jump,17,2700,8,9,0,0.47058823529411764,0.5294117647058824,0.0,0.47058823529411764,0.47058823529411764,0.35294117647058826,0.0
6349,3,soft_dt_jump,10,2220,0,8,2,0.0,0.8,0.2,0.2,0.2,0.0,0.0
6350,3,soft_state_jump,13,1760,4,9,0,0.3076923076923077,0.6923076923076923,0.0,0.46153846153846156,0.46153846153846156,0.38461538461538464,0.0
6351,6,soft_dt_jump,17,2560,3,12,2,0.17647058823529413,0.7058823529411765,0.11764705882352941,0.5882352941176471,0.11764705882352941,0.5294117647058824,0.0
6352,6,soft_state_jump,23,3050,11,9,3,0.4782608695652174,0.391304347826087,0.13043478260869565,0.6086956521739131,0.17391304347826086,0.5652173913043478,0.0
6353,2,soft_dt_jump,8,820,2,5,1,0.25,0.625,0.125,0.25,0.5,0.0,0.0
6354,3,soft_dt_jump,8,1470,2,4,2,0.25,0.5,0.25,0.5,0.125,0.375,0.0
6355,7,soft_dt_jump,31,1410,26,5,0,0.8387096774193549,0.16129032258064516,0.0,0.03225806451612903,0.9354838709677419,0.03225806451612903,0.0
6356,0,soft_dt_jump,42,2270,27,10,5,0.6428571428571429,0.23809523809523808,0.11904761904761904,0.6666666666666666,0.19047619047619047,0.6190476190476191,0.0
6357,3,soft_dt_jump,45,5660,12,21,12,0.26666666666666666,0.4666666666666667,0.26666666666666666,0.26666666666666666,0.35555555555555557,0.2222222222222222,0.0
6358,3,soft_dt_jump,8,2530,1,6,1,0.125,0.75,0.125,0.375,0.25,0.25,0.0
6359,3,soft_state_jump,8,240,2,4,2,0.25,0.5,0.25,0.125,0.5,0.125,0.0
6360,3,soft_dt_jump,10,1750,2,5,3,0.2,0.5,0.3,0.3,0.4,0.2,0.0
6361,7,soft_state_jump,8,430,5,2,1,0.625,0.25,0.125,0.0,0.75,0.0,0.0
6362,3,soft_dt_jump,11,570,2,7,2,0.18181818181818182,0.6363636363636364,0.18181818181818182,0.36363636363636365,0.45454545454545453,0.36363636363636365,0.0
6363,7,soft_side_flip_with_dt_jump,24,2740,15,6,3,0.625,0.25,0.125,0.125,0.7083333333333334,0.08333333333333333,0.0
6364,3,soft_dt_jump,14,2180,5,5,4,0.35714285714285715,0.35714285714285715,0.2857142857142857,0.2857142857142857,0.42857142857142855,0.2857142857142857,0.0
6365,3,soft_dt_jump,8,1760,0,6,2,0.0,0.75,0.25,0.25,0.375,0.25,0.0
6366,3,soft_state_jump,12,1050,4,3,5,0.3333333333333333,0.25,0.4,0.4166666666666667,0.08333333333333333,0.3333333333333333,0.0
6367,7,soft_dt_jump,30,2900,19,8,3,0.6333333333333333,0.26666666666666666,0.1,0.06666666666666667,0.8,0.0,0.0
6368,3,soft_dt_jump,8,280,2,5,1,0.25,0.625,0.125,0.125,0.5,0.0,0.0
6369,7,soft_dt_jump,64,170,61,2,1,0.953125,0.03125,0.015625,0.015625,0.09375,0.0,0.0
6370,0,max_events_per_episode,64,0,64,0,0,1.0,0.0,0.0,0.0,0.0,0.0,0.0
6371,0,max_events_per_episode,26,0,26,0,0,1.0,0.0,0.0,0.0,0.0,0.0,0.0
6372,5,soft_dt_jump,22,2290,8,11,3,0.36363636363636365,0.5,0.13636363636363635,0.22727272727272727,0.0,0.18181818181818182,0.5909090909090909
6373,7,soft_dt_jump,9,210,4,5,0,0.4444444444444444,0.5555555555555556,0.0,0.0,0.8888888888888888,0.0,0.1111111111111111
6374,3,soft_dt_jump,22,4410,6,14,2,0.2727272727272727,0.6363636363636364,0.09090909090909091,0.36363636363636365,0.3181818181818182,0.3181818181818182,0.0
6375,6,soft_side_flip_with_dt_jump,11,3270,2,6,3,0.18181818181818182,0.5454545454545454,0.2727272727272727,0.6363636363636364,0.09090909090909091,0.45454545454545453,0.0
6376,3,soft_state_jump,28,4530,7,18,3,0.25,0.6428571428571429,0.10714285714285714,0.5,0.17857142857142858,0.39285714285714285,0.0
6377,6,soft_dt_jump,9,790,3,6,0,0.3333333333333333,0.6666666666666666,0.0,0.7777777777777778,0.1111111111111111,0.7777777777777778,0.0
6378,3,soft_dt_jump,17,2730,5,9,3,0.29411764705882354,0.5294117647058824,0.17647058823529413,0.4117647058823529,0.29411764705882354,0.29411764705882354,0.0
6379,1,soft_dt_jump,22,4850,4,17,1,0.18181818181818182,0.7727272727272727,0.045454545454545456,0.5454545454545454,0.22727272727272727,0.36363636363636365,0.0
6380,3,soft_state_jump,22,2800,4,16,2,0.18181818181818182,0.7272727272727273,0.09090909090909091,0.36363636363636365,0.22727272727272727,0.18181818181818182,0.0
6381,1,soft_state_jump,23,2760,6,14,3,0.2608695652173913,0.6086956521739131,0.13043478260869565,0.391304347826087,0.34782608695652173,0.2608695652173913,0.0
6382,3,soft_dt_jump,11,2410,1,6,4,0.09090909090909091,0.5454545454545454,0.36363636363636365,0.45454545454545453,0.09090909090909091,0.36363636363636365,0.0
6383,1,soft_state_jump,37,8600,10,22,5,0.2702702702702703,0.5945945945945946,0.13513513513513514,0.2972972972972973,0.4864864864864865,0.21621621621621623,0.0
6384,3,soft_dt_jump,11,2030,2,7,2,0.18181818181818182,0.6363636363636364,0.18181818181818182,0.18181818181818182,0.45454545454545453,0.18181818181818182,0.0
6385,3,soft_dt_jump,12,1870,2,6,4,0.16666666666666666,0.5,0.3333333333333333,0.3333333333333333,0.16666666666666666,0.25,0.0
6386,6,soft_state_jump,16,3030,7,8,1,0.4375,0.5,0.0625,0.5625,0.1875,0.5,0.0
6387,2,soft_dt_jump,19,3490,7,12,0,0.3684210526315789,0.631578947368421,0.0,0.2631578947368421,0.5263157894736842,0.15789473684210525,0.0
6388,3,soft_dt_jump,13,1620,5,6,2,0.38461538461538464,0.46153846153846156,0.15384615384615385,0.15384615384615385,0.5384615384615384,0.07692307692307693,0.0
6389,3,soft_dt_jump,20,4760,4,11,5,0.2,0.55,0.25,0.3,0.35,0.15,0.0
6390,6,soft_side_flip_with_dt_jump,18,1820,11,6,1,0.6111111111111112,0.3333333333333333,0.05555555555555555,0.7777777777777778,0.1111111111111111,0.6666666666666666,0.0
6391,1,soft_dt_jump,17,3710,1,13,3,0.058823529411764705,0.7647058823529411,0.17647058823529413,0.4117647058823529,0.23529411764705882,0.17647058823529413,0.0
6392,1,soft_dt_jump,57,9930,10,42,5,0.17543859649122806,0.7368421052631579,0.08771929824561403,0.2982456140350877,0.42105263157894735,0.21052631578947367,0.0
6393,3,max_duration_ms,28,6410,2,18,8,0.07142857142857142,0.6428571428571429,0.2857142857142857,0.25,0.25,0.17857142857142858,0.0
6394,3,soft_state_jump,15,2030,3,11,1,0.2,0.7333333333333333,0.06666666666666667,0.26666666666666666,0.4666666666666667,0.13333333333333333,0.0
6395,6,soft_dt_jump,8,2880,1,6,1,0.125,0.75,0.125,0.875,0.0,0.625,0.0
6396,3,soft_dt_jump,11,2310,3,5,3,0.2727272727272727,0.45454545454545453,0.2727272727272727,0.45454545454545453,0.2727272727272727,0.2727272727272727,0.0
6397,3,soft_dt_jump,14,1760,3,9,2,0.21428571428571427,0.6428571428571429,0.14285714285714285,0.5,0.2857142857142857,0.2857142857142857,0.0
6398,1,soft_side_flip_with_dt_jump,25,3030,6,17,2,0.24,0.68,0.08,0.52,0.24,0.4,0.0
6399,1,soft_state_jump,32,5770,7,16,9,0.21875,0.5,0.28125,0.46875,0.15625,0.34375,0.0
6400,3,soft_state_jump,37,7920,5,23,9,0.13513513513513514,0.6216216216216216,0.24324324324324326,0.2702702702702703,0.35135135135135137,0.10810810810810811,0.0
6401,3,soft_dt_jump,22,2700,2,16,4,0.09090909090909091,0.7272727272727273,0.18181818181818182,0.22727272727272727,0.36363636363636365,0.13636363636363635,0.0
6402,3,soft_state_jump,16,2530,3,9,4,0.1875,0.5625,0.25,0.1875,0.5,0.0625,0.0
6403,3,soft_state_jump,13,2560,3,6,4,0.23076923076923078,0.46153846153846156,0.3076923076923077,0.46153846153846156,0.15384615384615385,0.38461538461538464,0.0
6404,3,soft_state_jump,39,6900,8,22,9,0.20512820512820512,0.5641025641025641,0.23076923076923078,0.3333333333333333,0.28205128205128205,0.3076923076923077,0.0
6405,6,soft_dt_jump,12,1490,6,6,0,0.5,0.5,0.0,0.5833333333333334,0.3333333333333333,0.5,0.0
6406,1,soft_dt_jump,24,4240,7,12,5,0.2916666666666667,0.5,0.20833333333333334,0.4166666666666667,0.2916666666666667,0.3333333333333333,0.0
6407,0,soft_dt_jump,9,140,6,3,0,0.6666666666666666,0.3333333333333333,0.0,0.8888888888888888,0.1111111111111111,0.8888888888888888,0.0
6408,1,soft_dt_jump,26,3890,9,13,4,0.34615384615384615,0.5,0.15384615384615385,0.6153846153846154,0.19230769230769232,0.5384615384615384,0.0
6409,1,soft_dt_jump,25,4350,5,16,4,0.2,0.64,0.16,0.32,0.32,0.24,0.0
6410,3,soft_dt_jump,10,2020,2,4,4,0.2,0.4,0.4,0.5,0.0,0.4,0.0
6411,6,soft_dt_jump,16,2650,9,7,0,0.5625,0.4375,0.0,0.875,0.125,0.75,0.0
6412,0,soft_dt_jump,26,1550,19,5,2,0.7307692307692307,0.19230769230769232,0.07692307692307693,0.8076923076923077,0.038461538461538464,0.8076923076923077,0.0
6413,2,soft_dt_jump,11,1750,1,9,1,0.09090909090909091,0.8181818181818182,0.09090909090909091,0.5454545454545454,0.18181818181818182,0.18181818181818182,0.0
6414,3,soft_state_jump,16,2650,5,7,4,0.3125,0.4375,0.25,0.4375,0.1875,0.3125,0.0
6415,6,soft_state_jump,16,2580,3,11,2,0.1875,0.6875,0.125,0.75,0.0625,0.5,0.0
6416,3,soft_state_jump,33,4830,6,18,9,0.18181818181818182,0.5454545454545454,0.2727272727272727,0.09090909090909091,0.5151515151515151,0.030303030303030304,0.0
6417,3,soft_dt_jump,24,3930,3,13,8,0.125,0.5416666666666666,0.3333333333333333,0.20833333333333334,0.375,0.125,0.0
6418,3,soft_state_jump,20,2960,6,10,4,0.3,0.5,0.2,0.05,0.45,0.05,0.0
6419,3,soft_dt_jump,11,1320,2,5,4,0.18181818181818182,0.45454545454545453,0.36363636363636365,0.36363636363636365,0.09090909090909091,0.2727272727272727,0.0
6420,3,soft_dt_jump,24,3380,11,10,3,0.4583333333333333,0.4166666666666667,0.125,0.125,0.6666666666666666,0.0,0.0
6421,3,soft_dt_jump,12,2180,3,8,1,0.25,0.6666666666666666,0.08333333333333333,0.3333333333333333,0.5833333333333334,0.08333333333333333,0.0
6422,3,soft_state_jump,16,3740,1,10,5,0.0625,0.625,0.3125,0.125,0.375,0.0625,0.0
6423,6,soft_dt_jump,12,1730,3,8,1,0.25,0.6666666666666666,0.08333333333333333,0.6666666666666666,0.16666666666666666,0.5,0.0
6424,7,soft_dt_jump,21,3220,10,11,0,0.47619047619047616,0.5238095238095238,0.0,0.14285714285714285,0.6666666666666666,0.09523809523809523,0.0
6425,3,soft_dt_jump,9,1780,1,6,2,0.1111111111111111,0.6666666666666666,0.2222222222222222,0.4444444444444444,0.1111111111111111,0.3333333333333333,0.0
6426,3,soft_dt_jump,22,1900,4,14,4,0.18181818181818182,0.6363636363636364,0.18181818181818182,0.18181818181818182,0.4090909090909091,0.13636363636363635,0.0
6427,3,soft_dt_jump,16,2800,4,10,2,0.25,0.625,0.125,0.375,0.375,0.3125,0.0
6428,3,soft_dt_jump,10,1630,2,5,3,0.2,0.5,0.3,0.2,0.3,0.2,0.0
6429,3,soft_state_jump,21,1870,6,14,1,0.2857142857142857,0.6666666666666666,0.047619047619047616,0.5238095238095238,0.23809523809523808,0.3333333333333333,0.0
6430,1,soft_dt_jump,56,9540,12,34,10,0.21428571428571427,0.6071428571428571,0.17857142857142858,0.42857142857142855,0.26785714285714285,0.2857142857142857,0.0
6431,2,max_duration_ms,8,850,2,6,0,0.25,0.75,0.0,0.125,0.625,0.0,0.0
6432,7,soft_state_jump,40,2240,31,7,2,0.775,0.175,0.05,0.1,0.775,0.075,0.0
6433,1,soft_dt_jump,43,5000,11,22,10,0.2558139534883721,0.5116279069767442,0.23255813953488372,0.3953488372093023,0.3023255813953488,0.20930232558139536,0.0
6434,3,soft_dt_jump,30,3510,8,16,6,0.26666666666666666,0.5333333333333333,0.2,0.1,0.43333333333333335,0.03333333333333333,0.0
6435,3,soft_dt_jump,18,3020,3,8,7,0.16666666666666666,0.4444444444444444,0.3888888888888889,0.3888888888888889,0.16666666666666666,0.16666666666666666,0.0
6436,6,soft_dt_jump,8,390,4,4,0,0.5,0.5,0.0,0.75,0.125,0.625,0.0
6437,3,soft_dt_jump,10,1180,5,3,2,0.5,0.3,0.2,0.2,0.5,0.1,0.0
6438,3,soft_dt_jump,12,1600,5,7,0,0.4166666666666667,0.5833333333333334,0.0,0.3333333333333333,0.4166666666666667,0.16666666666666666,0.0
6439,7,soft_dt_jump,13,690,6,5,2,0.46153846153846156,0.38461538461538464,0.15384615384615385,0.0,0.3076923076923077,0.0,0.0
6440,5,soft_dt_jump,24,2910,10,12,2,0.4166666666666667,0.5,0.08333333333333333,0.2916666666666667,0.08333333333333333,0.16666666666666666,0.4166666666666667
6441,7,soft_dt_jump,11,360,8,3,0,0.7272727272727273,0.2727272727272727,0.0,0.0,0.45454545454545453,0.0,0.0
6442,3,soft_dt_jump,19,3650,3,9,7,0.15789473684210525,0.47368421052631576,0.3684210526315789,0.3684210526315789,0.15789473684210525,0.2631578947368421,0.0
6443,6,soft_dt_jump,11,2150,5,5,1,0.45454545454545453,0.45454545454545453,0.09090909090909091,0.7272727272727273,0.09090909090909091,0.6363636363636364,0.0
6444,6,soft_dt_jump,18,1410,7,9,2,0.3888888888888889,0.5,0.1111111111111111,0.6666666666666666,0.1111111111111111,0.6666666666666666,0.0
6445,3,soft_dt_jump,8,930,1,4,3,0.125,0.5,0.375,0.375,0.0,0.375,0.0
6446,3,soft_state_jump,22,4340,5,13,4,0.22727272727272727,0.5909090909090909,0.18181818181818182,0.22727272727272727,0.36363636363636365,0.09090909090909091,0.0
6447,3,soft_dt_jump,14,1410,5,7,2,0.35714285714285715,0.5,0.14285714285714285,0.5,0.2857142857142857,0.42857142857142855,0.0
6448,3,soft_state_jump,19,3350,6,10,3,0.3157894736842105,0.5263157894736842,0.15789473684210525,0.47368421052631576,0.21052631578947367,0.2631578947368421,0.0
6449,3,soft_dt_jump,9,1020,4,3,2,0.4444444444444444,0.3333333333333333,0.2222222222222222,0.3333333333333333,0.4444444444444444,0.3333333333333333,0.0
6450,3,soft_dt_jump,12,3480,0,9,3,0.0,0.75,0.25,0.08333333333333333,0.3333333333333333,0.0,0.0
6451,7,soft_state_jump,10,300,7,3,0,0.7,0.3,0.0,0.0,0.7,0.0,0.0
6452,3,soft_dt_jump,25,3140,4,17,4,0.16,0.68,0.16,0.52,0.08,0.36,0.0
6453,3,soft_side_flip_with_dt_jump,39,6530,9,24,6,0.23076923076923078,0.6153846153846154,0.15384615384615385,0.28205128205128205,0.3076923076923077,0.1794871794871795,0.0
6454,3,soft_state_jump,20,2000,5,12,3,0.25,0.6,0.15,0.2,0.45,0.05,0.0
6455,3,soft_side_flip_with_dt_jump,13,770,6,6,1,0.46153846153846156,0.46153846153846156,0.07692307692307693,0.38461538461538464,0.46153846153846156,0.23076923076923078,0.0
6456,3,soft_dt_jump,24,5360,3,15,6,0.125,0.625,0.25,0.2916666666666667,0.25,0.20833333333333334,0.0
6457,3,soft_dt_jump,11,690,0,11,0,0.0,0.8888888888888888,0.0,0.0,0.9090909090909091,0.0,0.0
6458,3,soft_dt_jump,17,1700,4,6,7,0.23529411764705882,0.35294117647058826,0.4,0.5294117647058824,0.058823529411764705,0.4117647058823529,0.0
6459,6,soft_dt_jump,17,1700,5,10,2,0.29411764705882354,0.5882352941176471,0.11764705882352941,0.7058823529411765,0.058823529411764705,0.4117647058823529,0.0
6460,3,soft_dt_jump,26,2990,9,13,4,0.34615384615384615,0.5,0.15384615384615385,0.11538461538461539,0.5384615384615384,0.07692307692307693,0.0
6461,7,soft_dt_jump,8,440,4,3,1,0.5,0.375,0.125,0.0,0.75,0.0,0.0
6462,1,soft_dt_jump,31,5460,6,21,4,0.1935483870967742,0.6774193548387096,0.12903225806451613,0.2903225806451613,0.4838709677419355,0.16129032258064516,0.0
6463,3,soft_side_flip_with_dt_jump,17,3200,4,9,4,0.23529411764705882,0.5294117647058824,0.23529411764705882,0.5294117647058824,0.11764705882352941,0.4117647058823529,0.0
6464,2,soft_dt_jump,17,1400,8,8,1,0.47058823529411764,0.47058823529411764,0.058823529411764705,0.17647058823529413,0.6470588235294118,0.0,0.0
6465,7,soft_dt_jump,18,20,16,1,1,0.8888888888888888,0.05555555555555555,0.05555555555555555,0.0,0.9444444444444444,0.0,0.0
6466,2,soft_dt_jump,12,1290,1,9,2,0.08333333333333333,0.75,0.16666666666666666,0.16666666666666666,0.5,0.08333333333333333,0.0
6467,1,soft_state_jump,18,1540,4,7,7,0.2222222222222222,0.3888888888888889,0.3888888888888889,0.5555555555555556,0.0,0.3888888888888889,0.0
6468,1,soft_dt_jump,53,8080,21,22,10,0.39622641509433965,0.41509433962264153,0.18867924528301888,0.4339622641509434,0.32075471698113206,0.32075471698113206,0.0
6469,6,soft_dt_jump,11,1010,4,6,1,0.36363636363636365,0.5454545454545454,0.09090909090909091,0.36363636363636365,0.45454545454545453,0.36363636363636365,0.0
6470,7,soft_dt_jump,11,930,7,3,1,0.6363636363636364,0.2727272727272727,0.09090909090909091,0.2727272727272727,0.5454545454545454,0.18181818181818182,0.0
6471,3,soft_dt_jump,16,2070,7,5,4,0.4375,0.3125,0.25,0.0625,0.625,0.0,0.0
6472,7,soft_dt_jump,18,810,13,3,2,0.7222222222222222,0.16666666666666666,0.1111111111111111,0.05555555555555555,0.8333333333333334,0.0,0.0
6473,7,soft_dt_jump,9,760,5,3,1,0.5555555555555556,0.3333333333333333,0.1111111111111111,0.2222222222222222,0.6666666666666666,0.1111111111111111,0.0
6474,3,soft_dt_jump,17,2300,5,8,4,0.29411764705882354,0.47058823529411764,0.23529411764705882,0.35294117647058826,0.35294117647058826,0.29411764705882354,0.0
6475,7,soft_dt_jump,8,480,5,2,1,0.625,0.25,0.125,0.25,0.625,0.25,0.0
6476,7,soft_dt_jump,64,980,57,6,1,0.890625,0.09375,0.015625,0.078125,0.90625,0.046875,0.0
6477,7,max_events_per_episode,9,170,7,1,1,0.7777777777777778,0.1111111111111111,0.1111111111111111,0.2222222222222222,0.6666666666666666,0.1111111111111111,0.0
6478,6,soft_dt_jump,18,1080,8,7,3,0.4444444444444444,0.3888888888888889,0.16666666666666666,0.5555555555555556,0.2777777777777778,0.4444444444444444,0.0
6479,1,soft_dt_jump,29,3480,6,19,4,0.20689655172413793,0.6551724137931034,0.13793103448275862,0.3793103448275862,0.4482758620689655,0.27586206896551724,0.0
6480,7,soft_state_jump,11,800,6,2,3,0.5454545454545454,0.18181818181818182,0.2727272727272727,0.09090909090909091,0.6363636363636364,0.0,0.0
6481,2,soft_dt_jump,8,2010,0,5,3,0.0,0.625,0.375,0.5,0.0,0.125,0.0
6482,6,soft_state_jump,15,1420,7,4,4,0.4666666666666667,0.26666666666666666,0.26666666666666666,0.7333333333333333,0.0,0.6666666666666666,0.0
6483,1,soft_dt_jump,13,1400,3,7,3,0.23076923076923078,0.5384615384615384,0.23076923076923078,0.5384615384615384,0.15384615384615385,0.38461538461538464,0.0
6484,2,soft_state_jump,9,310,4,5,0,0.4444444444444444,0.5555555555555556,0.0,0.0,0.6666666666666666,0.0,0.0
6485,2,soft_dt_jump,10,920,5,5,0,0.5,0.5,0.0,0.3,0.6,0.2,0.0
6486,3,soft_dt_jump,13,1250,2,8,3,0.15384615384615385,0.6153846153846154,0.23076923076923078,0.23076923076923078,0.3076923076923077,0.07692307692307693,0.0
6487,3,soft_state_jump,12,2570,2,8,2,0.16666666666666666,0.6666666666666666,0.16666666666666666,0.4166666666666667,0.25,0.25,0.0
6488,1,soft_state_jump,50,6240,14,28,8,0.28,0.56,0.16,0.32,0.46,0.14,0.0
6489,7,soft_dt_jump,10,370,6,3,1,0.6,0.3,0.1,0.2,0.6,0.2,0.0
6490,1,soft_dt_jump,25,2200,5,13,7,0.2,0.52,0.28,0.24,0.48,0.16,0.0
6491,2,soft_dt_jump,12,1190,2,8,2,0.16666666666666666,0.6666666666666666,0.16666666666666666,0.4166666666666667,0.3333333333333333,0.16666666666666666,0.0
6492,3,soft_dt_jump,15,850,3,6,6,0.2,0.4,0.4,0.3333333333333333,0.2,0.13333333333333333,0.0
6493,1,soft_dt_jump,35,4660,12,21,2,0.34285714285714286,0.6,0.05714285714285714,0.2,0.7142857142857143,0.08571428571428572,0.0
6494,7,soft_dt_jump,20,550,14,3,3,0.7,0.15,0.15,0.1,0.75,0.05,0.0
6495,2,soft_dt_jump,15,1120,6,8,1,0.4,0.5333333333333333,0.06666666666666667,0.13333333333333333,0.6,0.06666666666666667,0.0
6496,7,soft_dt_jump,14,480,9,5,0,0.6428571428571429,0.35714285714285715,0.0,0.14285714285714285,0.8571428571428571,0.14285714285714285,0.0
6497,7,soft_dt_jump,41,1070,31,9,1,0.7560975609756098,0.21951219512195122,0.024390243902439025,0.12195121951219512,0.8048780487804879,0.07317073170731707,0.0
6498,7,soft_dt_jump,12,740,7,3,2,0.5833333333333334,0.25,0.16666666666666666,0.0,0.8333333333333334,0.0,0.0
6499,2,soft_dt_jump,22,1570,8,12,2,0.36363636363636365,0.5454545454545454,0.09090909090909091,0.22727272727272727,0.5909090909090909,0.13636363636363635,0.0
6500,7,soft_dt_jump,15,0,14,1,0,0.9333333333333333,0.06666666666666667,0.0,0.0,1.0,0.0,0.0
6501,7,soft_dt_jump,24,240,22,2,0,0.9166666666666666,0.08333333333333333,0.0,0.041666666666666664,0.9583333333333334,0.041666666666666664,0.0
6502,7,soft_dt_jump,8,110,5,3,0,0.625,0.375,0.0,0.0,0.875,0.0,0.0
6503,7,soft_dt_jump,23,1230,17,3,3,0.7391304347826086,0.13043478260869565,0.13043478260869565,0.08695652173913043,0.782608695652174,0.043478260869565216,0.0
6504,7,soft_dt_jump,14,520,7,6,1,0.5,0.42857142857142855,0.07142857142857142,0.07142857142857142,0.7857142857142857,0.07142857142857142,0.0
6505,2,soft_dt_jump,18,1270,5,10,3,0.2777777777777778,0.5555555555555556,0.16666666666666666,0.2222222222222222,0.6111111111111112,0.1111111111111111,0.0
6506,7,soft_dt_jump,8,320,5,3,0,0.625,0.375,0.0,0.0,1.0,0.0,0.0
6507,7,soft_dt_jump,14,570,10,3,1,0.7142857142857143,0.21428571428571427,0.07142857142857142,0.0,0.8571428571428571,0.0,0.0
6508,7,soft_dt_jump,26,90,24,1,1,0.9230769230769231,0.038461538461538464,0.038461538461538464,0.0,0.9615384615384616,0.0,0.0
6509,7,soft_dt_jump,8,180,5,2,1,0.625,0.25,0.125,0.0,0.875,0.0,0.0
6510,7,soft_dt_jump,9,120,6,3,0,0.6666666666666666,0.3333333333333333,0.0,0.1111111111111111,0.8888888888888888,0.0,0.0
6511,7,soft_dt_jump,11,150,6,5,0,0.5454545454545454,0.45454545454545453,0.0,0.2727272727272727,0.18181818181818182,0.09090909090909091,0.0
6512,2,soft_dt_jump,18,2440,0,12,6,0.0,0.6666666666666666,0.3333333333333333,0.16666666666666666,0.3888888888888889,0.1111111111111111,0.0
6513,7,soft_state_jump,64,2540,45,15,4,0.703125,0.234375,0.0625,0.265625,0.65625,0.1875,0.0
6514,1,max_events_per_episode,42,3230,22,12,8,0.5238095238095238,0.2857142857142857,0.19047619047619047,0.5952380952380952,0.21428571428571427,0.5,0.0
6515,7,soft_dt_jump,64,480,61,2,1,0.953125,0.03125,0.015625,0.0,0.984375,0.0,0.0
6516,7,max_events_per_episode,22,0,22,0,0,1.0,0.0,0.0,0.0,1.0,0.0,0.0
6517,3,soft_dt_jump,11,490,2,4,5,0.18181818181818182,0.36363636363636365,0.4,0.09090909090909091,0.36363636363636365,0.09090909090909091,0.0
6518,1,soft_dt_jump,41,4240,14,18,9,0.34146341463414637,0.43902439024390244,0.21951219512195122,0.4878048780487805,0.24390243902439024,0.43902439024390244,0.0
6519,2,soft_dt_jump,11,440,5,5,1,0.45454545454545453,0.45454545454545453,0.09090909090909091,0.18181818181818182,0.6363636363636364,0.09090909090909091,0.0
6520,1,soft_dt_jump,24,2540,3,13,8,0.125,0.5416666666666666,0.3333333333333333,0.5416666666666666,0.08333333333333333,0.5,0.0
6521,7,soft_state_jump,15,1320,10,4,1,0.6666666666666666,0.26666666666666666,0.06666666666666667,0.06666666666666667,0.8666666666666667,0.06666666666666667,0.0
6522,3,soft_dt_jump,9,180,1,3,5,0.1111111111111111,0.3333333333333333,0.4,0.4444444444444444,0.0,0.3333333333333333,0.0
6523,7,soft_dt_jump,8,240,5,2,1,0.625,0.25,0.125,0.0,0.875,0.0,0.0
6524,7,soft_dt_jump,13,0,12,1,0,0.9230769230769231,0.07692307692307693,0.0,0.0,1.0,0.0,0.0
6525,7,soft_dt_jump,13,930,6,4,3,0.46153846153846156,0.3076923076923077,0.23076923076923078,0.07692307692307693,0.6153846153846154,0.0,0.0
6526,7,soft_state_jump,56,500,45,9,2,0.8035714285714286,0.16071428571428573,0.03571428571428571,0.05357142857142857,0.9107142857142857,0.017857142857142856,0.0
6527,1,soft_dt_jump,26,2400,7,14,5,0.2692307692307692,0.5384615384615384,0.19230769230769232,0.4230769230769231,0.3076923076923077,0.38461538461538464,0.0
6528,7,soft_state_jump,26,330,23,3,0,0.8846153846153846,0.11538461538461539,0.0,0.0,1.0,0.0,0.0
6529,2,soft_dt_jump,22,1210,9,8,5,0.4090909090909091,0.36363636363636365,0.22727272727272727,0.13636363636363635,0.5909090909090909,0.13636363636363635,0.0
6530,3,soft_dt_jump,10,280,3,4,3,0.3,0.4,0.3,0.3,0.3,0.3,0.0
6531,7,soft_dt_jump,19,920,8,8,3,0.42105263157894735,0.42105263157894735,0.15789473684210525,0.15789473684210525,0.5789473684210527,0.15789473684210525,0.0
6532,2,soft_dt_jump,11,580,4,6,1,0.36363636363636365,0.5454545454545454,0.09090909090909091,0.18181818181818182,0.7272727272727273,0.09090909090909091,0.0
6533,6,soft_dt_jump,8,370,4,2,2,0.5,0.25,0.25,0.625,0.0,0.625,0.0
6534,7,soft_dt_jump,40,1220,28,8,4,0.7,0.2,0.1,0.075,0.775,0.05,0.0
6535,7,soft_dt_jump,15,320,10,3,2,0.6666666666666666,0.2,0.13333333333333333,0.0,0.3333333333333333,0.0,0.0
6536,7,soft_dt_jump,8,490,5,3,0,0.625,0.375,0.0,0.0,0.125,0.0,0.0
6537,2,soft_dt_jump,15,1550,1,12,2,0.06666666666666667,0.8,0.13333333333333333,0.26666666666666666,0.4666666666666667,0.13333333333333333,0.0
6538,1,soft_state_jump,21,2330,4,12,5,0.19047619047619047,0.5714285714285714,0.23809523809523808,0.47619047619047616,0.14285714285714285,0.38095238095238093,0.0
6539,7,soft_dt_jump,34,1710,18,14,2,0.5294117647058824,0.4117647058823529,0.058823529411764705,0.35294117647058826,0.5882352941176471,0.3235294117647059,0.0
6540,7,soft_dt_jump,39,1870,21,13,5,0.5384615384615384,0.3333333333333333,0.1282051282051282,0.20512820512820512,0.6153846153846154,0.1794871794871795,0.0
6541,6,soft_dt_jump,12,410,5,6,1,0.4166666666666667,0.5,0.08333333333333333,0.5833333333333334,0.08333333333333333,0.4166666666666667,0.0
6542,7,soft_dt_jump,25,860,14,7,4,0.56,0.28,0.16,0.12,0.68,0.08,0.0
6543,2,soft_dt_jump,11,420,4,5,2,0.36363636363636365,0.45454545454545453,0.18181818181818182,0.36363636363636365,0.45454545454545453,0.2727272727272727,0.0
6544,7,soft_dt_jump,10,80,8,1,1,0.8,0.1,0.1,0.0,0.6,0.0,0.0
6545,2,soft_dt_jump,16,2400,2,11,3,0.125,0.6875,0.1875,0.4375,0.25,0.3125,0.0
6546,6,soft_state_jump,20,820,7,12,1,0.35,0.6,0.05,0.7,0.2,0.65,0.0
6547,1,soft_dt_jump,48,3050,18,23,7,0.375,0.4791666666666667,0.14583333333333334,0.3958333333333333,0.3958333333333333,0.3333333333333333,0.0
6548,1,soft_dt_jump,19,1320,2,10,7,0.10526315789473684,0.5263157894736842,0.3684210526315789,0.42105263157894735,0.15789473684210525,0.21052631578947367,0.0
6549,1,soft_dt_jump,30,2210,3,18,9,0.1,0.6,0.3,0.36666666666666664,0.26666666666666666,0.23333333333333334,0.0
6550,7,soft_state_jump,9,620,4,2,3,0.4444444444444444,0.2222222222222222,0.3333333333333333,0.0,0.6666666666666666,0.0,0.0
6551,7,soft_dt_jump,38,120,35,2,1,0.9210526315789473,0.05263157894736842,0.02631578947368421,0.0,0.9736842105263158,0.0,0.0
6552,7,soft_dt_jump,28,1050,13,12,3,0.4642857142857143,0.42857142857142855,0.10714285714285714,0.25,0.6428571428571429,0.21428571428571427,0.0
6553,2,soft_dt_jump,17,570,5,8,4,0.29411764705882354,0.47058823529411764,0.23529411764705882,0.23529411764705882,0.5294117647058824,0.23529411764705882,0.0
6554,7,soft_dt_jump,20,150,17,2,1,0.85,0.1,0.05,0.05,0.85,0.05,0.0
6555,3,soft_dt_jump,22,1100,10,5,7,0.45454545454545453,0.22727272727272727,0.3181818181818182,0.18181818181818182,0.5,0.13636363636363635,0.0
6556,7,soft_dt_jump,19,500,8,7,4,0.42105263157894735,0.3684210526315789,0.21052631578947367,0.05263157894736842,0.6842105263157895,0.0,0.0
6557,7,soft_dt_jump,27,650,16,9,2,0.5925925925925926,0.3333333333333333,0.07407407407407407,0.07407407407407407,0.8518518518518519,0.037037037037037035,0.0
6558,3,soft_dt_jump,26,1420,8,11,7,0.3076923076923077,0.4230769230769231,0.2692307692307692,0.07692307692307693,0.5,0.038461538461538464,0.0
6559,3,soft_dt_jump,15,650,4,8,3,0.26666666666666666,0.5333333333333333,0.2,0.0,0.6666666666666666,0.0,0.0
6560,3,soft_dt_jump,39,2670,10,21,8,0.2564102564102564,0.5384615384615384,0.20512820512820512,0.02564102564102564,0.5897435897435898,0.0,0.0
6561,7,soft_dt_jump,49,200,46,3,0,0.9387755102040817,0.061224489795918366,0.0,0.0,0.22448979591836735,0.0,0.0
6562,1,soft_dt_jump,28,2390,3,18,7,0.10714285714285714,0.6428571428571429,0.25,0.35714285714285715,0.17857142857142858,0.32142857142857145,0.0
6563,0,soft_dt_jump,19,400,16,3,0,0.8421052631578947,0.15789473684210525,0.0,1.0,0.0,0.5263157894736842,0.0
6564,3,soft_dt_jump,28,1710,12,10,6,0.42857142857142855,0.35714285714285715,0.21428571428571427,0.32142857142857145,0.35714285714285715,0.2857142857142857,0.0
6565,6,soft_dt_jump,16,1310,3,11,2,0.1875,0.6875,0.125,0.625,0.125,0.5,0.0
6566,3,soft_state_jump,14,1310,5,8,1,0.35714285714285715,0.5714285714285714,0.07142857142857142,0.0,0.42857142857142855,0.0,0.0
6567,3,soft_dt_jump,14,1070,3,6,5,0.21428571428571427,0.42857142857142855,0.35714285714285715,0.0,0.2857142857142857,0.0,0.0
6568,7,soft_dt_jump,64,2510,36,21,7,0.5625,0.328125,0.109375,0.0625,0.375,0.03125,0.0
6569,7,max_events_per_episode,29,680,24,4,1,0.8275862068965517,0.13793103448275862,0.034482758620689655,0.0,0.7931034482758621,0.0,0.034482758620689655
6570,5,soft_dt_jump,21,1490,8,10,3,0.38095238095238093,0.47619047619047616,0.14285714285714285,0.0,0.42857142857142855,0.0,0.23809523809523808
6571,5,soft_dt_jump,16,920,2,12,2,0.125,0.75,0.125,0.0625,0.125,0.0625,0.375
6572,1,soft_state_jump,48,4440,6,29,13,0.125,0.6041666666666666,0.2708333333333333,0.3541666666666667,0.2916666666666667,0.2708333333333333,0.0
6573,7,soft_dt_jump,8,160,6,1,1,0.75,0.125,0.125,0.0,0.75,0.0,0.0
6574,1,soft_dt_jump,30,2310,8,17,5,0.26666666666666666,0.5666666666666667,0.16666666666666666,0.36666666666666664,0.4,0.3333333333333333,0.0
6575,0,soft_dt_jump,39,1100,26,13,0,0.6666666666666666,0.3333333333333333,0.0,0.7435897435897436,0.15384615384615385,0.7435897435897436,0.0
6576,1,soft_dt_jump,29,2390,10,17,2,0.3448275862068966,0.5862068965517241,0.06896551724137931,0.3103448275862069,0.3793103448275862,0.27586206896551724,0.0
6577,3,soft_dt_jump,12,940,2,7,3,0.16666666666666666,0.5833333333333334,0.25,0.16666666666666666,0.4166666666666667,0.16666666666666666,0.0
6578,7,soft_state_jump,8,50,6,1,1,0.75,0.125,0.125,0.0,0.75,0.0,0.0
6579,7,soft_dt_jump,35,830,25,8,2,0.7142857142857143,0.22857142857142856,0.05714285714285714,0.2,0.6857142857142857,0.17142857142857143,0.0
6580,6,soft_dt_jump,10,530,4,4,2,0.4,0.4,0.2,0.4,0.2,0.4,0.0
6581,3,soft_dt_jump,9,1030,0,7,2,0.0,0.7777777777777778,0.2222222222222222,0.2222222222222222,0.1111111111111111,0.2222222222222222,0.0
6582,3,soft_state_jump,20,2330,3,12,5,0.15,0.6,0.25,0.25,0.3,0.25,0.0
6583,1,soft_state_jump,36,1840,5,26,5,0.1388888888888889,0.7222222222222222,0.1388888888888889,0.3611111111111111,0.3055555555555556,0.3055555555555556,0.0
6584,3,soft_dt_jump,9,620,1,5,3,0.1111111111111111,0.5555555555555556,0.3333333333333333,0.1111111111111111,0.2222222222222222,0.1111111111111111,0.0
6585,2,soft_state_jump,8,140,3,5,0,0.375,0.625,0.0,0.0,0.625,0.0,0.0
6586,3,soft_dt_jump,10,600,3,7,0,0.3,0.7,0.0,0.3,0.4,0.2,0.0
6587,3,soft_dt_jump,32,2610,9,17,6,0.28125,0.53125,0.1875,0.0625,0.53125,0.0,0.0
6588,3,soft_dt_jump,30,3480,5,22,3,0.16666666666666666,0.7333333333333333,0.1,0.13333333333333333,0.43333333333333335,0.03333333333333333,0.0
6589,7,soft_dt_jump,8,150,4,3,1,0.5,0.375,0.125,0.0,0.75,0.0,0.0
6590,3,soft_dt_jump,17,1840,5,12,0,0.29411764705882354,0.7058823529411765,0.0,0.23529411764705882,0.5294117647058824,0.23529411764705882,0.0
6591,3,soft_dt_jump,46,3920,8,27,11,0.17391304347826086,0.5869565217391305,0.2391304347826087,0.10869565217391304,0.3695652173913043,0.043478260869565216,0.0
6592,1,soft_dt_jump,46,3730,10,28,8,0.21739130434782608,0.6086956521739131,0.17391304347826086,0.15217391304347827,0.4782608695652174,0.08695652173913043,0.0
6593,7,soft_dt_jump,9,0,8,1,0,0.8888888888888888,0.1111111111111111,0.0,0.0,0.8888888888888888,0.0,0.0
6594,7,soft_dt_jump,11,180,7,4,0,0.6363636363636364,0.36363636363636365,0.0,0.09090909090909091,0.9090909090909091,0.09090909090909091,0.0
6595,3,soft_dt_jump,17,990,5,10,2,0.29411764705882354,0.5882352941176471,0.11764705882352941,0.23529411764705882,0.47058823529411764,0.17647058823529413,0.0
6596,7,soft_dt_jump,10,380,5,4,1,0.5,0.4,0.1,0.0,0.7,0.0,0.0
6597,3,soft_dt_jump,27,1150,9,16,2,0.3333333333333333,0.5925925925925926,0.07407407407407407,0.37037037037037035,0.2962962962962963,0.2962962962962963,0.0
6598,3,soft_dt_jump,24,1460,6,14,4,0.25,0.5833333333333334,0.16666666666666666,0.125,0.4583333333333333,0.08333333333333333,0.0
6599,3,soft_state_jump,23,1280,10,9,4,0.43478260869565216,0.391304347826087,0.17391304347826086,0.17391304347826086,0.5652173913043478,0.17391304347826086,0.0
6600,7,soft_dt_jump,9,10,7,1,1,0.7777777777777778,0.1111111111111111,0.1111111111111111,0.0,0.8888888888888888,0.0,0.0
6601,7,soft_dt_jump,17,860,12,5,0,0.7058823529411765,0.29411764705882354,0.0,0.11764705882352941,0.8235294117647058,0.058823529411764705,0.0
6602,1,soft_dt_jump,26,2670,5,17,4,0.19230769230769232,0.6538461538461539,0.15384615384615385,0.5384615384615384,0.038461538461538464,0.3076923076923077,0.0
6603,0,soft_state_jump,19,660,11,4,4,0.5789473684210527,0.21052631578947367,0.21052631578947367,0.5263157894736842,0.15789473684210525,0.5263157894736842,0.0
6604,3,soft_dt_jump,13,1030,3,8,2,0.23076923076923078,0.6153846153846154,0.15384615384615385,0.07692307692307693,0.6153846153846154,0.07692307692307693,0.0
6605,7,soft_dt_jump,11,850,6,5,0,0.5454545454545454,0.45454545454545453,0.0,0.0,0.6363636363636364,0.0,0.0
6606,3,soft_dt_jump,16,1370,1,13,2,0.0625,0.8125,0.125,0.25,0.3125,0.125,0.0
6607,3,soft_side_flip_with_dt_jump,32,2610,8,19,5,0.25,0.59375,0.15625,0.125,0.59375,0.09375,0.0
6608,3,soft_dt_jump,10,470,4,4,2,0.4,0.4,0.2,0.1,0.6,0.1,0.0
6609,7,soft_dt_jump,14,790,7,7,0,0.5,0.5,0.0,0.14285714285714285,0.7857142857142857,0.14285714285714285,0.0
6610,3,soft_dt_jump,17,1250,6,10,1,0.35294117647058826,0.5882352941176471,0.058823529411764705,0.17647058823529413,0.5882352941176471,0.058823529411764705,0.0
6611,3,soft_dt_jump,8,300,1,5,2,0.125,0.625,0.25,0.25,0.375,0.125,0.0
6612,3,soft_side_flip_with_dt_jump,35,4490,11,19,5,0.3142857142857143,0.5428571428571428,0.14285714285714285,0.11428571428571428,0.5428571428571428,0.08571428571428572,0.0
6613,3,soft_dt_jump,10,790,3,7,0,0.3,0.7,0.0,0.4,0.5,0.3,0.0
6614,7,soft_side_flip_with_dt_jump,8,190,5,3,0,0.625,0.375,0.0,0.0,0.875,0.0,0.0
6615,6,soft_dt_jump,10,570,5,4,1,0.5,0.4,0.1,0.5,0.4,0.5,0.0
6616,3,soft_dt_jump,13,1400,3,10,0,0.23076923076923078,0.7692307692307693,0.0,0.07692307692307693,0.6923076923076923,0.07692307692307693,0.0
6617,3,soft_state_jump,9,500,2,6,1,0.2222222222222222,0.6666666666666666,0.1111111111111111,0.3333333333333333,0.4444444444444444,0.2222222222222222,0.0
6618,6,soft_dt_jump,10,250,6,4,0,0.6,0.4,0.0,0.8,0.0,0.8,0.0
6619,3,soft_dt_jump,33,4280,7,19,7,0.21212121212121213,0.5757575757575758,0.21212121212121213,0.21212121212121213,0.3939393939393939,0.21212121212121213,0.0
6620,0,soft_state_jump,16,60,14,2,0,0.875,0.125,0.0,0.9375,0.0625,0.9375,0.0
6621,1,soft_dt_jump,29,2160,8,20,1,0.27586206896551724,0.6896551724137931,0.034482758620689655,0.4482758620689655,0.3103448275862069,0.3793103448275862,0.0
6622,3,soft_dt_jump,19,1550,2,12,5,0.10526315789473684,0.631578947368421,0.2631578947368421,0.0,0.21052631578947367,0.0,0.0
6623,3,soft_dt_jump,27,2310,7,19,1,0.25925925925925924,0.7037037037037037,0.037037037037037035,0.07407407407407407,0.3333333333333333,0.0,0.0
6624,1,soft_dt_jump,44,4460,8,28,8,0.18181818181818182,0.6363636363636364,0.18181818181818182,0.13636363636363635,0.3409090909090909,0.045454545454545456,0.0
6625,3,soft_dt_jump,33,5180,4,23,6,0.12121212121212122,0.696969696969697,0.18181818181818182,0.06060606060606061,0.30303030303030304,0.030303030303030304,0.0
6626,3,soft_dt_jump,16,1250,7,8,1,0.4375,0.5,0.0625,0.0625,0.5625,0.0625,0.0
6627,2,soft_dt_jump,8,330,3,5,0,0.375,0.625,0.0,0.0,0.75,0.0,0.0
6628,7,soft_dt_jump,12,950,7,3,2,0.5833333333333334,0.25,0.16666666666666666,0.0,0.8333333333333334,0.0,0.0
6629,3,soft_dt_jump,14,2320,1,9,4,0.07142857142857142,0.6428571428571429,0.2857142857142857,0.07142857142857142,0.2857142857142857,0.07142857142857142,0.0
6630,1,soft_state_jump,22,2410,1,17,4,0.045454545454545456,0.7727272727272727,0.18181818181818182,0.5,0.18181818181818182,0.4090909090909091,0.0
6631,6,soft_state_jump,18,1190,6,11,1,0.3333333333333333,0.6111111111111112,0.05555555555555555,0.6666666666666666,0.05555555555555555,0.5555555555555556,0.0
6632,0,soft_dt_jump,8,440,5,3,0,0.625,0.375,0.0,1.0,0.0,1.0,0.0
6633,2,soft_dt_jump,9,470,3,6,0,0.3333333333333333,0.6666666666666666,0.0,0.3333333333333333,0.5555555555555556,0.1111111111111111,0.0
6634,3,soft_state_jump,25,2810,5,14,6,0.2,0.56,0.24,0.44,0.16,0.4,0.0
6635,6,soft_dt_jump,14,1200,6,8,0,0.42857142857142855,0.5714285714285714,0.0,0.5714285714285714,0.2857142857142857,0.5714285714285714,0.0
6636,7,soft_dt_jump,13,320,8,4,1,0.6153846153846154,0.3076923076923077,0.07692307692307693,0.15384615384615385,0.6923076923076923,0.15384615384615385,0.0
6637,2,soft_dt_jump,13,1110,6,6,1,0.46153846153846156,0.46153846153846156,0.07692307692307693,0.23076923076923078,0.46153846153846156,0.23076923076923078,0.0
6638,3,soft_dt_jump,12,830,2,8,2,0.16666666666666666,0.6666666666666666,0.16666666666666666,0.3333333333333333,0.4166666666666667,0.3333333333333333,0.0
6639,7,soft_dt_jump,39,410,34,4,1,0.8717948717948718,0.10256410256410256,0.02564102564102564,0.05128205128205128,0.8717948717948718,0.05128205128205128,0.0
6640,3,soft_dt_jump,18,2780,2,15,1,0.1111111111111111,0.8333333333333334,0.05555555555555555,0.4444444444444444,0.2222222222222222,0.3333333333333333,0.0
6641,3,soft_state_jump,13,1070,6,7,0,0.46153846153846156,0.5384615384615384,0.0,0.07692307692307693,0.7692307692307693,0.0,0.0
6642,3,soft_dt_jump,13,1600,0,8,5,0.0,0.6153846153846154,0.38461538461538464,0.23076923076923078,0.15384615384615385,0.07692307692307693,0.0
6643,7,soft_state_jump,20,890,11,6,3,0.55,0.3,0.15,0.4,0.4,0.4,0.0
6644,2,soft_dt_jump,14,1660,4,8,2,0.2857142857142857,0.5714285714285714,0.14285714285714285,0.21428571428571427,0.5714285714285714,0.0,0.0
6645,7,soft_dt_jump,21,1340,11,8,2,0.5238095238095238,0.38095238095238093,0.09523809523809523,0.14285714285714285,0.7142857142857143,0.047619047619047616,0.0
6646,3,soft_dt_jump,33,3250,11,18,4,0.3333333333333333,0.5454545454545454,0.12121212121212122,0.09090909090909091,0.6060606060606061,0.09090909090909091,0.0
6647,7,soft_dt_jump,22,700,12,8,2,0.5454545454545454,0.36363636363636365,0.09090909090909091,0.18181818181818182,0.45454545454545453,0.18181818181818182,0.0
6648,7,soft_dt_jump,27,20,25,2,0,0.9259259259259259,0.07407407407407407,0.0,0.0,0.5555555555555556,0.0,0.0
6649,7,soft_dt_jump,9,70,6,2,1,0.6666666666666666,0.2222222222222222,0.1111111111111111,0.0,0.0,0.0,0.0
6650,7,soft_dt_jump,11,390,6,4,1,0.5454545454545454,0.36363636363636365,0.09090909090909091,0.0,0.2727272727272727,0.0,0.0
6651,7,soft_dt_jump,20,150,13,6,1,0.65,0.3,0.05,0.05,0.15,0.05,0.0
6652,7,soft_dt_jump,18,1200,9,6,3,0.5,0.3333333333333333,0.16666666666666666,0.0,0.2777777777777778,0.0,0.0
6653,7,soft_dt_jump,9,140,6,2,1,0.6666666666666666,0.2222222222222222,0.1111111111111111,0.0,0.0,0.0,0.0
6654,7,soft_dt_jump,11,0,10,1,0,0.9090909090909091,0.09090909090909091,0.0,0.0,0.0,0.0,0.0
6655,7,soft_dt_jump,19,1140,9,6,4,0.47368421052631576,0.3157894736842105,0.21052631578947367,0.15789473684210525,0.47368421052631576,0.10526315789473684,0.0
6656,7,soft_dt_jump,18,100,15,3,0,0.8333333333333334,0.16666666666666666,0.0,0.0,0.8333333333333334,0.0,0.0
6657,1,soft_dt_jump,22,2680,5,11,6,0.22727272727272727,0.5,0.2727272727272727,0.45454545454545453,0.13636363636363635,0.4090909090909091,0.0
6658,7,soft_dt_jump,8,390,5,3,0,0.625,0.375,0.0,0.0,1.0,0.0,0.0
6659,1,soft_dt_jump,50,3580,24,21,5,0.48,0.42,0.1,0.22,0.6,0.1,0.0
6660,2,soft_dt_jump,13,820,4,8,1,0.3076923076923077,0.6153846153846154,0.07692307692307693,0.3076923076923077,0.5384615384615384,0.07692307692307693,0.0
6661,1,soft_dt_jump,24,1620,6,13,5,0.25,0.5416666666666666,0.20833333333333334,0.20833333333333334,0.4583333333333333,0.16666666666666666,0.0
6662,6,soft_dt_jump,10,560,3,6,1,0.3,0.6,0.1,0.6,0.3,0.5,0.0
6663,3,soft_state_jump,11,820,3,7,1,0.2727272727272727,0.6363636363636364,0.09090909090909091,0.09090909090909091,0.5454545454545454,0.0,0.0
6664,3,soft_dt_jump,16,1360,4,9,3,0.25,0.5625,0.1875,0.5,0.25,0.375,0.0
6665,3,soft_dt_jump,17,1890,4,10,3,0.23529411764705882,0.5882352941176471,0.17647058823529413,0.29411764705882354,0.47058823529411764,0.23529411764705882,0.0
6666,1,soft_dt_jump,28,3030,9,14,5,0.32142857142857145,0.5,0.17857142857142858,0.25,0.42857142857142855,0.14285714285714285,0.0
6667,7,soft_dt_jump,15,810,8,5,2,0.5333333333333333,0.3333333333333333,0.13333333333333333,0.26666666666666666,0.6,0.26666666666666666,0.0
6668,3,soft_dt_jump,14,2720,0,9,5,0.0,0.6428571428571429,0.35714285714285715,0.21428571428571427,0.42857142857142855,0.14285714285714285,0.0
6669,2,soft_state_jump,15,1720,4,9,2,0.26666666666666666,0.6,0.13333333333333333,0.26666666666666666,0.4666666666666667,0.2,0.0
6670,2,soft_dt_jump,12,740,4,6,2,0.3333333333333333,0.5,0.16666666666666666,0.5,0.25,0.3333333333333333,0.0
6671,1,soft_dt_jump,29,2570,12,15,2,0.41379310344827586,0.5172413793103449,0.06896551724137931,0.27586206896551724,0.4827586206896552,0.27586206896551724,0.0
6672,7,soft_dt_jump,13,430,7,6,0,0.5384615384615384,0.46153846153846156,0.0,0.38461538461538464,0.5384615384615384,0.3076923076923077,0.0
6673,7,soft_dt_jump,26,1470,13,10,3,0.5,0.38461538461538464,0.11538461538461539,0.15384615384615385,0.6153846153846154,0.11538461538461539,0.0
6674,6,soft_dt_jump,9,310,4,4,1,0.4444444444444444,0.4444444444444444,0.1111111111111111,0.4444444444444444,0.4444444444444444,0.3333333333333333,0.0
6675,7,soft_dt_jump,16,670,9,4,3,0.5625,0.25,0.1875,0.0,0.75,0.0,0.0
6676,7,soft_dt_jump,9,130,7,1,1,0.7777777777777778,0.1111111111111111,0.1111111111111111,0.0,0.8888888888888888,0.0,0.0
6677,3,soft_dt_jump,13,1880,4,5,4,0.3076923076923077,0.38461538461538464,0.3076923076923077,0.23076923076923078,0.46153846153846156,0.15384615384615385,0.0
6678,7,soft_dt_jump,20,1510,12,8,0,0.6,0.4,0.0,0.05,0.75,0.05,0.0
6679,3,soft_dt_jump,11,490,1,6,4,0.09090909090909091,0.5454545454545454,0.36363636363636365,0.09090909090909091,0.36363636363636365,0.0,0.0
6680,0,soft_side_flip_with_dt_jump,29,960,21,7,1,0.7241379310344828,0.2413793103448276,0.034482758620689655,0.7586206896551724,0.13793103448275862,0.7586206896551724,0.0
6681,3,soft_dt_jump,23,1590,9,10,4,0.391304347826087,0.43478260869565216,0.17391304347826086,0.08695652173913043,0.5652173913043478,0.08695652173913043,0.0
6682,3,soft_dt_jump,12,1400,5,6,1,0.4166666666666667,0.5,0.08333333333333333,0.4166666666666667,0.5,0.4166666666666667,0.0
6683,1,soft_dt_jump,40,3340,10,24,6,0.25,0.6,0.15,0.35,0.4,0.225,0.0
6684,3,soft_dt_jump,19,1160,4,12,3,0.21052631578947367,0.631578947368421,0.15789473684210525,0.3684210526315789,0.3157894736842105,0.3684210526315789,0.0
6685,6,soft_dt_jump,8,130,3,4,1,0.375,0.5,0.125,0.625,0.25,0.625,0.0
6686,3,soft_dt_jump,11,650,2,7,2,0.18181818181818182,0.6363636363636364,0.18181818181818182,0.45454545454545453,0.18181818181818182,0.36363636363636365,0.0
6687,3,soft_dt_jump,10,670,2,6,2,0.2,0.6,0.2,0.2,0.4,0.1,0.0
6688,3,soft_dt_jump,29,3940,6,17,6,0.20689655172413793,0.5862068965517241,0.20689655172413793,0.1724137931034483,0.3793103448275862,0.06896551724137931,0.0
6689,6,soft_state_jump,16,1010,5,10,1,0.3125,0.625,0.0625,0.5,0.4375,0.5,0.0
6690,6,soft_dt_jump,14,570,5,8,1,0.35714285714285715,0.5714285714285714,0.07142857142857142,0.35714285714285715,0.42857142857142855,0.35714285714285715,0.0
6691,3,soft_dt_jump,20,3550,4,12,4,0.2,0.6,0.2,0.2,0.5,0.15,0.0
6692,3,soft_state_jump,8,340,1,6,1,0.125,0.75,0.125,0.375,0.25,0.25,0.0
6693,7,soft_side_flip_with_dt_jump,8,230,5,3,0,0.625,0.375,0.0,0.125,0.875,0.125,0.0
6694,3,soft_dt_jump,14,1730,4,7,3,0.2857142857142857,0.5,0.21428571428571427,0.5,0.2857142857142857,0.42857142857142855,0.0
6695,3,soft_state_jump,13,1310,4,7,2,0.3076923076923077,0.5384615384615384,0.15384615384615385,0.23076923076923078,0.5384615384615384,0.15384615384615385,0.0
6696,7,soft_dt_jump,11,450,6,4,1,0.5454545454545454,0.36363636363636365,0.09090909090909091,0.18181818181818182,0.7272727272727273,0.18181818181818182,0.0
6697,7,soft_dt_jump,11,410,5,3,3,0.45454545454545453,0.2727272727272727,0.2727272727272727,0.18181818181818182,0.36363636363636365,0.18181818181818182,0.0
6698,3,soft_dt_jump,12,1140,3,5,4,0.25,0.4166666666666667,0.3333333333333333,0.3333333333333333,0.25,0.3333333333333333,0.0
6699,7,soft_dt_jump,14,710,8,4,2,0.5714285714285714,0.2857142857142857,0.14285714285714285,0.07142857142857142,0.7142857142857143,0.07142857142857142,0.0
6700,6,soft_dt_jump,15,1200,3,10,2,0.2,0.6666666666666666,0.13333333333333333,0.6,0.13333333333333333,0.6,0.0
6701,7,soft_state_jump,21,890,12,8,1,0.5714285714285714,0.38095238095238093,0.047619047619047616,0.09523809523809523,0.8095238095238095,0.047619047619047616,0.0
6702,7,soft_dt_jump,27,2100,19,8,0,0.7037037037037037,0.2962962962962963,0.0,0.07407407407407407,0.8518518518518519,0.07407407407407407,0.0
6703,7,soft_dt_jump,18,1080,9,8,1,0.5,0.4444444444444444,0.05555555555555555,0.05555555555555555,0.6111111111111112,0.05555555555555555,0.0
6704,7,soft_dt_jump,56,1150,43,11,2,0.7678571428571429,0.19642857142857142,0.03571428571428571,0.08928571428571429,0.8392857142857143,0.07142857142857142,0.0
6705,7,soft_dt_jump,15,420,8,7,0,0.5333333333333333,0.4666666666666667,0.0,0.26666666666666666,0.6,0.2,0.0
6706,7,soft_dt_jump,9,60,7,2,0,0.7777777777777778,0.2222222222222222,0.0,0.2222222222222222,0.7777777777777778,0.2222222222222222,0.0
6707,3,soft_dt_jump,38,4840,7,22,9,0.18421052631578946,0.5789473684210527,0.23684210526315788,0.34210526315789475,0.2894736842105263,0.34210526315789475,0.0
6708,7,soft_state_jump,9,470,6,2,1,0.6666666666666666,0.2222222222222222,0.1111111111111111,0.0,0.7777777777777778,0.0,0.0
6709,3,soft_dt_jump,20,1890,4,13,3,0.2,0.65,0.15,0.4,0.35,0.2,0.0
6710,3,soft_state_jump,28,3300,8,17,3,0.2857142857142857,0.6071428571428571,0.10714285714285714,0.17857142857142858,0.5714285714285714,0.10714285714285714,0.0
6711,3,soft_side_flip_with_dt_jump,32,2570,10,15,7,0.3125,0.46875,0.21875,0.21875,0.46875,0.15625,0.0
6712,7,soft_dt_jump,13,280,8,5,0,0.6153846153846154,0.38461538461538464,0.0,0.0,1.0,0.0,0.0
6713,3,soft_dt_jump,19,2240,3,12,4,0.15789473684210525,0.631578947368421,0.21052631578947367,0.10526315789473684,0.5789473684210527,0.10526315789473684,0.0
6714,3,soft_state_jump,26,2690,4,19,3,0.15384615384615385,0.7307692307692307,0.11538461538461539,0.2692307692307692,0.5384615384615384,0.19230769230769232,0.0
6715,3,soft_dt_jump,25,2850,5,16,4,0.2,0.64,0.16,0.28,0.44,0.24,0.0
6716,3,soft_state_jump,26,2790,10,13,3,0.38461538461538464,0.5,0.11538461538461539,0.19230769230769232,0.6153846153846154,0.15384615384615385,0.0
6717,7,soft_dt_jump,22,0,21,1,0,0.9545454545454546,0.045454545454545456,0.0,0.0,1.0,0.0,0.0
6718,3,soft_dt_jump,18,1370,3,13,2,0.16666666666666666,0.7222222222222222,0.1111111111111111,0.1111111111111111,0.5555555555555556,0.1111111111111111,0.0
6719,3,soft_side_flip_with_dt_jump,14,1270,6,7,1,0.42857142857142855,0.5,0.07142857142857142,0.14285714285714285,0.6428571428571429,0.14285714285714285,0.0
6720,7,soft_state_jump,9,220,6,3,0,0.6666666666666666,0.3333333333333333,0.0,0.2222222222222222,0.6666666666666666,0.2222222222222222,0.0
6721,7,soft_dt_jump,16,460,9,5,2,0.5625,0.3125,0.125,0.25,0.625,0.25,0.0
6722,3,soft_dt_jump,26,1730,4,20,2,0.15384615384615385,0.7692307692307693,0.07692307692307693,0.2692307692307692,0.38461538461538464,0.23076923076923078,0.0
6723,3,soft_dt_jump,13,1170,3,8,2,0.23076923076923078,0.6153846153846154,0.15384615384615385,0.0,0.6153846153846154,0.0,0.0
6724,3,soft_dt_jump,9,1030,2,4,3,0.2222222222222222,0.4444444444444444,0.3333333333333333,0.4444444444444444,0.2222222222222222,0.4444444444444444,0.0
6725,3,soft_state_jump,25,2780,5,16,4,0.2,0.64,0.16,0.2,0.52,0.08,0.0
6726,3,soft_state_jump,45,3210,18,23,4,0.4,0.5111111111111111,0.08888888888888889,0.24444444444444444,0.5555555555555556,0.15555555555555556,0.0
6727,7,soft_dt_jump,28,750,20,6,2,0.7142857142857143,0.21428571428571427,0.07142857142857142,0.14285714285714285,0.75,0.10714285714285714,0.0
6728,2,soft_dt_jump,9,370,3,6,0,0.3333333333333333,0.6666666666666666,0.0,0.3333333333333333,0.6666666666666666,0.3333333333333333,0.0
6729,3,soft_dt_jump,15,1710,3,8,4,0.2,0.5333333333333333,0.26666666666666666,0.26666666666666666,0.3333333333333333,0.26666666666666666,0.0
6730,3,soft_dt_jump,17,560,5,9,3,0.29411764705882354,0.5294117647058824,0.17647058823529413,0.35294117647058826,0.29411764705882354,0.35294117647058826,0.0
6731,3,soft_dt_jump,18,1930,3,11,4,0.16666666666666666,0.6111111111111112,0.2222222222222222,0.5555555555555556,0.16666666666666666,0.4444444444444444,0.0
6732,6,soft_dt_jump,13,320,5,7,1,0.38461538461538464,0.5384615384615384,0.07692307692307693,0.46153846153846156,0.38461538461538464,0.38461538461538464,0.0
6733,0,soft_dt_jump,31,1220,24,5,2,0.7741935483870968,0.16129032258064516,0.06451612903225806,0.7419354838709677,0.16129032258064516,0.7419354838709677,0.0
6734,3,soft_dt_jump,10,730,3,6,1,0.3,0.6,0.1,0.3,0.5,0.2,0.0
6735,3,soft_dt_jump,11,1510,1,8,2,0.09090909090909091,0.7272727272727273,0.18181818181818182,0.18181818181818182,0.45454545454545453,0.09090909090909091,0.0
6736,3,soft_state_jump,26,2770,2,16,8,0.07692307692307693,0.6153846153846154,0.3076923076923077,0.34615384615384615,0.23076923076923078,0.23076923076923078,0.0
6737,0,soft_state_jump,22,130,18,4,0,0.8181818181818182,0.18181818181818182,0.0,0.7727272727272727,0.18181818181818182,0.7272727272727273,0.0
6738,6,soft_dt_jump,22,2330,7,12,3,0.3181818181818182,0.5454545454545454,0.13636363636363635,0.5454545454545454,0.3181818181818182,0.5454545454545454,0.0
6739,3,soft_dt_jump,21,2330,6,11,4,0.2857142857142857,0.5238095238095238,0.19047619047619047,0.5238095238095238,0.09523809523809523,0.5238095238095238,0.0
6740,6,soft_dt_jump,12,1250,4,7,1,0.3333333333333333,0.5833333333333334,0.08333333333333333,0.6666666666666666,0.25,0.5833333333333334,0.0
6741,6,soft_side_flip_with_dt_jump,8,110,4,3,1,0.5,0.375,0.125,0.875,0.0,0.75,0.0
6742,0,soft_dt_jump,19,1120,12,6,1,0.631578947368421,0.3157894736842105,0.05263157894736842,0.8421052631578947,0.0,0.7894736842105263,0.0
6743,6,soft_dt_jump,9,240,3,6,0,0.3333333333333333,0.6666666666666666,0.0,0.6666666666666666,0.2222222222222222,0.5555555555555556,0.0
6744,7,soft_state_jump,26,1520,17,8,1,0.6538461538461539,0.3076923076923077,0.038461538461538464,0.15384615384615385,0.7692307692307693,0.11538461538461539,0.0
6745,6,soft_dt_jump,11,430,6,5,0,0.5454545454545454,0.45454545454545453,0.0,0.7272727272727273,0.2727272727272727,0.7272727272727273,0.0
6746,6,soft_dt_jump,24,1920,8,14,2,0.3333333333333333,0.5833333333333334,0.08333333333333333,0.5833333333333334,0.3333333333333333,0.5416666666666666,0.0
6747,3,soft_side_flip_with_dt_jump,10,900,2,8,0,0.2,0.8,0.0,0.4,0.4,0.4,0.0
6748,3,soft_state_jump,8,210,2,2,4,0.25,0.25,0.4,0.0,0.375,0.0,0.0
6749,3,soft_dt_jump,12,1250,0,9,3,0.0,0.75,0.25,0.08333333333333333,0.16666666666666666,0.0,0.0
6750,3,soft_dt_jump,10,520,2,7,1,0.2,0.7,0.1,0.0,0.5,0.0,0.0
6751,3,soft_dt_jump,36,2110,14,19,3,0.3888888888888889,0.5277777777777778,0.08333333333333333,0.05555555555555555,0.5,0.05555555555555555,0.0
6752,3,soft_dt_jump,11,1080,3,5,3,0.2727272727272727,0.45454545454545453,0.2727272727272727,0.0,0.45454545454545453,0.0,0.0
6753,3,soft_dt_jump,59,5630,16,30,13,0.2711864406779661,0.5084745762711864,0.22033898305084745,0.05084745762711865,0.4406779661016949,0.05084745762711865,0.0
6754,3,soft_dt_jump,21,1710,4,11,6,0.19047619047619047,0.5238095238095238,0.2857142857142857,0.09523809523809523,0.47619047619047616,0.047619047619047616,0.0
6755,6,soft_state_jump,14,1000,4,8,2,0.2857142857142857,0.5714285714285714,0.14285714285714285,0.6428571428571429,0.21428571428571427,0.5,0.0
6756,6,soft_dt_jump,16,1280,4,12,0,0.25,0.75,0.0,0.4375,0.4375,0.4375,0.0
6757,7,soft_state_jump,49,2260,37,9,3,0.7551020408163265,0.1836734693877551,0.061224489795918366,0.22448979591836735,0.6938775510204082,0.16326530612244897,0.0
6758,6,soft_dt_jump,9,650,3,6,0,0.3333333333333333,0.6666666666666666,0.0,0.8888888888888888,0.1111111111111111,0.7777777777777778,0.0
6759,6,soft_dt_jump,12,1030,4,8,0,0.3333333333333333,0.6666666666666666,0.0,0.75,0.16666666666666666,0.5,0.0
6760,6,soft_side_flip_with_dt_jump,24,2940,6,17,1,0.25,0.7083333333333334,0.041666666666666664,0.5416666666666666,0.2916666666666667,0.375,0.0
6761,3,soft_dt_jump,30,3640,8,16,6,0.26666666666666666,0.5333333333333333,0.2,0.36666666666666664,0.3,0.36666666666666664,0.0
6762,6,soft_dt_jump,9,310,3,5,1,0.3333333333333333,0.5555555555555556,0.1111111111111111,0.6666666666666666,0.2222222222222222,0.5555555555555556,0.0
6763,7,soft_dt_jump,18,470,13,5,0,0.7222222222222222,0.2777777777777778,0.0,0.05555555555555555,0.9444444444444444,0.0,0.0
6764,3,soft_dt_jump,33,3570,9,21,3,0.2727272727272727,0.6363636363636364,0.09090909090909091,0.3939393939393939,0.3939393939393939,0.3333333333333333,0.0
6765,6,soft_dt_jump,16,2230,6,8,2,0.375,0.5,0.125,0.5,0.375,0.4375,0.0
6766,6,soft_dt_jump,13,980,4,8,1,0.3076923076923077,0.6153846153846154,0.07692307692307693,0.5384615384615384,0.15384615384615385,0.38461538461538464,0.0
6767,7,soft_dt_jump,10,620,6,3,1,0.6,0.3,0.1,0.0,0.8,0.0,0.0
6768,6,soft_dt_jump,24,1890,10,12,2,0.4166666666666667,0.5,0.08333333333333333,0.5416666666666666,0.375,0.5,0.0
6769,7,soft_dt_jump,36,2080,21,13,2,0.5833333333333334,0.3611111111111111,0.05555555555555555,0.2222222222222222,0.6388888888888888,0.2222222222222222,0.0
6770,6,soft_dt_jump,9,300,5,4,0,0.5555555555555556,0.4444444444444444,0.0,0.8888888888888888,0.1111111111111111,0.8888888888888888,0.0
6771,0,soft_dt_jump,8,70,6,2,0,0.75,0.25,0.0,0.875,0.125,0.875,0.0
6772,7,soft_dt_jump,15,0,14,1,0,0.9333333333333333,0.06666666666666667,0.0,0.0,0.9333333333333333,0.0,0.0
6773,3,soft_dt_jump,10,1190,3,6,1,0.3,0.6,0.1,0.1,0.6,0.1,0.0
6774,7,soft_state_jump,31,1900,17,10,4,0.5483870967741935,0.3225806451612903,0.12903225806451613,0.06451612903225806,0.6451612903225806,0.06451612903225806,0.0
6775,3,soft_dt_jump,11,730,3,8,0,0.2727272727272727,0.7272727272727273,0.0,0.36363636363636365,0.45454545454545453,0.2727272727272727,0.0
6776,3,soft_state_jump,24,2560,4,17,3,0.16666666666666666,0.7083333333333334,0.125,0.125,0.5416666666666666,0.08333333333333333,0.0
6777,6,soft_dt_jump,8,800,5,3,0,0.625,0.375,0.0,0.75,0.25,0.75,0.0
6778,7,soft_dt_jump,8,390,4,4,0,0.5,0.5,0.0,0.25,0.625,0.25,0.0
6779,3,soft_dt_jump,32,2080,15,15,2,0.46875,0.46875,0.0625,0.21875,0.625,0.21875,0.0
6780,7,soft_dt_jump,16,350,14,2,0,0.875,0.125,0.0,0.125,0.875,0.125,0.0
6781,3,soft_dt_jump,25,1910,9,12,4,0.36,0.48,0.16,0.28,0.48,0.28,0.0
6782,3,soft_state_jump,20,1820,4,16,0,0.2,0.8,0.0,0.5,0.4,0.4,0.0
6783,3,soft_dt_jump,9,810,3,5,1,0.3333333333333333,0.5555555555555556,0.1111111111111111,0.1111111111111111,0.6666666666666666,0.0,0.0
6784,6,soft_state_jump,11,340,4,6,1,0.36363636363636365,0.5454545454545454,0.09090909090909091,0.7272727272727273,0.09090909090909091,0.6363636363636364,0.0
6785,3,soft_dt_jump,19,2060,3,15,1,0.15789473684210525,0.7894736842105263,0.05263157894736842,0.3684210526315789,0.3684210526315789,0.3684210526315789,0.0
6786,3,soft_state_jump,24,1880,8,14,2,0.3333333333333333,0.5833333333333334,0.08333333333333333,0.25,0.625,0.25,0.0
6787,6,soft_dt_jump,14,670,6,8,0,0.42857142857142855,0.5714285714285714,0.0,0.5,0.42857142857142855,0.42857142857142855,0.0
6788,3,soft_dt_jump,10,1000,0,8,2,0.0,0.8,0.2,0.0,0.7,0.0,0.0
6789,1,soft_dt_jump,46,4540,15,26,5,0.32608695652173914,0.5652173913043478,0.10869565217391304,0.2826086956521739,0.5,0.2608695652173913,0.0
6790,3,soft_dt_jump,14,1730,3,11,0,0.21428571428571427,0.7857142857142857,0.0,0.2857142857142857,0.6428571428571429,0.21428571428571427,0.0
6791,2,soft_state_jump,8,430,4,4,0,0.5,0.5,0.0,0.25,0.625,0.125,0.0
6792,6,soft_dt_jump,16,860,7,8,1,0.4375,0.5,0.0625,0.375,0.375,0.375,0.0
6793,6,soft_dt_jump,11,1050,3,7,1,0.2727272727272727,0.6363636363636364,0.09090909090909091,0.6363636363636364,0.18181818181818182,0.6363636363636364,0.0
6794,3,soft_state_jump,13,1070,4,7,2,0.3076923076923077,0.5384615384615384,0.15384615384615385,0.3076923076923077,0.3076923076923077,0.23076923076923078,0.0
6795,3,soft_dt_jump,9,1310,1,1,7,0.1111111111111111,0.1111111111111111,0.4,0.0,0.2222222222222222,0.0,0.0
6796,6,soft_state_jump,9,400,4,4,1,0.4444444444444444,0.4444444444444444,0.1111111111111111,0.7777777777777778,0.1111111111111111,0.6666666666666666,0.0
6797,7,soft_dt_jump,15,650,9,5,1,0.6,0.3333333333333333,0.06666666666666667,0.0,0.9333333333333333,0.0,0.0
6798,7,soft_dt_jump,64,1840,49,14,1,0.765625,0.21875,0.015625,0.015625,0.953125,0.015625,0.0
6799,6,max_events_per_episode,10,710,5,4,1,0.5,0.4,0.1,0.5,0.4,0.5,0.0
6800,3,soft_dt_jump,14,1360,3,10,1,0.21428571428571427,0.7142857142857143,0.07142857142857142,0.5714285714285714,0.35714285714285715,0.5,0.0
6801,3,soft_state_jump,9,1550,1,4,4,0.1111111111111111,0.4444444444444444,0.4,0.2222222222222222,0.2222222222222222,0.2222222222222222,0.0
6802,7,soft_dt_jump,25,1180,14,9,2,0.56,0.36,0.08,0.24,0.64,0.16,0.0
6803,3,soft_dt_jump,18,950,7,8,3,0.3888888888888889,0.4444444444444444,0.16666666666666666,0.1111111111111111,0.6666666666666666,0.1111111111111111,0.0
6804,3,soft_dt_jump,13,620,5,6,2,0.38461538461538464,0.46153846153846156,0.15384615384615385,0.07692307692307693,0.7692307692307693,0.0,0.0
6805,1,soft_dt_jump,22,2840,5,9,8,0.22727272727272727,0.4090909090909091,0.36363636363636365,0.5454545454545454,0.09090909090909091,0.2727272727272727,0.0
6806,6,soft_dt_jump,12,490,6,4,2,0.5,0.3333333333333333,0.16666666666666666,0.8333333333333334,0.0,0.5,0.0
6807,3,soft_dt_jump,18,1810,4,11,3,0.2222222222222222,0.6111111111111112,0.16666666666666666,0.5555555555555556,0.1111111111111111,0.3888888888888889,0.0
6808,3,soft_dt_jump,25,3070,5,16,4,0.2,0.64,0.16,0.28,0.48,0.08,0.0
6809,7,soft_state_jump,8,230,4,3,1,0.5,0.375,0.125,0.125,0.625,0.125,0.0
6810,6,soft_dt_jump,11,1110,5,5,1,0.45454545454545453,0.45454545454545453,0.09090909090909091,0.7272727272727273,0.18181818181818182,0.7272727272727273,0.0
6811,3,soft_dt_jump,41,5150,8,26,7,0.1951219512195122,0.6341463414634146,0.17073170731707318,0.17073170731707318,0.4634146341463415,0.12195121951219512,0.0
6812,3,soft_dt_jump,12,1810,2,6,4,0.16666666666666666,0.5,0.3333333333333333,0.4166666666666667,0.08333333333333333,0.3333333333333333,0.0
6813,7,soft_state_jump,47,2250,27,17,3,0.574468085106383,0.3617021276595745,0.06382978723404255,0.0851063829787234,0.7872340425531915,0.02127659574468085,0.0
6814,6,soft_dt_jump,21,2520,9,11,1,0.42857142857142855,0.5238095238095238,0.047619047619047616,0.42857142857142855,0.47619047619047616,0.38095238095238093,0.0
6815,6,soft_dt_jump,15,1820,3,9,3,0.2,0.6,0.2,0.6666666666666666,0.06666666666666667,0.3333333333333333,0.0
6816,6,soft_side_flip_with_dt_jump,14,810,4,7,3,0.2857142857142857,0.5,0.21428571428571427,0.7142857142857143,0.07142857142857142,0.5714285714285714,0.0
6817,6,soft_dt_jump,31,3340,12,17,2,0.3870967741935484,0.5483870967741935,0.06451612903225806,0.6451612903225806,0.16129032258064516,0.5483870967741935,0.0
6818,3,soft_dt_jump,17,2790,5,11,1,0.29411764705882354,0.6470588235294118,0.058823529411764705,0.23529411764705882,0.47058823529411764,0.23529411764705882,0.0
6819,3,soft_dt_jump,9,1530,2,5,2,0.2222222222222222,0.5555555555555556,0.2222222222222222,0.0,0.6666666666666666,0.0,0.0
6820,3,soft_dt_jump,17,940,7,10,0,0.4117647058823529,0.5882352941176471,0.0,0.11764705882352941,0.7058823529411765,0.058823529411764705,0.0
6821,7,soft_dt_jump,8,210,5,1,2,0.625,0.125,0.25,0.0,0.75,0.0,0.0
6822,3,soft_dt_jump,9,1770,2,3,4,0.2222222222222222,0.3333333333333333,0.4,0.0,0.5555555555555556,0.0,0.0
6823,1,soft_state_jump,45,5000,14,26,5,0.3111111111111111,0.5777777777777777,0.1111111111111111,0.2222222222222222,0.5555555555555556,0.17777777777777778,0.0
6824,3,soft_dt_jump,13,1320,4,9,0,0.3076923076923077,0.6923076923076923,0.0,0.15384615384615385,0.5384615384615384,0.07692307692307693,0.0
6825,3,soft_side_flip_with_dt_jump,11,1000,4,7,0,0.36363636363636365,0.6363636363636364,0.0,0.2727272727272727,0.6363636363636364,0.18181818181818182,0.0
6826,3,soft_dt_jump,8,1090,3,5,0,0.375,0.625,0.0,0.375,0.625,0.375,0.0
6827,3,soft_state_jump,13,1530,6,7,0,0.46153846153846156,0.5384615384615384,0.0,0.15384615384615385,0.7692307692307693,0.15384615384615385,0.0
6828,3,soft_dt_jump,12,830,3,8,1,0.25,0.6666666666666666,0.08333333333333333,0.08333333333333333,0.5833333333333334,0.0,0.0
6829,6,soft_state_jump,12,1040,6,6,0,0.5,0.5,0.0,0.9166666666666666,0.08333333333333333,0.9166666666666666,0.0
6830,6,soft_dt_jump,17,1570,5,10,2,0.29411764705882354,0.5882352941176471,0.11764705882352941,0.5882352941176471,0.23529411764705882,0.4117647058823529,0.0
6831,3,soft_dt_jump,19,1820,5,12,2,0.2631578947368421,0.631578947368421,0.10526315789473684,0.2631578947368421,0.42105263157894735,0.2631578947368421,0.0
6832,7,soft_dt_jump,8,350,5,3,0,0.625,0.375,0.0,0.0,0.75,0.0,0.0
6833,3,soft_dt_jump,26,4740,8,17,1,0.3076923076923077,0.6538461538461539,0.038461538461538464,0.07692307692307693,0.6923076923076923,0.07692307692307693,0.0
6834,3,soft_dt_jump,9,520,3,5,1,0.3333333333333333,0.5555555555555556,0.1111111111111111,0.4444444444444444,0.4444444444444444,0.3333333333333333,0.0
6835,3,soft_side_flip_with_dt_jump,47,6470,11,28,8,0.23404255319148937,0.5957446808510638,0.1702127659574468,0.23404255319148937,0.3829787234042553,0.2127659574468085,0.0
6836,3,soft_state_jump,16,1610,7,7,2,0.4375,0.4375,0.125,0.0625,0.625,0.0,0.0
6837,3,soft_dt_jump,8,1060,4,3,1,0.5,0.375,0.125,0.375,0.375,0.375,0.0
6838,7,soft_state_jump,12,100,8,4,0,0.6666666666666666,0.3333333333333333,0.0,0.25,0.75,0.16666666666666666,0.0
6839,3,soft_dt_jump,16,940,5,10,1,0.3125,0.625,0.0625,0.125,0.75,0.125,0.0
6840,3,soft_dt_jump,12,1310,2,7,3,0.16666666666666666,0.5833333333333334,0.25,0.08333333333333333,0.5,0.08333333333333333,0.0
6841,6,soft_state_jump,16,1410,6,9,1,0.375,0.5625,0.0625,0.75,0.125,0.5625,0.0
6842,6,soft_dt_jump,9,630,5,4,0,0.5555555555555556,0.4444444444444444,0.0,0.8888888888888888,0.1111111111111111,0.7777777777777778,0.0
6843,6,soft_dt_jump,16,1720,7,9,0,0.4375,0.5625,0.0,0.6875,0.25,0.625,0.0
6844,0,soft_dt_jump,9,310,5,3,1,0.5555555555555556,0.3333333333333333,0.1111111111111111,0.7777777777777778,0.1111111111111111,0.7777777777777778,0.0
6845,1,soft_dt_jump,29,3140,10,14,5,0.3448275862068966,0.4827586206896552,0.1724137931034483,0.4827586206896552,0.20689655172413793,0.4827586206896552,0.0
6846,3,soft_state_jump,9,880,3,4,2,0.3333333333333333,0.4444444444444444,0.2222222222222222,0.1111111111111111,0.6666666666666666,0.1111111111111111,0.0
6847,3,soft_dt_jump,8,980,2,6,0,0.25,0.75,0.0,0.125,0.5,0.0,0.0
6848,1,soft_state_jump,30,5130,7,18,5,0.23333333333333334,0.6,0.16666666666666666,0.6,0.13333333333333333,0.36666666666666664,0.0
6849,1,soft_dt_jump,38,4860,12,22,4,0.3157894736842105,0.5789473684210527,0.10526315789473684,0.5263157894736842,0.21052631578947367,0.47368421052631576,0.0
6850,0,soft_dt_jump,8,120,5,3,0,0.625,0.375,0.0,0.875,0.125,0.75,0.0
6851,3,soft_dt_jump,12,1300,3,5,4,0.25,0.4166666666666667,0.3333333333333333,0.4166666666666667,0.25,0.4166666666666667,0.0
6852,6,soft_dt_jump,21,1530,5,12,4,0.23809523809523808,0.5714285714285714,0.19047619047619047,0.6666666666666666,0.047619047619047616,0.5238095238095238,0.0
6853,6,soft_state_jump,25,1550,10,14,1,0.4,0.56,0.04,0.48,0.36,0.48,0.0
6854,6,soft_dt_jump,9,680,4,5,0,0.4444444444444444,0.5555555555555556,0.0,0.6666666666666666,0.2222222222222222,0.5555555555555556,0.0
6855,0,soft_dt_jump,30,940,21,4,5,0.7,0.13333333333333333,0.16666666666666666,0.7333333333333333,0.1,0.7,0.0
6856,3,soft_dt_jump,35,4460,6,24,5,0.17142857142857143,0.6857142857142857,0.14285714285714285,0.05714285714285714,0.5142857142857142,0.05714285714285714,0.0
6857,7,soft_dt_jump,8,390,4,4,0,0.5,0.5,0.0,0.125,0.625,0.125,0.0
6858,7,soft_dt_jump,13,460,9,4,0,0.6923076923076923,0.3076923076923077,0.0,0.0,0.9230769230769231,0.0,0.0
6859,3,soft_dt_jump,29,2340,6,21,2,0.20689655172413793,0.7241379310344828,0.06896551724137931,0.10344827586206896,0.5517241379310345,0.10344827586206896,0.0
6860,1,soft_dt_jump,20,2380,6,12,2,0.3,0.6,0.1,0.4,0.35,0.4,0.0
6861,1,soft_dt_jump,30,2680,9,17,4,0.3,0.5666666666666667,0.13333333333333333,0.6,0.2,0.5,0.0
6862,6,soft_state_jump,9,510,4,5,0,0.4444444444444444,0.5555555555555556,0.0,0.4444444444444444,0.3333333333333333,0.4444444444444444,0.0
6863,2,soft_dt_jump,14,1840,4,10,0,0.2857142857142857,0.7142857142857143,0.0,0.21428571428571427,0.7857142857142857,0.14285714285714285,0.0
6864,3,soft_state_jump,20,2870,4,13,3,0.2,0.65,0.15,0.45,0.35,0.35,0.0
6865,2,soft_state_jump,16,1830,6,9,1,0.375,0.5625,0.0625,0.375,0.5,0.3125,0.0
6866,3,soft_state_jump,27,2580,5,14,8,0.18518518518518517,0.5185185185185185,0.2962962962962963,0.2962962962962963,0.25925925925925924,0.2962962962962963,0.0
6867,6,soft_dt_jump,10,1160,3,7,0,0.3,0.7,0.0,0.5,0.3,0.5,0.0
6868,1,soft_dt_jump,23,2020,9,13,1,0.391304347826087,0.5652173913043478,0.043478260869565216,0.4782608695652174,0.391304347826087,0.34782608695652173,0.0
6869,6,soft_dt_jump,10,740,6,4,0,0.6,0.4,0.0,0.8,0.0,0.8,0.0
6870,6,soft_dt_jump,13,1140,3,8,2,0.23076923076923078,0.6153846153846154,0.15384615384615385,0.5384615384615384,0.23076923076923078,0.46153846153846156,0.0
6871,6,soft_dt_jump,12,1300,2,8,2,0.16666666666666666,0.6666666666666666,0.16666666666666666,0.5833333333333334,0.08333333333333333,0.5,0.0
6872,3,soft_state_jump,11,1310,3,7,1,0.2727272727272727,0.6363636363636364,0.09090909090909091,0.36363636363636365,0.36363636363636365,0.36363636363636365,0.0
6873,6,soft_dt_jump,13,470,5,8,0,0.38461538461538464,0.6153846153846154,0.0,0.3076923076923077,0.6153846153846154,0.3076923076923077,0.0
6874,0,soft_dt_jump,13,0,12,1,0,0.9230769230769231,0.07692307692307693,0.0,1.0,0.0,1.0,0.0
6875,1,soft_dt_jump,39,3240,12,21,6,0.3076923076923077,0.5384615384615384,0.15384615384615385,0.5641025641025641,0.20512820512820512,0.5384615384615384,0.0
6876,3,soft_dt_jump,15,2480,3,9,3,0.2,0.6,0.2,0.4666666666666667,0.3333333333333333,0.4,0.0
6877,3,soft_state_jump,49,5060,14,28,7,0.2857142857142857,0.5714285714285714,0.14285714285714285,0.061224489795918366,0.5714285714285714,0.0,0.0
6878,7,soft_dt_jump,13,1140,7,4,2,0.5384615384615384,0.3076923076923077,0.15384615384615385,0.0,0.5384615384615384,0.0,0.0
6879,3,soft_dt_jump,42,5190,7,25,10,0.16666666666666666,0.5952380952380952,0.23809523809523808,0.23809523809523808,0.40476190476190477,0.19047619047619047,0.0
6880,3,soft_state_jump,29,4420,5,16,8,0.1724137931034483,0.5517241379310345,0.27586206896551724,0.20689655172413793,0.4482758620689655,0.13793103448275862,0.0
6881,3,soft_dt_jump,59,4400,27,25,7,0.4576271186440678,0.423728813559322,0.11864406779661017,0.06779661016949153,0.6779661016949152,0.05084745762711865,0.0
6882,7,soft_dt_jump,16,780,7,7,2,0.4375,0.4375,0.125,0.0625,0.75,0.0625,0.0
6883,6,soft_dt_jump,20,2110,8,9,3,0.4,0.45,0.15,0.7,0.15,0.6,0.0
6884,6,soft_dt_jump,15,1160,6,8,1,0.4,0.5333333333333333,0.06666666666666667,0.6666666666666666,0.13333333333333333,0.6,0.0
6885,6,soft_dt_jump,9,890,4,5,0,0.4444444444444444,0.5555555555555556,0.0,0.8888888888888888,0.1111111111111111,0.8888888888888888,0.0
6886,3,soft_dt_jump,14,1580,3,7,4,0.21428571428571427,0.5,0.2857142857142857,0.14285714285714285,0.5,0.14285714285714285,0.0
6887,3,soft_dt_jump,43,7770,5,34,4,0.11627906976744186,0.7906976744186046,0.09302325581395349,0.11627906976744186,0.37209302325581395,0.06976744186046512,0.0
6888,3,soft_state_jump,12,2400,2,6,4,0.16666666666666666,0.5,0.3333333333333333,0.3333333333333333,0.3333333333333333,0.16666666666666666,0.0
6889,3,soft_state_jump,52,5970,9,35,8,0.17307692307692307,0.6730769230769231,0.15384615384615385,0.15384615384615385,0.5192307692307693,0.1346153846153846,0.0
6890,1,soft_dt_jump,63,8190,19,39,5,0.30158730158730157,0.6190476190476191,0.07936507936507936,0.23809523809523808,0.5555555555555556,0.1746031746031746,0.0
6891,3,soft_dt_jump,30,2740,11,15,4,0.36666666666666664,0.5,0.13333333333333333,0.16666666666666666,0.5666666666666667,0.16666666666666666,0.0
6892,7,soft_dt_jump,14,180,11,3,0,0.7857142857142857,0.21428571428571427,0.0,0.0,0.9285714285714286,0.0,0.0
6893,3,soft_dt_jump,17,1150,5,9,3,0.29411764705882354,0.5294117647058824,0.17647058823529413,0.17647058823529413,0.35294117647058826,0.17647058823529413,0.0
6894,3,soft_dt_jump,23,2540,3,15,5,0.13043478260869565,0.6521739130434783,0.21739130434782608,0.30434782608695654,0.30434782608695654,0.2608695652173913,0.0
6895,3,soft_dt_jump,8,440,2,4,2,0.25,0.5,0.25,0.375,0.375,0.375,0.0
6896,3,soft_side_flip_with_dt_jump,9,250,3,5,1,0.3333333333333333,0.5555555555555556,0.1111111111111111,0.0,0.7777777777777778,0.0,0.0
6897,3,soft_dt_jump,9,710,3,5,1,0.3333333333333333,0.5555555555555556,0.1111111111111111,0.2222222222222222,0.3333333333333333,0.2222222222222222,0.0
6898,7,soft_dt_jump,10,720,6,4,0,0.6,0.4,0.0,0.0,1.0,0.0,0.0
6899,3,soft_dt_jump,28,2600,8,18,2,0.2857142857142857,0.6428571428571429,0.07142857142857142,0.21428571428571427,0.5714285714285714,0.21428571428571427,0.0
6900,3,soft_dt_jump,32,2780,15,13,4,0.46875,0.40625,0.125,0.15625,0.59375,0.15625,0.0
6901,7,soft_dt_jump,9,780,5,4,0,0.5555555555555556,0.4444444444444444,0.0,0.0,0.8888888888888888,0.0,0.0
6902,3,soft_dt_jump,18,1820,6,9,3,0.3333333333333333,0.5,0.16666666666666666,0.3333333333333333,0.3333333333333333,0.2222222222222222,0.0
6903,7,soft_dt_jump,11,0,10,1,0,0.9090909090909091,0.09090909090909091,0.0,0.0,1.0,0.0,0.0
6904,1,soft_dt_jump,24,2690,6,16,2,0.25,0.6666666666666666,0.08333333333333333,0.375,0.4583333333333333,0.25,0.0
6905,7,soft_state_jump,17,450,13,4,0,0.7647058823529411,0.23529411764705882,0.0,0.17647058823529413,0.8235294117647058,0.11764705882352941,0.0
6906,6,soft_dt_jump,13,2440,4,8,1,0.3076923076923077,0.6153846153846154,0.07692307692307693,0.6153846153846154,0.23076923076923078,0.5384615384615384,0.0
6907,3,soft_dt_jump,22,2390,10,10,2,0.45454545454545453,0.45454545454545453,0.09090909090909091,0.13636363636363635,0.6363636363636364,0.13636363636363635,0.0
6908,6,soft_dt_jump,21,2170,9,8,4,0.42857142857142855,0.38095238095238093,0.19047619047619047,0.7142857142857143,0.047619047619047616,0.38095238095238093,0.0
6909,3,soft_dt_jump,22,2110,6,12,4,0.2727272727272727,0.5454545454545454,0.18181818181818182,0.18181818181818182,0.45454545454545453,0.18181818181818182,0.0
6910,1,soft_dt_jump,50,7310,13,31,6,0.26,0.62,0.12,0.14,0.52,0.14,0.0
6911,3,soft_side_flip_with_dt_jump,35,5080,7,24,4,0.2,0.6857142857142857,0.11428571428571428,0.11428571428571428,0.6285714285714286,0.08571428571428572,0.0
6912,3,soft_dt_jump,22,2880,5,15,2,0.22727272727272727,0.6818181818181818,0.09090909090909091,0.18181818181818182,0.5454545454545454,0.18181818181818182,0.0
6913,3,soft_dt_jump,16,2500,5,9,2,0.3125,0.5625,0.125,0.0,0.6875,0.0,0.0
6914,1,soft_state_jump,29,4700,7,16,6,0.2413793103448276,0.5517241379310345,0.20689655172413793,0.2413793103448276,0.41379310344827586,0.10344827586206896,0.0
6915,7,soft_dt_jump,27,1580,19,6,2,0.7037037037037037,0.2222222222222222,0.07407407407407407,0.037037037037037035,0.7407407407407407,0.037037037037037035,0.0
6916,3,soft_dt_jump,19,2490,7,9,3,0.3684210526315789,0.47368421052631576,0.15789473684210525,0.05263157894736842,0.6842105263157895,0.05263157894736842,0.0
6917,7,soft_dt_jump,11,460,6,5,0,0.5454545454545454,0.45454545454545453,0.0,0.0,0.9090909090909091,0.0,0.0
6918,7,soft_dt_jump,16,520,11,4,1,0.6875,0.25,0.0625,0.125,0.75,0.125,0.0
6919,3,soft_dt_jump,16,1080,3,10,3,0.1875,0.625,0.1875,0.0,0.5,0.0,0.0
6920,1,soft_state_jump,21,2930,5,12,4,0.23809523809523808,0.5714285714285714,0.19047619047619047,0.42857142857142855,0.23809523809523808,0.23809523809523808,0.0
6921,1,soft_state_jump,40,5540,8,22,10,0.2,0.55,0.25,0.425,0.25,0.275,0.0
6922,3,soft_state_jump,16,1590,4,11,1,0.25,0.6875,0.0625,0.375,0.375,0.375,0.0
6923,1,soft_side_flip_with_dt_jump,19,3110,4,11,4,0.21052631578947367,0.5789473684210527,0.21052631578947367,0.47368421052631576,0.3157894736842105,0.42105263157894735,0.0
6924,3,soft_state_jump,17,1820,2,12,3,0.11764705882352941,0.7058823529411765,0.17647058823529413,0.35294117647058826,0.4117647058823529,0.23529411764705882,0.0
6925,2,soft_dt_jump,11,950,2,6,3,0.18181818181818182,0.5454545454545454,0.2727272727272727,0.2727272727272727,0.45454545454545453,0.09090909090909091,0.0
6926,3,soft_dt_jump,17,4050,4,10,3,0.23529411764705882,0.5882352941176471,0.17647058823529413,0.4117647058823529,0.23529411764705882,0.35294117647058826,0.0
6927,1,soft_state_jump,33,3940,8,18,7,0.24242424242424243,0.5454545454545454,0.21212121212121213,0.3333333333333333,0.3939393939393939,0.30303030303030304,0.0
6928,1,soft_dt_jump,37,4130,6,18,13,0.16216216216216217,0.4864864864864865,0.35135135135135137,0.2702702702702703,0.32432432432432434,0.1891891891891892,0.0
6929,1,soft_dt_jump,32,3400,10,11,11,0.3125,0.34375,0.34375,0.1875,0.4375,0.125,0.0
6930,3,soft_dt_jump,18,1790,4,9,5,0.2222222222222222,0.5,0.2777777777777778,0.2222222222222222,0.3888888888888889,0.16666666666666666,0.0
6931,3,soft_state_jump,15,2790,2,7,6,0.13333333333333333,0.4666666666666667,0.4,0.26666666666666666,0.2,0.2,0.0
6932,7,soft_state_jump,9,130,4,5,0,0.4444444444444444,0.5555555555555556,0.0,0.1111111111111111,0.8888888888888888,0.1111111111111111,0.0
6933,7,soft_dt_jump,8,370,6,1,1,0.75,0.125,0.125,0.0,0.875,0.0,0.0
6934,7,soft_dt_jump,16,800,10,5,1,0.625,0.3125,0.0625,0.125,0.8125,0.125,0.0
6935,3,soft_dt_jump,20,2060,3,9,8,0.15,0.45,0.4,0.15,0.4,0.1,0.0
6936,7,soft_side_flip_with_dt_jump,12,160,9,3,0,0.75,0.25,0.0,0.08333333333333333,0.9166666666666666,0.08333333333333333,0.0
6937,7,soft_dt_jump,23,40,21,2,0,0.9130434782608695,0.08695652173913043,0.0,0.0,1.0,0.0,0.0
6938,7,soft_dt_jump,9,0,8,1,0,0.8888888888888888,0.1111111111111111,0.0,0.0,1.0,0.0,0.0
6939,3,soft_dt_jump,10,940,3,3,4,0.3,0.3,0.4,0.6,0.0,0.5,0.0
6940,7,soft_state_jump,8,340,6,2,0,0.75,0.25,0.0,0.375,0.5,0.375,0.0
6941,1,soft_dt_jump,33,1730,16,11,6,0.48484848484848486,0.3333333333333333,0.18181818181818182,0.45454545454545453,0.30303030303030304,0.45454545454545453,0.0
6942,6,soft_dt_jump,15,1170,7,8,0,0.4666666666666667,0.5333333333333333,0.0,0.4666666666666667,0.4666666666666667,0.4666666666666667,0.0
6943,7,soft_dt_jump,39,20,37,1,1,0.9487179487179487,0.02564102564102564,0.02564102564102564,0.0,0.9743589743589743,0.0,0.0
6944,6,soft_dt_jump,12,940,7,5,0,0.5833333333333334,0.4166666666666667,0.0,0.5,0.5,0.5,0.0
6945,6,soft_dt_jump,11,720,7,4,0,0.6363636363636364,0.36363636363636365,0.0,0.6363636363636364,0.2727272727272727,0.6363636363636364,0.0
6946,2,soft_dt_jump,10,650,5,4,1,0.5,0.4,0.1,0.2,0.7,0.2,0.0
6947,1,soft_dt_jump,18,1680,5,9,4,0.2777777777777778,0.5,0.2222222222222222,0.2777777777777778,0.4444444444444444,0.2222222222222222,0.0
6948,1,soft_dt_jump,21,2460,5,13,3,0.23809523809523808,0.6190476190476191,0.14285714285714285,0.42857142857142855,0.3333333333333333,0.3333333333333333,0.0
6949,2,soft_dt_jump,11,1150,4,6,1,0.36363636363636365,0.5454545454545454,0.09090909090909091,0.18181818181818182,0.6363636363636364,0.18181818181818182,0.0
6950,2,soft_dt_jump,8,410,2,6,0,0.25,0.75,0.0,0.625,0.375,0.5,0.0
6951,7,soft_dt_jump,19,870,11,6,2,0.5789473684210527,0.3157894736842105,0.10526315789473684,0.15789473684210525,0.6842105263157895,0.15789473684210525,0.0
6952,7,soft_dt_jump,13,90,10,3,0,0.7692307692307693,0.23076923076923078,0.0,0.07692307692307693,0.9230769230769231,0.07692307692307693,0.0
6953,2,soft_dt_jump,14,930,5,8,1,0.35714285714285715,0.5714285714285714,0.07142857142857142,0.35714285714285715,0.5,0.35714285714285715,0.0
6954,2,soft_dt_jump,18,1660,6,11,1,0.3333333333333333,0.6111111111111112,0.05555555555555555,0.2222222222222222,0.6111111111111112,0.16666666666666666,0.0
6955,7,soft_dt_jump,64,2060,54,9,1,0.84375,0.140625,0.015625,0.125,0.84375,0.125,0.0
6956,7,max_events_per_episode,64,0,64,0,0,1.0,0.0,0.0,0.0,1.0,0.0,0.0
6957,7,max_events_per_episode,64,0,64,0,0,1.0,0.0,0.0,0.0,1.0,0.0,0.0
6958,7,max_events_per_episode,33,0,33,0,0,1.0,0.0,0.0,0.0,1.0,0.0,0.0
6959,2,soft_dt_jump,9,1070,2,6,1,0.2222222222222222,0.6666666666666666,0.1111111111111111,0.2222222222222222,0.5555555555555556,0.1111111111111111,0.0
6960,3,soft_dt_jump,11,740,2,7,2,0.18181818181818182,0.6363636363636364,0.18181818181818182,0.36363636363636365,0.2727272727272727,0.36363636363636365,0.0
6961,7,soft_dt_jump,20,990,8,11,1,0.4,0.55,0.05,0.05,0.8,0.05,0.0
6962,7,soft_dt_jump,12,170,9,3,0,0.75,0.25,0.0,0.0,1.0,0.0,0.0
6963,7,soft_dt_jump,17,740,10,5,2,0.5882352941176471,0.29411764705882354,0.11764705882352941,0.058823529411764705,0.7647058823529411,0.058823529411764705,0.0
6964,7,soft_dt_jump,13,590,8,5,0,0.6153846153846154,0.38461538461538464,0.0,0.07692307692307693,0.9230769230769231,0.0,0.0
6965,7,soft_dt_jump,37,390,30,5,2,0.8108108108108109,0.13513513513513514,0.05405405405405406,0.0,0.9459459459459459,0.0,0.0
6966,7,soft_dt_jump,20,520,15,3,2,0.75,0.15,0.1,0.0,0.9,0.0,0.0
6967,7,soft_dt_jump,20,60,18,2,0,0.9,0.1,0.0,0.0,1.0,0.0,0.0
6968,7,soft_dt_jump,20,230,17,2,1,0.85,0.1,0.05,0.0,0.95,0.0,0.0
6969,7,soft_dt_jump,13,570,7,5,1,0.5384615384615384,0.38461538461538464,0.07692307692307693,0.23076923076923078,0.6153846153846154,0.23076923076923078,0.0
6970,1,soft_dt_jump,24,1350,8,11,5,0.3333333333333333,0.4583333333333333,0.20833333333333334,0.20833333333333334,0.5,0.125,0.0
6971,2,soft_dt_jump,8,360,3,4,1,0.375,0.5,0.125,0.0,0.75,0.0,0.0
6972,1,soft_dt_jump,30,2750,10,14,6,0.3333333333333333,0.4666666666666667,0.2,0.0,0.6666666666666666,0.0,0.0
6973,2,soft_dt_jump,19,2010,4,12,3,0.21052631578947367,0.631578947368421,0.15789473684210525,0.3157894736842105,0.47368421052631576,0.21052631578947367,0.0
6974,1,soft_dt_jump,30,2990,10,15,5,0.3333333333333333,0.5,0.16666666666666666,0.1,0.6333333333333333,0.06666666666666667,0.0
6975,2,soft_dt_jump,13,390,5,6,2,0.38461538461538464,0.46153846153846156,0.15384615384615385,0.0,0.8461538461538461,0.0,0.0
6976,2,soft_dt_jump,9,710,2,5,2,0.2222222222222222,0.5555555555555556,0.2222222222222222,0.1111111111111111,0.6666666666666666,0.0,0.0
6977,2,soft_dt_jump,12,450,5,4,3,0.4166666666666667,0.3333333333333333,0.25,0.16666666666666666,0.5833333333333334,0.16666666666666666,0.0
6978,7,soft_dt_jump,8,50,6,2,0,0.75,0.25,0.0,0.0,1.0,0.0,0.0
6979,7,soft_dt_jump,17,1490,11,6,0,0.6470588235294118,0.35294117647058826,0.0,0.23529411764705882,0.7647058823529411,0.17647058823529413,0.0
6980,7,soft_dt_jump,64,210,62,2,0,0.96875,0.03125,0.0,0.015625,0.984375,0.015625,0.0
6981,7,max_events_per_episode,8,500,5,3,0,0.625,0.375,0.0,0.0,1.0,0.0,0.0
6982,7,soft_dt_jump,9,430,3,5,1,0.3333333333333333,0.5555555555555556,0.1111111111111111,0.0,0.8888888888888888,0.0,0.0
6983,7,soft_dt_jump,64,450,59,4,1,0.921875,0.0625,0.015625,0.0,0.984375,0.0,0.0
6984,7,max_events_per_episode,17,400,11,6,0,0.6470588235294118,0.35294117647058826,0.0,0.0,0.29411764705882354,0.0,0.0
6985,2,soft_dt_jump,11,920,3,6,2,0.2727272727272727,0.5454545454545454,0.18181818181818182,0.09090909090909091,0.36363636363636365,0.09090909090909091,0.0
6986,6,soft_state_jump,12,760,3,7,2,0.25,0.5833333333333334,0.16666666666666666,0.8333333333333334,0.0,0.8333333333333334,0.0
6987,1,soft_dt_jump,14,1210,3,9,2,0.21428571428571427,0.6428571428571429,0.14285714285714285,0.5,0.14285714285714285,0.5,0.0
6988,1,soft_dt_jump,30,3620,5,18,7,0.16666666666666666,0.6,0.23333333333333334,0.5,0.23333333333333334,0.4666666666666667,0.0
6989,7,soft_state_jump,64,770,55,6,3,0.859375,0.09375,0.046875,0.078125,0.859375,0.078125,0.0
6990,7,max_events_per_episode,8,0,8,0,0,1.0,0.0,0.0,0.0,1.0,0.0,0.0
6991,3,soft_dt_jump,17,1300,6,8,3,0.35294117647058826,0.47058823529411764,0.17647058823529413,0.47058823529411764,0.23529411764705882,0.4117647058823529,0.0
6992,1,soft_dt_jump,64,6160,18,32,14,0.28125,0.5,0.21875,0.28125,0.40625,0.234375,0.0
6993,2,max_events_per_episode,17,690,7,9,1,0.4117647058823529,0.5294117647058824,0.058823529411764705,0.11764705882352941,0.7647058823529411,0.11764705882352941,0.0
6994,1,soft_dt_jump,41,3200,17,19,5,0.4146341463414634,0.4634146341463415,0.12195121951219512,0.17073170731707318,0.6097560975609756,0.12195121951219512,0.0
6995,2,soft_dt_jump,10,580,4,5,1,0.4,0.5,0.1,0.0,0.4,0.0,0.0
6996,2,soft_dt_jump,14,1160,1,9,4,0.07142857142857142,0.6428571428571429,0.2857142857142857,0.21428571428571427,0.42857142857142855,0.14285714285714285,0.0
6997,1,soft_state_jump,26,3260,5,16,5,0.19230769230769232,0.6153846153846154,0.19230769230769232,0.5769230769230769,0.15384615384615385,0.38461538461538464,0.0
6998,7,soft_dt_jump,16,520,11,3,2,0.6875,0.1875,0.125,0.1875,0.6875,0.125,0.0
6999,1,soft_dt_jump,41,4010,9,18,14,0.21951219512195122,0.43902439024390244,0.34146341463414637,0.34146341463414637,0.24390243902439024,0.3170731707317073,0.0
7000,1,soft_dt_jump,33,2720,14,14,5,0.42424242424242425,0.42424242424242425,0.15151515151515152,0.15151515151515152,0.6060606060606061,0.09090909090909091,0.0
7001,1,soft_dt_jump,55,5910,17,25,13,0.3090909090909091,0.45454545454545453,0.23636363636363636,0.2727272727272727,0.4,0.23636363636363636,0.0
7002,3,soft_dt_jump,23,1730,11,8,4,0.4782608695652174,0.34782608695652173,0.17391304347826086,0.08695652173913043,0.6956521739130435,0.043478260869565216,0.0
7003,3,soft_dt_jump,27,2050,7,16,4,0.25925925925925924,0.5925925925925926,0.14814814814814814,0.18518518518518517,0.4444444444444444,0.1111111111111111,0.0
7004,7,soft_dt_jump,33,1150,24,8,1,0.7272727272727273,0.24242424242424243,0.030303030303030304,0.0,0.8787878787878788,0.0,0.0
7005,3,soft_dt_jump,19,890,9,8,2,0.47368421052631576,0.42105263157894735,0.10526315789473684,0.3684210526315789,0.47368421052631576,0.3157894736842105,0.0
7006,3,soft_dt_jump,19,780,7,7,5,0.3684210526315789,0.3684210526315789,0.2631578947368421,0.05263157894736842,0.5789473684210527,0.05263157894736842,0.0
7007,1,soft_dt_jump,41,2920,14,20,7,0.34146341463414637,0.4878048780487805,0.17073170731707318,0.1951219512195122,0.5853658536585366,0.12195121951219512,0.0
7008,3,soft_dt_jump,29,1730,8,13,8,0.27586206896551724,0.4482758620689655,0.27586206896551724,0.1724137931034483,0.3793103448275862,0.13793103448275862,0.0
7009,1,soft_dt_jump,52,4160,19,23,10,0.36538461538461536,0.4423076923076923,0.19230769230769232,0.3269230769230769,0.4230769230769231,0.25,0.0
7010,3,soft_dt_jump,9,240,3,3,3,0.3333333333333333,0.3333333333333333,0.3333333333333333,0.2222222222222222,0.4444444444444444,0.2222222222222222,0.0
7011,3,soft_dt_jump,29,3180,12,15,2,0.41379310344827586,0.5172413793103449,0.06896551724137931,0.10344827586206896,0.5862068965517241,0.10344827586206896,0.0
7012,7,soft_dt_jump,13,830,8,5,0,0.6153846153846154,0.38461538461538464,0.0,0.07692307692307693,0.8461538461538461,0.07692307692307693,0.0
7013,3,soft_dt_jump,25,1700,10,10,5,0.4,0.4,0.2,0.2,0.48,0.2,0.0
7014,7,soft_dt_jump,9,40,7,2,0,0.7777777777777778,0.2222222222222222,0.0,0.0,0.8888888888888888,0.0,0.0
7015,1,soft_dt_jump,37,3810,9,22,6,0.24324324324324326,0.5945945945945946,0.16216216216216217,0.21621621621621623,0.5135135135135135,0.13513513513513514,0.0
7016,7,soft_dt_jump,62,1950,42,16,4,0.6774193548387096,0.25806451612903225,0.06451612903225806,0.11290322580645161,0.7580645161290323,0.0967741935483871,0.0
7017,7,soft_dt_jump,13,190,9,4,0,0.6923076923076923,0.3076923076923077,0.0,0.15384615384615385,0.6923076923076923,0.07692307692307693,0.0
7018,7,soft_dt_jump,13,310,10,3,0,0.7692307692307693,0.23076923076923078,0.0,0.15384615384615385,0.8461538461538461,0.15384615384615385,0.0
7019,3,soft_dt_jump,9,410,2,6,1,0.2222222222222222,0.6666666666666666,0.1111111111111111,0.1111111111111111,0.5555555555555556,0.1111111111111111,0.0
7020,3,soft_dt_jump,25,2050,7,12,6,0.28,0.48,0.24,0.2,0.4,0.16,0.0
7021,6,soft_dt_jump,18,770,9,6,3,0.5,0.3333333333333333,0.16666666666666666,0.5,0.2222222222222222,0.5,0.0
7022,7,soft_dt_jump,8,60,6,1,1,0.75,0.125,0.125,0.0,0.875,0.0,0.0
7023,7,soft_dt_jump,14,100,12,1,1,0.8571428571428571,0.07142857142857142,0.07142857142857142,0.0,0.8571428571428571,0.0,0.0
7024,7,soft_dt_jump,10,110,6,3,1,0.6,0.3,0.1,0.0,0.7,0.0,0.0
7025,7,soft_dt_jump,23,550,16,5,2,0.6956521739130435,0.21739130434782608,0.08695652173913043,0.043478260869565216,0.782608695652174,0.043478260869565216,0.0
7026,2,soft_dt_jump,10,640,1,9,0,0.1,0.8888888888888888,0.0,0.2,0.6,0.2,0.0
7027,2,soft_dt_jump,20,1560,3,14,3,0.15,0.7,0.15,0.05,0.45,0.05,0.0
7028,6,soft_state_jump,15,1510,3,12,0,0.2,0.8,0.0,0.6666666666666666,0.26666666666666666,0.6666666666666666,0.0
7029,3,soft_dt_jump,12,870,1,7,4,0.08333333333333333,0.5833333333333334,0.3333333333333333,0.5,0.0,0.5,0.0
7030,1,soft_state_jump,51,5100,10,31,10,0.19607843137254902,0.6078431372549019,0.19607843137254902,0.43137254901960786,0.23529411764705882,0.3333333333333333,0.0
7031,7,soft_dt_jump,10,10,6,4,0,0.6,0.4,0.0,0.1,0.8,0.1,0.0
7032,1,soft_dt_jump,37,3460,8,24,5,0.21621621621621623,0.6486486486486487,0.13513513513513514,0.43243243243243246,0.35135135135135137,0.3783783783783784,0.0
7033,7,soft_state_jump,10,150,7,1,2,0.7,0.1,0.2,0.0,0.7,0.0,0.0
7034,1,soft_dt_jump,23,1120,5,11,7,0.21739130434782608,0.4782608695652174,0.30434782608695654,0.391304347826087,0.30434782608695654,0.21739130434782608,0.0
7035,1,soft_dt_jump,35,3610,10,18,7,0.2857142857142857,0.5142857142857142,0.2,0.22857142857142856,0.45714285714285713,0.14285714285714285,0.0
7036,7,soft_dt_jump,44,1000,37,5,2,0.8409090909090909,0.11363636363636363,0.045454545454545456,0.045454545454545456,0.8863636363636364,0.022727272727272728,0.0
7037,7,soft_dt_jump,8,130,6,1,1,0.75,0.125,0.125,0.0,0.875,0.0,0.0
7038,7,soft_dt_jump,8,210,4,3,1,0.5,0.375,0.125,0.0,0.75,0.0,0.0
7039,6,soft_dt_jump,10,460,5,4,1,0.5,0.4,0.1,0.5,0.2,0.5,0.0
7040,3,soft_dt_jump,8,400,3,4,1,0.375,0.5,0.125,0.0,0.625,0.0,0.0
7041,3,soft_dt_jump,30,2840,10,16,4,0.3333333333333333,0.5333333333333333,0.13333333333333333,0.16666666666666666,0.6333333333333333,0.13333333333333333,0.0
7042,2,soft_dt_jump,12,1240,3,7,2,0.25,0.5833333333333334,0.16666666666666666,0.16666666666666666,0.5,0.08333333333333333,0.0
7043,2,soft_dt_jump,15,710,5,10,0,0.3333333333333333,0.6666666666666666,0.0,0.26666666666666666,0.5333333333333333,0.2,0.0
7044,3,soft_dt_jump,11,710,1,7,3,0.09090909090909091,0.6363636363636364,0.2727272727272727,0.0,0.36363636363636365,0.0,0.0
7045,3,soft_state_jump,43,3460,11,21,11,0.2558139534883721,0.4883720930232558,0.2558139534883721,0.11627906976744186,0.4186046511627907,0.023255813953488372,0.0
7046,3,soft_dt_jump,22,2020,5,9,8,0.22727272727272727,0.4090909090909091,0.36363636363636365,0.18181818181818182,0.36363636363636365,0.18181818181818182,0.0
7047,7,soft_dt_jump,8,90,5,2,1,0.625,0.25,0.125,0.0,0.75,0.0,0.0
7048,2,soft_dt_jump,13,940,5,7,1,0.38461538461538464,0.5384615384615384,0.07692307692307693,0.15384615384615385,0.7692307692307693,0.07692307692307693,0.0
7049,3,soft_dt_jump,18,1480,3,13,2,0.16666666666666666,0.7222222222222222,0.1111111111111111,0.3333333333333333,0.2222222222222222,0.2777777777777778,0.0
7050,6,soft_state_jump,8,200,4,4,0,0.5,0.5,0.0,0.75,0.125,0.625,0.0
7051,3,soft_dt_jump,9,190,1,7,1,0.1111111111111111,0.7777777777777778,0.1111111111111111,0.1111111111111111,0.4444444444444444,0.1111111111111111,0.0
7052,3,soft_side_flip_with_dt_jump,9,300,2,6,1,0.2222222222222222,0.6666666666666666,0.1111111111111111,0.1111111111111111,0.5555555555555556,0.1111111111111111,0.0
7053,2,soft_side_flip_with_dt_jump,15,820,6,7,2,0.4,0.4666666666666667,0.13333333333333333,0.13333333333333333,0.6666666666666666,0.06666666666666667,0.0
7054,0,soft_state_jump,9,170,5,3,1,0.5555555555555556,0.3333333333333333,0.1111111111111111,0.5555555555555556,0.3333333333333333,0.5555555555555556,0.0
7055,0,soft_dt_jump,41,840,33,4,4,0.8048780487804879,0.0975609756097561,0.0975609756097561,0.8048780487804879,0.07317073170731707,0.8048780487804879,0.0
7056,7,soft_dt_jump,18,790,12,4,2,0.6666666666666666,0.2222222222222222,0.1111111111111111,0.0,0.8333333333333334,0.0,0.0
7057,2,soft_dt_jump,8,270,3,5,0,0.375,0.625,0.0,0.125,0.875,0.125,0.0
7058,2,soft_dt_jump,11,630,3,8,0,0.2727272727272727,0.7272727272727273,0.0,0.36363636363636365,0.45454545454545453,0.36363636363636365,0.0
7059,3,soft_dt_jump,29,1530,9,18,2,0.3103448275862069,0.6206896551724138,0.06896551724137931,0.034482758620689655,0.6206896551724138,0.0,0.0
7060,2,soft_dt_jump,10,490,3,7,0,0.3,0.7,0.0,0.1,0.7,0.1,0.0
7061,6,soft_state_jump,22,1530,8,11,3,0.36363636363636365,0.5,0.13636363636363635,0.4090909090909091,0.36363636363636365,0.36363636363636365,0.0
7062,3,soft_dt_jump,15,930,4,8,3,0.26666666666666666,0.5333333333333333,0.2,0.4,0.2,0.4,0.0
7063,6,soft_state_jump,9,340,4,4,1,0.4444444444444444,0.4444444444444444,0.1111111111111111,0.6666666666666666,0.2222222222222222,0.5555555555555556,0.0
7064,7,soft_dt_jump,17,260,15,2,0,0.8823529411764706,0.11764705882352941,0.0,0.17647058823529413,0.7647058823529411,0.17647058823529413,0.0
7065,3,soft_dt_jump,16,500,5,9,2,0.3125,0.5625,0.125,0.3125,0.5,0.3125,0.0
7066,3,soft_side_flip_with_dt_jump,13,380,2,5,6,0.15384615384615385,0.38461538461538464,0.4,0.46153846153846156,0.0,0.46153846153846156,0.0
7067,3,soft_dt_jump,19,940,6,11,2,0.3157894736842105,0.5789473684210527,0.10526315789473684,0.42105263157894735,0.3157894736842105,0.2631578947368421,0.0
7068,3,soft_dt_jump,38,2860,13,24,1,0.34210526315789475,0.631578947368421,0.02631578947368421,0.39473684210526316,0.39473684210526316,0.34210526315789475,0.0
7069,0,soft_dt_jump,11,0,10,1,0,0.9090909090909091,0.09090909090909091,0.0,1.0,0.0,1.0,0.0
7070,6,soft_dt_jump,8,290,3,4,1,0.375,0.5,0.125,0.625,0.25,0.5,0.0
7071,3,soft_dt_jump,15,1090,2,13,0,0.13333333333333333,0.8666666666666667,0.0,0.4,0.3333333333333333,0.3333333333333333,0.0
7072,7,soft_state_jump,64,240,61,3,0,0.953125,0.046875,0.0,0.0,0.09375,0.0,0.0
7073,0,max_events_per_episode,49,0,49,0,0,1.0,0.0,0.0,0.0,0.0,0.0,0.0
7074,3,soft_dt_jump,23,2480,6,15,2,0.2608695652173913,0.6521739130434783,0.08695652173913043,0.043478260869565216,0.13043478260869565,0.0,0.0
7075,6,soft_state_jump,15,650,7,6,2,0.4666666666666667,0.4,0.13333333333333333,0.8,0.0,0.3333333333333333,0.0
7076,2,soft_dt_jump,13,460,6,5,2,0.46153846153846156,0.38461538461538464,0.15384615384615385,0.3076923076923077,0.38461538461538464,0.0,0.0
7077,6,soft_dt_jump,18,840,6,11,1,0.3333333333333333,0.6111111111111112,0.05555555555555555,0.8333333333333334,0.1111111111111111,0.0,0.0
7078,2,soft_dt_jump,9,230,4,4,1,0.4444444444444444,0.4444444444444444,0.1111111111111111,0.1111111111111111,0.2222222222222222,0.0,0.0
7079,3,soft_dt_jump,17,2390,4,10,3,0.23529411764705882,0.5882352941176471,0.17647058823529413,0.0,0.058823529411764705,0.0,0.0
7080,7,soft_state_jump,20,490,14,4,2,0.7,0.2,0.1,0.1,0.05,0.05,0.0
7081,1,soft_dt_jump,17,1500,1,13,3,0.058823529411764705,0.7647058823529411,0.17647058823529413,0.5882352941176471,0.058823529411764705,0.47058823529411764,0.0
7082,3,soft_state_jump,26,2790,1,23,2,0.038461538461538464,0.8846153846153846,0.07692307692307693,0.11538461538461539,0.15384615384615385,0.07692307692307693,0.0
7083,3,soft_state_jump,23,1560,9,12,2,0.391304347826087,0.5217391304347826,0.08695652173913043,0.17391304347826086,0.2608695652173913,0.17391304347826086,0.0
7084,3,soft_dt_jump,28,1890,6,20,2,0.21428571428571427,0.7142857142857143,0.07142857142857142,0.4642857142857143,0.17857142857142858,0.39285714285714285,0.0
7085,3,soft_dt_jump,31,4730,3,23,5,0.0967741935483871,0.7419354838709677,0.16129032258064516,0.3548387096774194,0.12903225806451613,0.12903225806451613,0.0
7086,6,soft_state_jump,12,1150,2,9,1,0.16666666666666666,0.75,0.08333333333333333,0.6666666666666666,0.08333333333333333,0.4166666666666667,0.0
7087,3,soft_dt_jump,28,1200,13,11,4,0.4642857142857143,0.39285714285714285,0.14285714285714285,0.14285714285714285,0.5357142857142857,0.07142857142857142,0.0
7088,3,soft_dt_jump,17,1020,5,10,2,0.29411764705882354,0.5882352941176471,0.11764705882352941,0.11764705882352941,0.5882352941176471,0.0,0.0
7089,3,soft_dt_jump,12,1330,2,8,2,0.16666666666666666,0.6666666666666666,0.16666666666666666,0.3333333333333333,0.4166666666666667,0.3333333333333333,0.0
7090,7,soft_dt_jump,20,840,14,5,1,0.7,0.25,0.05,0.05,0.8,0.05,0.0
7091,3,soft_dt_jump,19,1160,5,12,2,0.2631578947368421,0.631578947368421,0.10526315789473684,0.2631578947368421,0.5789473684210527,0.15789473684210525,0.0
7092,3,soft_dt_jump,34,3120,5,18,11,0.14705882352941177,0.5294117647058824,0.3235294117647059,0.20588235294117646,0.38235294117647056,0.14705882352941177,0.0
7093,3,soft_dt_jump,29,2380,7,18,4,0.2413793103448276,0.6206896551724138,0.13793103448275862,0.3448275862068966,0.41379310344827586,0.20689655172413793,0.0
7094,7,soft_dt_jump,33,660,26,6,1,0.7878787878787878,0.18181818181818182,0.030303030303030304,0.030303030303030304,0.5454545454545454,0.0,0.0
7095,3,soft_dt_jump,13,780,4,7,2,0.3076923076923077,0.5384615384615384,0.15384615384615385,0.07692307692307693,0.5384615384615384,0.0,0.0
7096,3,soft_dt_jump,12,560,4,8,0,0.3333333333333333,0.6666666666666666,0.0,0.08333333333333333,0.75,0.08333333333333333,0.0
7097,3,soft_side_flip_with_dt_jump,21,1260,9,11,1,0.42857142857142855,0.5238095238095238,0.047619047619047616,0.23809523809523808,0.42857142857142855,0.09523809523809523,0.0
7098,6,soft_dt_jump,13,660,4,9,0,0.3076923076923077,0.6923076923076923,0.0,0.7692307692307693,0.0,0.5384615384615384,0.0
7099,1,soft_side_flip_with_dt_jump,44,3550,19,18,7,0.4318181818181818,0.4090909090909091,0.1590909090909091,0.36363636363636365,0.36363636363636365,0.2727272727272727,0.0
7100,0,soft_dt_jump,10,160,6,4,0,0.6,0.4,0.0,0.9,0.0,0.8,0.0
7101,3,soft_dt_jump,25,2180,6,14,5,0.24,0.56,0.2,0.24,0.36,0.12,0.0
7102,3,soft_side_flip_with_dt_jump,11,520,3,7,1,0.2727272727272727,0.6363636363636364,0.09090909090909091,0.2727272727272727,0.2727272727272727,0.2727272727272727,0.0
7103,3,soft_state_jump,36,2880,9,21,6,0.25,0.5833333333333334,0.16666666666666666,0.2222222222222222,0.4722222222222222,0.1388888888888889,0.0
7104,3,soft_state_jump,25,1250,7,15,3,0.28,0.6,0.12,0.12,0.6,0.08,0.0
7105,7,soft_dt_jump,21,1050,16,4,1,0.7619047619047619,0.19047619047619047,0.047619047619047616,0.0,0.9523809523809523,0.0,0.0
7106,3,soft_dt_jump,16,1440,5,9,2,0.3125,0.5625,0.125,0.5625,0.1875,0.1875,0.0
7107,7,soft_side_flip_with_dt_jump,54,1550,40,12,2,0.7407407407407407,0.2222222222222222,0.037037037037037035,0.2037037037037037,0.6851851851851852,0.2037037037037037,0.0
7108,3,soft_dt_jump,9,270,2,6,1,0.2222222222222222,0.6666666666666666,0.1111111111111111,0.4444444444444444,0.3333333333333333,0.1111111111111111,0.0
7109,3,soft_state_jump,9,390,3,5,1,0.3333333333333333,0.5555555555555556,0.1111111111111111,0.1111111111111111,0.3333333333333333,0.0,0.0
7110,0,soft_dt_jump,29,710,19,8,2,0.6551724137931034,0.27586206896551724,0.06896551724137931,0.6551724137931034,0.20689655172413793,0.6551724137931034,0.0
7111,3,soft_dt_jump,24,980,10,12,2,0.4166666666666667,0.5,0.08333333333333333,0.125,0.5833333333333334,0.08333333333333333,0.0
7112,3,soft_dt_jump,15,870,5,9,1,0.3333333333333333,0.6,0.06666666666666667,0.13333333333333333,0.6,0.13333333333333333,0.0
7113,7,soft_dt_jump,9,200,3,5,1,0.3333333333333333,0.5555555555555556,0.1111111111111111,0.0,0.7777777777777778,0.0,0.0
7114,3,soft_dt_jump,23,1980,5,16,2,0.21739130434782608,0.6956521739130435,0.08695652173913043,0.2608695652173913,0.391304347826087,0.17391304347826086,0.0
7115,7,soft_state_jump,16,510,10,5,1,0.625,0.3125,0.0625,0.1875,0.625,0.125,0.0
7116,3,soft_dt_jump,23,660,4,16,3,0.17391304347826086,0.6956521739130435,0.13043478260869565,0.043478260869565216,0.6956521739130435,0.043478260869565216,0.0
7117,3,soft_side_flip_with_dt_jump,15,1200,4,8,3,0.26666666666666666,0.5333333333333333,0.2,0.3333333333333333,0.26666666666666666,0.26666666666666666,0.0
7118,3,soft_state_jump,21,1290,4,14,3,0.19047619047619047,0.6666666666666666,0.14285714285714285,0.0,0.23809523809523808,0.0,0.0
7119,7,soft_side_flip_with_dt_jump,9,100,7,2,0,0.7777777777777778,0.2222222222222222,0.0,0.0,0.0,0.0,0.0
7120,3,soft_dt_jump,15,720,5,9,1,0.3333333333333333,0.6,0.06666666666666667,0.06666666666666667,0.26666666666666666,0.0,0.0
7121,3,soft_dt_jump,8,260,3,3,2,0.375,0.375,0.25,0.0,0.25,0.0,0.0
7122,5,soft_state_jump,22,1750,5,16,1,0.22727272727272727,0.7272727272727273,0.045454545454545456,0.0,0.45454545454545453,0.0,0.2727272727272727
7123,5,soft_side_flip_with_dt_jump,11,940,2,7,2,0.18181818181818182,0.6363636363636364,0.18181818181818182,0.0,0.09090909090909091,0.0,0.36363636363636365
7124,3,soft_state_jump,30,2270,5,20,5,0.16666666666666666,0.6666666666666666,0.16666666666666666,0.03333333333333333,0.23333333333333334,0.03333333333333333,0.0
7125,3,soft_dt_jump,17,1550,2,10,5,0.11764705882352941,0.5882352941176471,0.29411764705882354,0.35294117647058826,0.29411764705882354,0.23529411764705882,0.0
7126,3,soft_side_flip_with_dt_jump,21,2070,5,10,6,0.23809523809523808,0.47619047619047616,0.2857142857142857,0.42857142857142855,0.19047619047619047,0.38095238095238093,0.0
7127,3,soft_dt_jump,27,1770,6,17,4,0.2222222222222222,0.6296296296296297,0.14814814814814814,0.4444444444444444,0.2962962962962963,0.3333333333333333,0.0
7128,3,soft_dt_jump,24,1400,10,13,1,0.4166666666666667,0.5416666666666666,0.041666666666666664,0.041666666666666664,0.7083333333333334,0.041666666666666664,0.0
7129,3,soft_dt_jump,11,600,3,8,0,0.2727272727272727,0.7272727272727273,0.0,0.09090909090909091,0.45454545454545453,0.09090909090909091,0.0
7130,7,soft_dt_jump,26,0,25,1,0,0.9615384615384616,0.038461538461538464,0.0,0.0,0.07692307692307693,0.0,0.0
7131,3,soft_dt_jump,19,2010,5,14,0,0.2631578947368421,0.7368421052631579,0.0,0.10526315789473684,0.42105263157894735,0.10526315789473684,0.0
7132,3,soft_dt_jump,14,1100,3,9,2,0.21428571428571427,0.6428571428571429,0.14285714285714285,0.07142857142857142,0.21428571428571427,0.0,0.0
7133,6,soft_dt_jump,35,1940,9,24,2,0.2571428571428571,0.6857142857142857,0.05714285714285714,0.6285714285714286,0.14285714285714285,0.5428571428571428,0.0
7134,7,soft_dt_jump,33,450,24,8,1,0.7272727272727273,0.24242424242424243,0.030303030303030304,0.36363636363636365,0.5454545454545454,0.36363636363636365,0.0
7135,0,soft_dt_jump,13,360,11,2,0,0.8461538461538461,0.15384615384615385,0.0,0.9230769230769231,0.07692307692307693,0.9230769230769231,0.0
7136,0,soft_dt_jump,18,980,11,7,0,0.6111111111111112,0.3888888888888889,0.0,0.7777777777777778,0.16666666666666666,0.7777777777777778,0.0
7137,5,soft_dt_jump,20,1450,3,15,2,0.15,0.75,0.1,0.1,0.35,0.05,0.35
7138,7,soft_state_jump,37,820,30,7,0,0.8108108108108109,0.1891891891891892,0.0,0.21621621621621623,0.7567567567567568,0.1891891891891892,0.0
7139,3,soft_dt_jump,13,1840,2,8,3,0.15384615384615385,0.6153846153846154,0.23076923076923078,0.23076923076923078,0.38461538461538464,0.23076923076923078,0.0
7140,3,soft_state_jump,17,1430,6,10,1,0.35294117647058826,0.5882352941176471,0.058823529411764705,0.4117647058823529,0.29411764705882354,0.29411764705882354,0.0
7141,3,soft_dt_jump,8,840,1,7,0,0.125,0.875,0.0,0.25,0.25,0.25,0.0
7142,6,soft_state_jump,11,240,5,6,0,0.45454545454545453,0.5454545454545454,0.0,0.36363636363636365,0.36363636363636365,0.2727272727272727,0.0
7143,3,soft_dt_jump,13,2300,1,12,0,0.07692307692307693,0.8888888888888888,0.0,0.23076923076923078,0.15384615384615385,0.23076923076923078,0.0
7144,3,soft_state_jump,18,1350,4,13,1,0.2222222222222222,0.7222222222222222,0.05555555555555555,0.3333333333333333,0.2777777777777778,0.3333333333333333,0.0
7145,0,soft_side_flip_with_dt_jump,15,160,11,3,1,0.7333333333333333,0.2,0.06666666666666667,0.8,0.0,0.8,0.0
7146,3,soft_dt_jump,20,1620,4,16,0,0.2,0.8,0.0,0.25,0.2,0.2,0.0
7147,3,soft_side_flip_with_dt_jump,17,1830,4,9,4,0.23529411764705882,0.5294117647058824,0.23529411764705882,0.11764705882352941,0.17647058823529413,0.058823529411764705,0.0
7148,5,soft_state_jump,16,400,9,6,1,0.5625,0.375,0.0625,0.0625,0.5625,0.0,0.125
7149,5,soft_dt_jump,13,630,1,10,2,0.07692307692307693,0.7692307692307693,0.15384615384615385,0.0,0.07692307692307693,0.0,0.3076923076923077
7150,5,soft_dt_jump,11,490,5,5,1,0.45454545454545453,0.45454545454545453,0.09090909090909091,0.09090909090909091,0.2727272727272727,0.0,0.36363636363636365
7151,5,soft_dt_jump,8,390,2,5,1,0.25,0.625,0.125,0.25,0.25,0.125,0.25
7152,6,soft_dt_jump,24,1040,9,13,2,0.375,0.5416666666666666,0.08333333333333333,0.7083333333333334,0.16666666666666666,0.3333333333333333,0.0
7153,6,soft_dt_jump,8,250,2,5,1,0.25,0.625,0.125,0.5,0.25,0.25,0.0
7154,3,soft_dt_jump,25,2810,7,11,7,0.28,0.44,0.28,0.4,0.2,0.28,0.0
7155,6,soft_dt_jump,8,720,2,6,0,0.25,0.75,0.0,0.5,0.25,0.375,0.0
7156,3,soft_state_jump,28,1840,7,15,6,0.25,0.5357142857142857,0.21428571428571427,0.5714285714285714,0.10714285714285714,0.4642857142857143,0.0
7157,1,soft_dt_jump,54,4040,15,34,5,0.2777777777777778,0.6296296296296297,0.09259259259259259,0.37037037037037035,0.3333333333333333,0.2777777777777778,0.0
7158,1,soft_dt_jump,33,1830,11,21,1,0.3333333333333333,0.6363636363636364,0.030303030303030304,0.3939393939393939,0.48484848484848486,0.2727272727272727,0.0
7159,6,soft_dt_jump,8,540,4,3,1,0.5,0.375,0.125,0.5,0.375,0.5,0.0
7160,1,soft_dt_jump,46,2180,14,26,6,0.30434782608695654,0.5652173913043478,0.13043478260869565,0.5869565217391305,0.17391304347826086,0.30434782608695654,0.0
7161,3,soft_dt_jump,11,560,2,7,2,0.18181818181818182,0.6363636363636364,0.18181818181818182,0.36363636363636365,0.2727272727272727,0.2727272727272727,0.0
7162,6,soft_state_jump,20,1080,8,12,0,0.4,0.6,0.0,0.45,0.25,0.45,0.0
7163,6,soft_dt_jump,10,420,3,5,2,0.3,0.5,0.2,0.5,0.1,0.5,0.0
7164,7,soft_dt_jump,16,280,12,3,1,0.75,0.1875,0.0625,0.0,0.625,0.0,0.0
7165,5,soft_dt_jump,9,560,3,6,0,0.3333333333333333,0.6666666666666666,0.0,0.0,0.1111111111111111,0.0,0.7777777777777778
7166,5,soft_dt_jump,16,1050,3,9,4,0.1875,0.5625,0.25,0.0625,0.125,0.0,0.4375
7167,5,soft_dt_jump,13,770,3,8,2,0.23076923076923078,0.6153846153846154,0.15384615384615385,0.0,0.38461538461538464,0.0,0.38461538461538464
7168,7,soft_state_jump,8,250,4,2,2,0.5,0.25,0.25,0.0,0.625,0.0,0.0
7169,3,soft_dt_jump,14,1200,7,6,1,0.5,0.42857142857142855,0.07142857142857142,0.21428571428571427,0.6428571428571429,0.21428571428571427,0.0
7170,7,soft_dt_jump,10,460,6,4,0,0.6,0.4,0.0,0.3,0.6,0.0,0.0
7171,5,soft_dt_jump,8,820,0,6,2,0.0,0.75,0.25,0.0,0.125,0.0,0.375
7172,5,soft_side_flip_with_dt_jump,17,1420,2,14,1,0.11764705882352941,0.8235294117647058,0.058823529411764705,0.058823529411764705,0.4117647058823529,0.058823529411764705,0.17647058823529413
7173,3,soft_state_jump,58,7120,11,39,8,0.1896551724137931,0.6724137931034483,0.13793103448275862,0.3103448275862069,0.1724137931034483,0.20689655172413793,0.0
7174,6,soft_side_flip_with_dt_jump,13,880,5,8,0,0.38461538461538464,0.6153846153846154,0.0,0.6153846153846154,0.07692307692307693,0.6153846153846154,0.0
7175,3,soft_dt_jump,22,1760,7,12,3,0.3181818181818182,0.5454545454545454,0.13636363636363635,0.5,0.22727272727272727,0.45454545454545453,0.0
7176,7,soft_dt_jump,15,430,10,5,0,0.6666666666666666,0.3333333333333333,0.0,0.13333333333333333,0.8666666666666667,0.13333333333333333,0.0
7177,6,soft_dt_jump,27,2560,6,19,2,0.2222222222222222,0.7037037037037037,0.07407407407407407,0.6666666666666666,0.1111111111111111,0.48148148148148145,0.0
7178,6,soft_side_flip_with_dt_jump,9,570,5,3,1,0.5555555555555556,0.3333333333333333,0.1111111111111111,0.7777777777777778,0.0,0.3333333333333333,0.0
7179,3,soft_dt_jump,22,2620,2,14,6,0.09090909090909091,0.6363636363636364,0.2727272727272727,0.45454545454545453,0.09090909090909091,0.22727272727272727,0.0
7180,6,soft_state_jump,9,190,5,4,0,0.5555555555555556,0.4444444444444444,0.0,0.8888888888888888,0.0,0.7777777777777778,0.0
7181,3,soft_dt_jump,20,1870,3,15,2,0.15,0.75,0.1,0.25,0.3,0.2,0.0
7182,3,soft_dt_jump,28,2160,5,18,5,0.17857142857142858,0.6428571428571429,0.17857142857142858,0.10714285714285714,0.5,0.07142857142857142,0.0
7183,3,soft_dt_jump,12,850,5,5,2,0.4166666666666667,0.4166666666666667,0.16666666666666666,0.25,0.4166666666666667,0.16666666666666666,0.0
7184,3,soft_state_jump,24,1810,7,15,2,0.2916666666666667,0.625,0.08333333333333333,0.041666666666666664,0.6666666666666666,0.0,0.0
7185,6,soft_dt_jump,26,1540,10,15,1,0.38461538461538464,0.5769230769230769,0.038461538461538464,0.6153846153846154,0.19230769230769232,0.5769230769230769,0.0
7186,6,soft_dt_jump,17,1870,4,13,0,0.23529411764705882,0.7647058823529411,0.0,0.6470588235294118,0.11764705882352941,0.35294117647058826,0.0
7187,3,soft_state_jump,25,1780,13,11,1,0.52,0.44,0.04,0.0,0.36,0.0,0.0
7188,3,soft_dt_jump,38,4080,9,25,4,0.23684210526315788,0.6578947368421053,0.10526315789473684,0.5,0.18421052631578946,0.34210526315789475,0.0
7189,3,soft_dt_jump,23,2280,6,14,3,0.2608695652173913,0.6086956521739131,0.13043478260869565,0.21739130434782608,0.34782608695652173,0.17391304347826086,0.0
7190,3,soft_side_flip_with_dt_jump,29,2240,13,12,4,0.4482758620689655,0.41379310344827586,0.13793103448275862,0.0,0.6551724137931034,0.0,0.0
7191,3,soft_dt_jump,29,3540,4,18,7,0.13793103448275862,0.6206896551724138,0.2413793103448276,0.10344827586206896,0.27586206896551724,0.10344827586206896,0.0
7192,3,soft_state_jump,14,1380,3,10,1,0.21428571428571427,0.7142857142857143,0.07142857142857142,0.35714285714285715,0.42857142857142855,0.35714285714285715,0.0
7193,3,soft_dt_jump,8,1200,1,7,0,0.125,0.875,0.0,0.25,0.375,0.25,0.0
7194,3,soft_state_jump,10,530,1,9,0,0.1,0.8888888888888888,0.0,0.1,0.4,0.0,0.0
7195,7,soft_dt_jump,15,470,7,7,1,0.4666666666666667,0.4666666666666667,0.06666666666666667,0.06666666666666667,0.5333333333333333,0.0,0.0
7196,3,soft_dt_jump,20,1120,6,11,3,0.3,0.55,0.15,0.45,0.15,0.4,0.0
7197,6,soft_dt_jump,9,420,3,6,0,0.3333333333333333,0.6666666666666666,0.0,0.4444444444444444,0.3333333333333333,0.4444444444444444,0.0
7198,3,soft_state_jump,36,2910,16,14,6,0.4444444444444444,0.3888888888888889,0.16666666666666666,0.1388888888888889,0.4444444444444444,0.1111111111111111,0.0
7199,3,soft_dt_jump,9,350,4,5,0,0.4444444444444444,0.5555555555555556,0.0,0.2222222222222222,0.3333333333333333,0.2222222222222222,0.0
7200,3,soft_dt_jump,17,1250,4,10,3,0.23529411764705882,0.5882352941176471,0.17647058823529413,0.23529411764705882,0.29411764705882354,0.23529411764705882,0.0
7201,3,soft_dt_jump,9,760,2,6,1,0.2222222222222222,0.6666666666666666,0.1111111111111111,0.0,0.4444444444444444,0.0,0.0
7202,6,soft_state_jump,10,790,4,6,0,0.4,0.6,0.0,0.8,0.1,0.8,0.0
7203,3,soft_side_flip_with_dt_jump,16,1080,4,9,3,0.25,0.5625,0.1875,0.6875,0.0625,0.375,0.0
7204,3,soft_side_flip_with_dt_jump,44,4190,7,29,8,0.1590909090909091,0.6590909090909091,0.18181818181818182,0.18181818181818182,0.3181818181818182,0.1590909090909091,0.0
7205,6,soft_dt_jump,11,240,3,8,0,0.2727272727272727,0.7272727272727273,0.0,0.6363636363636364,0.09090909090909091,0.5454545454545454,0.0
7206,3,soft_dt_jump,12,1360,2,8,2,0.16666666666666666,0.6666666666666666,0.16666666666666666,0.3333333333333333,0.16666666666666666,0.25,0.0
7207,6,soft_state_jump,22,570,8,13,1,0.36363636363636365,0.5909090909090909,0.045454545454545456,0.5454545454545454,0.2727272727272727,0.5,0.0
7208,3,soft_dt_jump,18,1170,3,13,2,0.16666666666666666,0.7222222222222222,0.1111111111111111,0.3888888888888889,0.3333333333333333,0.2777777777777778,0.0
7209,3,soft_dt_jump,25,2350,3,16,6,0.12,0.64,0.24,0.16,0.36,0.16,0.0
7210,0,soft_dt_jump,10,580,7,2,1,0.7,0.2,0.1,0.8,0.1,0.8,0.0
7211,3,soft_dt_jump,9,420,3,5,1,0.3333333333333333,0.5555555555555556,0.1111111111111111,0.3333333333333333,0.3333333333333333,0.3333333333333333,0.0
7212,6,soft_dt_jump,16,960,9,5,2,0.5625,0.3125,0.125,0.625,0.25,0.625,0.0
7213,3,soft_dt_jump,24,1470,5,15,4,0.20833333333333334,0.625,0.16666666666666666,0.20833333333333334,0.5416666666666666,0.20833333333333334,0.0
7214,6,soft_dt_jump,10,360,5,4,1,0.5,0.4,0.1,0.8,0.0,0.8,0.0
7215,3,soft_dt_jump,23,1860,8,13,2,0.34782608695652173,0.5652173913043478,0.08695652173913043,0.43478260869565216,0.34782608695652173,0.391304347826087,0.0
7216,1,soft_dt_jump,64,5690,12,41,11,0.1875,0.640625,0.171875,0.4375,0.265625,0.359375,0.0
7217,3,max_events_per_episode,24,3230,6,13,5,0.25,0.5416666666666666,0.20833333333333334,0.16666666666666666,0.2916666666666667,0.125,0.0
7218,1,soft_state_jump,53,5950,10,30,13,0.18867924528301888,0.5660377358490566,0.24528301886792453,0.41509433962264153,0.1320754716981132,0.3018867924528302,0.0
7219,3,soft_state_jump,22,2610,3,16,3,0.13636363636363635,0.7272727272727273,0.13636363636363635,0.18181818181818182,0.45454545454545453,0.18181818181818182,0.0
7220,3,soft_state_jump,17,1280,4,12,1,0.23529411764705882,0.7058823529411765,0.058823529411764705,0.058823529411764705,0.5294117647058824,0.058823529411764705,0.0
7221,3,soft_dt_jump,10,760,0,8,2,0.0,0.8,0.2,0.0,0.7,0.0,0.0
7222,3,soft_dt_jump,26,2330,6,13,7,0.23076923076923078,0.5,0.2692307692307692,0.2692307692307692,0.3076923076923077,0.19230769230769232,0.0
7223,7,soft_dt_jump,39,1870,25,10,4,0.6410256410256411,0.2564102564102564,0.10256410256410256,0.07692307692307693,0.6666666666666666,0.05128205128205128,0.0
7224,3,soft_dt_jump,9,490,2,6,1,0.2222222222222222,0.6666666666666666,0.1111111111111111,0.0,0.7777777777777778,0.0,0.0
7225,3,soft_dt_jump,14,970,1,9,4,0.07142857142857142,0.6428571428571429,0.2857142857142857,0.14285714285714285,0.35714285714285715,0.14285714285714285,0.0
7226,3,soft_state_jump,16,810,5,9,2,0.3125,0.5625,0.125,0.3125,0.3125,0.25,0.0
7227,7,soft_dt_jump,14,360,10,4,0,0.7142857142857143,0.2857142857142857,0.0,0.0,0.9285714285714286,0.0,0.0
7228,3,soft_dt_jump,9,400,3,5,1,0.3333333333333333,0.5555555555555556,0.1111111111111111,0.3333333333333333,0.4444444444444444,0.2222222222222222,0.0
7229,3,soft_dt_jump,11,940,1,7,3,0.09090909090909091,0.6363636363636364,0.2727272727272727,0.0,0.18181818181818182,0.0,0.0
7230,3,soft_state_jump,35,2910,6,20,9,0.17142857142857143,0.5714285714285714,0.2571428571428571,0.4857142857142857,0.14285714285714285,0.22857142857142856,0.0
7231,3,soft_state_jump,11,660,5,4,2,0.45454545454545453,0.36363636363636365,0.18181818181818182,0.09090909090909091,0.6363636363636364,0.0,0.0
7232,3,soft_dt_jump,10,500,3,4,3,0.3,0.4,0.3,0.1,0.6,0.1,0.0
7233,1,soft_dt_jump,41,3140,18,15,8,0.43902439024390244,0.36585365853658536,0.1951219512195122,0.34146341463414637,0.4634146341463415,0.24390243902439024,0.0
7234,3,soft_dt_jump,21,1620,4,11,6,0.19047619047619047,0.5238095238095238,0.2857142857142857,0.42857142857142855,0.23809523809523808,0.42857142857142855,0.0
7235,7,soft_dt_jump,47,590,42,4,1,0.8936170212765957,0.0851063829787234,0.02127659574468085,0.0425531914893617,0.9361702127659575,0.0425531914893617,0.0
7236,7,soft_dt_jump,9,540,5,4,0,0.5555555555555556,0.4444444444444444,0.0,0.3333333333333333,0.5555555555555556,0.2222222222222222,0.0
7237,1,soft_dt_jump,33,2750,11,16,6,0.3333333333333333,0.48484848484848486,0.18181818181818182,0.6363636363636364,0.06060606060606061,0.5151515151515151,0.0
7238,6,soft_dt_jump,17,690,6,9,2,0.35294117647058826,0.5294117647058824,0.11764705882352941,0.7058823529411765,0.058823529411764705,0.6470588235294118,0.0
7239,3,soft_dt_jump,16,1290,2,9,5,0.125,0.5625,0.3125,0.4375,0.0,0.4375,0.0
7240,6,soft_dt_jump,9,490,1,6,2,0.1111111111111111,0.6666666666666666,0.2222222222222222,0.6666666666666666,0.1111111111111111,0.5555555555555556,0.0
7241,7,soft_state_jump,19,860,12,6,1,0.631578947368421,0.3157894736842105,0.05263157894736842,0.15789473684210525,0.7894736842105263,0.15789473684210525,0.0
7242,3,soft_dt_jump,28,1830,3,20,5,0.10714285714285714,0.7142857142857143,0.17857142857142858,0.10714285714285714,0.4642857142857143,0.03571428571428571,0.0
7243,7,soft_dt_jump,19,1250,11,6,2,0.5789473684210527,0.3157894736842105,0.10526315789473684,0.05263157894736842,0.631578947368421,0.0,0.0
7244,3,soft_dt_jump,37,3960,8,18,11,0.21621621621621623,0.4864864864864865,0.2972972972972973,0.32432432432432434,0.1891891891891892,0.21621621621621623,0.0
7245,3,soft_state_jump,23,1810,8,12,3,0.34782608695652173,0.5217391304347826,0.13043478260869565,0.17391304347826086,0.4782608695652174,0.17391304347826086,0.0
7246,5,soft_dt_jump,11,790,4,7,0,0.36363636363636365,0.6363636363636364,0.0,0.09090909090909091,0.45454545454545453,0.09090909090909091,0.18181818181818182
7247,5,soft_dt_jump,13,770,1,6,6,0.07692307692307693,0.46153846153846156,0.4,0.07692307692307693,0.23076923076923078,0.0,0.23076923076923078
7248,5,soft_dt_jump,12,1200,1,8,3,0.08333333333333333,0.6666666666666666,0.25,0.16666666666666666,0.25,0.08333333333333333,0.16666666666666666
7249,3,soft_state_jump,27,2860,5,15,7,0.18518518518518517,0.5555555555555556,0.25925925925925924,0.5555555555555556,0.07407407407407407,0.18518518518518517,0.0
7250,3,soft_state_jump,26,2540,10,13,3,0.38461538461538464,0.5,0.11538461538461539,0.11538461538461539,0.5384615384615384,0.07692307692307693,0.0
7251,5,soft_dt_jump,16,1140,2,9,5,0.125,0.5625,0.3125,0.125,0.25,0.0625,0.3125
7252,5,soft_dt_jump,11,1090,1,6,4,0.09090909090909091,0.5454545454545454,0.36363636363636365,0.18181818181818182,0.36363636363636365,0.18181818181818182,0.09090909090909091
7253,3,soft_state_jump,16,1450,4,8,4,0.25,0.5,0.25,0.3125,0.3125,0.25,0.0
7254,3,soft_dt_jump,33,3950,10,17,6,0.30303030303030304,0.5151515151515151,0.18181818181818182,0.12121212121212122,0.5151515151515151,0.09090909090909091,0.0
7255,3,soft_dt_jump,13,800,2,8,3,0.15384615384615385,0.6153846153846154,0.23076923076923078,0.3076923076923077,0.3076923076923077,0.15384615384615385,0.0
7256,3,soft_dt_jump,9,1740,1,6,2,0.1111111111111111,0.6666666666666666,0.2222222222222222,0.3333333333333333,0.2222222222222222,0.2222222222222222,0.0
7257,7,soft_state_jump,12,250,7,4,1,0.5833333333333334,0.3333333333333333,0.08333333333333333,0.3333333333333333,0.5,0.3333333333333333,0.0
7258,7,soft_dt_jump,17,570,11,4,2,0.6470588235294118,0.23529411764705882,0.11764705882352941,0.0,0.0,0.0,0.0
7259,3,soft_dt_jump,12,1090,2,5,5,0.16666666666666666,0.4166666666666667,0.4,0.16666666666666666,0.3333333333333333,0.16666666666666666,0.0
7260,7,soft_state_jump,11,720,5,6,0,0.45454545454545453,0.5454545454545454,0.0,0.09090909090909091,0.8181818181818182,0.09090909090909091,0.0
7261,3,soft_dt_jump,9,270,3,5,1,0.3333333333333333,0.5555555555555556,0.1111111111111111,0.3333333333333333,0.4444444444444444,0.3333333333333333,0.0
7262,3,soft_dt_jump,25,1800,7,12,6,0.28,0.48,0.24,0.08,0.56,0.08,0.0
7263,7,soft_dt_jump,37,2280,21,11,5,0.5675675675675675,0.2972972972972973,0.13513513513513514,0.10810810810810811,0.2972972972972973,0.08108108108108109,0.0
7264,5,soft_dt_jump,22,490,17,3,2,0.7727272727272727,0.13636363636363635,0.09090909090909091,0.09090909090909091,0.7272727272727273,0.09090909090909091,0.09090909090909091
7265,5,soft_dt_jump,20,1830,8,11,1,0.4,0.55,0.05,0.15,0.3,0.15,0.4
7266,6,soft_dt_jump,19,1690,5,12,2,0.2631578947368421,0.631578947368421,0.10526315789473684,0.631578947368421,0.10526315789473684,0.3684210526315789,0.05263157894736842
7267,3,soft_dt_jump,43,5710,12,24,7,0.27906976744186046,0.5581395348837209,0.16279069767441862,0.5813953488372093,0.23255813953488372,0.4186046511627907,0.0
7268,2,soft_dt_jump,20,1360,8,9,3,0.4,0.45,0.15,0.35,0.45,0.15,0.0
7269,3,soft_dt_jump,19,950,6,12,1,0.3157894736842105,0.631578947368421,0.05263157894736842,0.42105263157894735,0.3684210526315789,0.3684210526315789,0.0
7270,7,soft_dt_jump,43,1470,26,15,2,0.6046511627906976,0.3488372093023256,0.046511627906976744,0.18604651162790697,0.6046511627906976,0.11627906976744186,0.0
7271,6,soft_dt_jump,8,190,3,4,1,0.375,0.5,0.125,0.625,0.125,0.625,0.0
7272,3,soft_dt_jump,10,610,4,4,2,0.4,0.4,0.2,0.0,0.7,0.0,0.0
7273,3,soft_dt_jump,11,540,4,6,1,0.36363636363636365,0.5454545454545454,0.09090909090909091,0.09090909090909091,0.6363636363636364,0.0,0.0
7274,7,soft_dt_jump,11,350,7,3,1,0.6363636363636364,0.2727272727272727,0.09090909090909091,0.18181818181818182,0.7272727272727273,0.09090909090909091,0.0
7275,6,soft_dt_jump,22,2760,8,13,1,0.36363636363636365,0.5909090909090909,0.045454545454545456,0.7727272727272727,0.13636363636363635,0.6818181818181818,0.0
7276,0,soft_state_jump,19,990,11,5,3,0.5789473684210527,0.2631578947368421,0.15789473684210525,0.7894736842105263,0.05263157894736842,0.6842105263157895,0.0
7277,3,soft_dt_jump,16,1590,4,6,6,0.25,0.375,0.375,0.0625,0.375,0.0625,0.0
7278,6,soft_dt_jump,17,1320,6,11,0,0.35294117647058826,0.6470588235294118,0.0,0.6470588235294118,0.17647058823529413,0.6470588235294118,0.0
7279,6,soft_dt_jump,11,290,6,5,0,0.5454545454545454,0.45454545454545453,0.0,0.45454545454545453,0.5454545454545454,0.45454545454545453,0.0
7280,3,soft_dt_jump,8,910,2,3,3,0.25,0.375,0.375,0.375,0.0,0.375,0.0
7281,3,soft_state_jump,12,800,5,5,2,0.4166666666666667,0.4166666666666667,0.16666666666666666,0.3333333333333333,0.5,0.25,0.0
7282,6,soft_dt_jump,13,480,5,4,4,0.38461538461538464,0.3076923076923077,0.3076923076923077,0.46153846153846156,0.23076923076923078,0.46153846153846156,0.0
7283,6,soft_dt_jump,8,420,3,4,1,0.375,0.5,0.125,0.75,0.125,0.75,0.0
7284,3,soft_dt_jump,8,220,2,4,2,0.25,0.5,0.25,0.5,0.25,0.5,0.0
7285,3,soft_dt_jump,32,2070,10,13,9,0.3125,0.40625,0.28125,0.3125,0.28125,0.28125,0.0
7286,3,soft_dt_jump,9,490,1,6,2,0.1111111111111111,0.6666666666666666,0.2222222222222222,0.3333333333333333,0.2222222222222222,0.3333333333333333,0.0
7287,3,soft_dt_jump,17,1050,4,12,1,0.23529411764705882,0.7058823529411765,0.058823529411764705,0.35294117647058826,0.35294117647058826,0.29411764705882354,0.0
7288,3,soft_dt_jump,12,1010,2,9,1,0.16666666666666666,0.75,0.08333333333333333,0.16666666666666666,0.5833333333333334,0.16666666666666666,0.0
7289,3,soft_state_jump,28,2950,3,17,8,0.10714285714285714,0.6071428571428571,0.2857142857142857,0.21428571428571427,0.32142857142857145,0.17857142857142858,0.0
7290,1,soft_state_jump,53,5260,12,31,10,0.22641509433962265,0.5849056603773585,0.18867924528301888,0.3018867924528302,0.4339622641509434,0.2830188679245283,0.0
7291,3,soft_side_flip_with_dt_jump,14,2070,4,8,2,0.2857142857142857,0.5714285714285714,0.14285714285714285,0.35714285714285715,0.5,0.21428571428571427,0.0
7292,3,soft_side_flip_with_dt_jump,20,1620,6,12,2,0.3,0.6,0.1,0.45,0.35,0.35,0.0
7293,7,soft_dt_jump,8,0,7,1,0,0.875,0.125,0.0,0.0,1.0,0.0,0.0
7294,3,soft_dt_jump,26,2650,8,11,7,0.3076923076923077,0.4230769230769231,0.2692307692307692,0.11538461538461539,0.5384615384615384,0.038461538461538464,0.0
7295,3,soft_dt_jump,10,830,4,5,1,0.4,0.5,0.1,0.4,0.5,0.4,0.0
7296,3,soft_dt_jump,10,920,1,9,0,0.1,0.8888888888888888,0.0,0.0,0.8,0.0,0.0
7297,3,soft_state_jump,15,2040,2,8,5,0.13333333333333333,0.5333333333333333,0.3333333333333333,0.2,0.4,0.13333333333333333,0.0
7298,3,soft_side_flip_with_dt_jump,19,1550,8,6,5,0.42105263157894735,0.3157894736842105,0.2631578947368421,0.05263157894736842,0.5789473684210527,0.0,0.0
7299,7,soft_dt_jump,11,210,7,3,1,0.6363636363636364,0.2727272727272727,0.09090909090909091,0.0,0.8181818181818182,0.0,0.0
7300,6,soft_dt_jump,13,320,5,7,1,0.38461538461538464,0.5384615384615384,0.07692307692307693,0.46153846153846156,0.38461538461538464,0.46153846153846156,0.0
7301,3,soft_dt_jump,17,1220,5,8,4,0.29411764705882354,0.47058823529411764,0.23529411764705882,0.29411764705882354,0.4117647058823529,0.17647058823529413,0.0
7302,3,soft_state_jump,16,1570,5,9,2,0.3125,0.5625,0.125,0.25,0.5625,0.1875,0.0
7303,3,soft_dt_jump,9,1550,3,5,1,0.3333333333333333,0.5555555555555556,0.1111111111111111,0.1111111111111111,0.5555555555555556,0.1111111111111111,0.0
7304,3,soft_dt_jump,17,1490,8,8,1,0.47058823529411764,0.47058823529411764,0.058823529411764705,0.29411764705882354,0.5882352941176471,0.23529411764705882,0.0
7305,3,soft_dt_jump,14,690,4,5,5,0.2857142857142857,0.35714285714285715,0.35714285714285715,0.5,0.14285714285714285,0.5,0.0
7306,6,soft_side_flip_with_dt_jump,10,540,3,7,0,0.3,0.7,0.0,0.8,0.2,0.6,0.0
7307,7,soft_dt_jump,13,290,9,3,1,0.6923076923076923,0.23076923076923078,0.07692307692307693,0.15384615384615385,0.6923076923076923,0.15384615384615385,0.0
7308,7,soft_dt_jump,35,2470,23,9,3,0.6571428571428571,0.2571428571428571,0.08571428571428572,0.05714285714285714,0.8285714285714286,0.05714285714285714,0.0
7309,3,soft_dt_jump,23,1380,6,12,5,0.2608695652173913,0.5217391304347826,0.21739130434782608,0.391304347826087,0.21739130434782608,0.391304347826087,0.0
7310,3,soft_dt_jump,56,6690,10,30,16,0.17857142857142858,0.5357142857142857,0.2857142857142857,0.35714285714285715,0.26785714285714285,0.3392857142857143,0.0
7311,7,soft_dt_jump,10,350,6,3,1,0.6,0.3,0.1,0.1,0.7,0.0,0.0
7312,3,soft_dt_jump,10,840,3,5,2,0.3,0.5,0.2,0.3,0.4,0.2,0.0
7313,7,soft_dt_jump,43,2890,28,7,8,0.6511627906976745,0.16279069767441862,0.18604651162790697,0.11627906976744186,0.6511627906976745,0.09302325581395349,0.0
7314,3,soft_dt_jump,12,430,5,3,4,0.4166666666666667,0.25,0.3333333333333333,0.16666666666666666,0.25,0.16666666666666666,0.0
7315,3,soft_dt_jump,45,5780,10,29,6,0.2222222222222222,0.6444444444444445,0.13333333333333333,0.24444444444444444,0.5555555555555556,0.2222222222222222,0.0
7316,3,soft_dt_jump,35,3400,6,19,10,0.17142857142857143,0.5428571428571428,0.2857142857142857,0.42857142857142855,0.2571428571428571,0.34285714285714286,0.0
7317,3,soft_dt_jump,9,550,1,5,3,0.1111111111111111,0.5555555555555556,0.3333333333333333,0.4444444444444444,0.2222222222222222,0.1111111111111111,0.0
7318,6,soft_dt_jump,22,920,10,9,3,0.45454545454545453,0.4090909090909091,0.13636363636363635,0.6818181818181818,0.18181818181818182,0.5909090909090909,0.0
7319,0,soft_dt_jump,9,190,5,3,1,0.5555555555555556,0.3333333333333333,0.1111111111111111,0.7777777777777778,0.1111111111111111,0.6666666666666666,0.0
7320,1,soft_dt_jump,29,2740,7,17,5,0.2413793103448276,0.5862068965517241,0.1724137931034483,0.4827586206896552,0.2413793103448276,0.41379310344827586,0.0
7321,3,soft_dt_jump,60,6100,10,44,6,0.16666666666666666,0.7333333333333333,0.1,0.36666666666666664,0.4166666666666667,0.2833333333333333,0.0
7322,3,soft_state_jump,13,1130,6,6,1,0.46153846153846156,0.46153846153846156,0.07692307692307693,0.15384615384615385,0.6923076923076923,0.15384615384615385,0.0
7323,7,soft_dt_jump,51,470,48,3,0,0.9411764705882353,0.058823529411764705,0.0,0.0392156862745098,0.9411764705882353,0.0392156862745098,0.0
7324,6,soft_dt_jump,20,730,7,12,1,0.35,0.6,0.05,0.8,0.15,0.7,0.0
7325,3,soft_dt_jump,30,3990,9,18,3,0.3,0.6,0.1,0.36666666666666664,0.43333333333333335,0.3333333333333333,0.0
7326,7,soft_dt_jump,12,20,10,2,0,0.8333333333333334,0.16666666666666666,0.0,0.0,1.0,0.0,0.0
7327,3,soft_dt_jump,9,960,2,4,3,0.2222222222222222,0.4444444444444444,0.3333333333333333,0.2222222222222222,0.3333333333333333,0.2222222222222222,0.0
7328,6,soft_dt_jump,15,940,6,9,0,0.4,0.6,0.0,0.6,0.3333333333333333,0.5333333333333333,0.0
7329,1,soft_dt_jump,46,3680,19,19,8,0.41304347826086957,0.41304347826086957,0.17391304347826086,0.41304347826086957,0.34782608695652173,0.2826086956521739,0.0
7330,6,soft_dt_jump,11,520,7,4,0,0.6363636363636364,0.36363636363636365,0.0,0.8181818181818182,0.09090909090909091,0.7272727272727273,0.0
7331,6,soft_dt_jump,28,1870,12,13,3,0.42857142857142855,0.4642857142857143,0.10714285714285714,0.6428571428571429,0.21428571428571427,0.6428571428571429,0.0
7332,3,soft_dt_jump,23,2360,1,17,5,0.043478260869565216,0.7391304347826086,0.21739130434782608,0.30434782608695654,0.30434782608695654,0.30434782608695654,0.0
7333,3,soft_dt_jump,17,1030,2,9,6,0.11764705882352941,0.5294117647058824,0.35294117647058826,0.17647058823529413,0.23529411764705882,0.17647058823529413,0.0
7334,0,soft_side_flip_with_dt_jump,11,320,8,3,0,0.7272727272727273,0.2727272727272727,0.0,0.7272727272727273,0.18181818181818182,0.7272727272727273,0.0
7335,6,soft_dt_jump,9,360,4,4,1,0.4444444444444444,0.4444444444444444,0.1111111111111111,0.5555555555555556,0.2222222222222222,0.4444444444444444,0.0
7336,3,soft_dt_jump,20,2690,2,14,4,0.1,0.7,0.2,0.1,0.4,0.0,0.0
7337,6,soft_state_jump,18,1580,5,13,0,0.2777777777777778,0.7222222222222222,0.0,0.6666666666666666,0.3333333333333333,0.6666666666666666,0.0
7338,3,soft_dt_jump,8,320,1,6,1,0.125,0.75,0.125,0.125,0.75,0.125,0.0
7339,3,soft_side_flip_with_dt_jump,26,1760,11,12,3,0.4230769230769231,0.46153846153846156,0.11538461538461539,0.11538461538461539,0.7692307692307693,0.07692307692307693,0.0
7340,3,soft_dt_jump,26,2070,7,17,2,0.2692307692307692,0.6538461538461539,0.07692307692307693,0.34615384615384615,0.4230769230769231,0.34615384615384615,0.0
7341,3,soft_dt_jump,12,900,4,6,2,0.3333333333333333,0.5,0.16666666666666666,0.5,0.16666666666666666,0.5,0.0
7342,3,soft_dt_jump,13,1560,4,7,2,0.3076923076923077,0.5384615384615384,0.15384615384615385,0.0,0.7692307692307693,0.0,0.0
7343,0,soft_dt_jump,14,270,12,1,1,0.8571428571428571,0.07142857142857142,0.07142857142857142,0.9285714285714286,0.0,0.9285714285714286,0.0
7344,7,soft_dt_jump,20,520,14,6,0,0.7,0.3,0.0,0.1,0.9,0.1,0.0
7345,6,soft_dt_jump,8,670,4,4,0,0.5,0.5,0.0,0.625,0.375,0.625,0.0
7346,3,soft_dt_jump,9,380,2,3,4,0.2222222222222222,0.3333333333333333,0.4,0.0,0.4444444444444444,0.0,0.0
7347,6,soft_dt_jump,44,2000,30,10,4,0.6818181818181818,0.22727272727272727,0.09090909090909091,0.6818181818181818,0.1590909090909091,0.11363636363636363,0.0
7348,5,soft_dt_jump,15,1080,3,7,5,0.2,0.4666666666666667,0.3333333333333333,0.06666666666666667,0.13333333333333333,0.06666666666666667,0.3333333333333333
7349,5,soft_dt_jump,10,1830,1,6,3,0.1,0.6,0.3,0.0,0.2,0.0,0.4
7350,7,soft_state_jump,41,1570,29,9,3,0.7073170731707317,0.21951219512195122,0.07317073170731707,0.0,0.21951219512195122,0.0,0.0
7351,3,soft_dt_jump,27,1990,5,15,7,0.18518518518518517,0.5555555555555556,0.25925925925925924,0.1111111111111111,0.37037037037037035,0.1111111111111111,0.0
7352,7,soft_dt_jump,10,590,5,5,0,0.5,0.5,0.0,0.0,0.9,0.0,0.0
7353,0,soft_dt_jump,19,580,13,6,0,0.6842105263157895,0.3157894736842105,0.0,0.7368421052631579,0.05263157894736842,0.7368421052631579,0.0
7354,6,soft_dt_jump,17,720,9,8,0,0.5294117647058824,0.47058823529411764,0.0,0.7647058823529411,0.17647058823529413,0.7647058823529411,0.0
7355,6,soft_dt_jump,8,800,4,3,1,0.5,0.375,0.125,0.5,0.125,0.5,0.0
7356,6,soft_dt_jump,16,1930,5,10,1,0.3125,0.625,0.0625,0.4375,0.125,0.375,0.0
7357,3,soft_dt_jump,23,2330,3,12,8,0.13043478260869565,0.5217391304347826,0.34782608695652173,0.08695652173913043,0.30434782608695654,0.08695652173913043,0.0
7358,0,soft_dt_jump,9,150,7,1,1,0.7777777777777778,0.1111111111111111,0.1111111111111111,0.8888888888888888,0.0,0.8888888888888888,0.0
7359,3,soft_dt_jump,34,2380,7,19,8,0.20588235294117646,0.5588235294117647,0.23529411764705882,0.20588235294117646,0.2647058823529412,0.20588235294117646,0.0
7360,3,soft_state_jump,27,1730,9,13,5,0.3333333333333333,0.48148148148148145,0.18518518518518517,0.4074074074074074,0.14814814814814814,0.4074074074074074,0.0
7361,2,soft_dt_jump,12,980,5,6,1,0.4166666666666667,0.5,0.08333333333333333,0.3333333333333333,0.5833333333333334,0.3333333333333333,0.0
7362,3,soft_dt_jump,18,1580,7,7,4,0.3888888888888889,0.3888888888888889,0.2222222222222222,0.4444444444444444,0.1111111111111111,0.4444444444444444,0.0
7363,6,soft_dt_jump,8,150,3,5,0,0.375,0.625,0.0,0.5,0.375,0.5,0.0
7364,6,soft_dt_jump,14,760,7,5,2,0.5,0.35714285714285715,0.14285714285714285,0.6428571428571429,0.14285714285714285,0.6428571428571429,0.0
7365,3,soft_dt_jump,14,660,5,9,0,0.35714285714285715,0.6428571428571429,0.0,0.2857142857142857,0.5,0.2857142857142857,0.0
7366,6,soft_side_flip_with_dt_jump,14,510,7,3,4,0.5,0.21428571428571427,0.2857142857142857,0.5714285714285714,0.14285714285714285,0.5,0.0
7367,0,soft_dt_jump,11,320,7,3,1,0.6363636363636364,0.2727272727272727,0.09090909090909091,0.7272727272727273,0.09090909090909091,0.7272727272727273,0.0
7368,1,soft_dt_jump,28,2020,8,15,5,0.2857142857142857,0.5357142857142857,0.17857142857142858,0.35714285714285715,0.35714285714285715,0.32142857142857145,0.0
7369,3,soft_dt_jump,20,1210,10,8,2,0.5,0.4,0.1,0.3,0.5,0.25,0.0
7370,3,soft_dt_jump,22,1720,6,12,4,0.2727272727272727,0.5454545454545454,0.18181818181818182,0.3181818181818182,0.36363636363636365,0.2727272727272727,0.0
7371,3,soft_dt_jump,21,2570,2,14,5,0.09523809523809523,0.6666666666666666,0.23809523809523808,0.38095238095238093,0.14285714285714285,0.3333333333333333,0.0
7372,3,soft_state_jump,24,2490,4,8,12,0.16666666666666666,0.3333333333333333,0.4,0.2916666666666667,0.16666666666666666,0.2916666666666667,0.0
7373,3,soft_state_jump,26,2190,4,20,2,0.15384615384615385,0.7692307692307693,0.07692307692307693,0.2692307692307692,0.46153846153846156,0.23076923076923078,0.0
7374,3,soft_dt_jump,35,3060,7,25,3,0.2,0.7142857142857143,0.08571428571428572,0.5142857142857142,0.2571428571428571,0.4857142857142857,0.0
7375,3,soft_state_jump,29,2630,7,17,5,0.2413793103448276,0.5862068965517241,0.1724137931034483,0.27586206896551724,0.20689655172413793,0.20689655172413793,0.0
7376,7,soft_state_jump,30,880,18,11,1,0.6,0.36666666666666664,0.03333333333333333,0.36666666666666664,0.5666666666666667,0.36666666666666664,0.0
7377,6,soft_dt_jump,23,1530,9,12,2,0.391304347826087,0.5217391304347826,0.08695652173913043,0.5217391304347826,0.21739130434782608,0.5217391304347826,0.0
7378,1,soft_dt_jump,43,3160,14,21,8,0.32558139534883723,0.4883720930232558,0.18604651162790697,0.3953488372093023,0.27906976744186046,0.37209302325581395,0.0
7379,3,soft_dt_jump,21,1670,5,10,6,0.23809523809523808,0.47619047619047616,0.2857142857142857,0.3333333333333333,0.14285714285714285,0.3333333333333333,0.0
7380,6,soft_dt_jump,10,910,3,6,1,0.3,0.6,0.1,0.7,0.1,0.7,0.0
7381,3,soft_state_jump,25,2980,5,15,5,0.2,0.6,0.2,0.4,0.24,0.36,0.0
7382,3,soft_state_jump,33,2150,9,17,7,0.2727272727272727,0.5151515151515151,0.21212121212121213,0.3939393939393939,0.24242424242424243,0.36363636363636365,0.0
7383,0,soft_dt_jump,18,590,12,6,0,0.6666666666666666,0.3333333333333333,0.0,0.7777777777777778,0.16666666666666666,0.7777777777777778,0.0
7384,6,soft_dt_jump,16,570,8,6,2,0.5,0.375,0.125,0.6875,0.125,0.6875,0.0
7385,3,soft_dt_jump,32,2160,11,13,8,0.34375,0.40625,0.25,0.46875,0.1875,0.46875,0.0
7386,6,soft_dt_jump,9,160,5,3,1,0.5555555555555556,0.3333333333333333,0.1111111111111111,0.8888888888888888,0.0,0.8888888888888888,0.0
7387,6,soft_dt_jump,11,580,4,6,1,0.36363636363636365,0.5454545454545454,0.09090909090909091,0.7272727272727273,0.18181818181818182,0.7272727272727273,0.0
7388,1,soft_dt_jump,39,3140,14,19,6,0.358974358974359,0.48717948717948717,0.15384615384615385,0.358974358974359,0.358974358974359,0.28205128205128205,0.0
7389,1,soft_dt_jump,31,2800,12,16,3,0.3870967741935484,0.5161290322580645,0.0967741935483871,0.5806451612903226,0.1935483870967742,0.5161290322580645,0.0
7390,0,soft_dt_jump,9,0,8,1,0,0.8888888888888888,0.1111111111111111,0.0,1.0,0.0,1.0,0.0
7391,3,soft_dt_jump,18,1170,4,7,7,0.2222222222222222,0.3888888888888889,0.3888888888888889,0.16666666666666666,0.3333333333333333,0.1111111111111111,0.0
7392,3,soft_dt_jump,64,5340,8,45,11,0.125,0.703125,0.171875,0.046875,0.5,0.03125,0.0
7393,3,max_events_per_episode,27,1720,6,18,3,0.2222222222222222,0.6666666666666666,0.1111111111111111,0.14814814814814814,0.48148148148148145,0.14814814814814814,0.0
7394,7,soft_dt_jump,40,780,31,7,2,0.775,0.175,0.05,0.05,0.8,0.05,0.0
7395,3,soft_dt_jump,8,450,2,5,1,0.25,0.625,0.125,0.0,0.375,0.0,0.0
7396,3,soft_side_flip_with_dt_jump,13,1670,4,6,3,0.3076923076923077,0.46153846153846156,0.23076923076923078,0.0,0.23076923076923078,0.0,0.0
7397,6,soft_state_jump,18,760,7,7,4,0.3888888888888889,0.3888888888888889,0.2222222222222222,0.6111111111111112,0.05555555555555555,0.5555555555555556,0.0
7398,6,soft_dt_jump,15,980,5,8,2,0.3333333333333333,0.5333333333333333,0.13333333333333333,0.6,0.2,0.3333333333333333,0.0
7399,1,soft_dt_jump,25,1100,8,13,4,0.32,0.52,0.16,0.4,0.28,0.36,0.0
7400,1,soft_dt_jump,31,1720,9,15,7,0.2903225806451613,0.4838709677419355,0.22580645161290322,0.6129032258064516,0.03225806451612903,0.41935483870967744,0.0
7401,2,soft_dt_jump,8,270,2,4,2,0.25,0.5,0.25,0.125,0.5,0.125,0.0
7402,3,soft_dt_jump,34,3140,6,21,7,0.17647058823529413,0.6176470588235294,0.20588235294117646,0.17647058823529413,0.38235294117647056,0.17647058823529413,0.0
7403,3,soft_dt_jump,15,1380,2,7,6,0.13333333333333333,0.4666666666666667,0.4,0.0,0.4666666666666667,0.0,0.0
7404,2,soft_state_jump,8,570,3,4,1,0.375,0.5,0.125,0.0,0.625,0.0,0.0
7405,3,soft_dt_jump,14,1650,2,7,5,0.14285714285714285,0.5,0.35714285714285715,0.21428571428571427,0.2857142857142857,0.21428571428571427,0.0
7406,7,soft_state_jump,14,820,8,4,2,0.5714285714285714,0.2857142857142857,0.14285714285714285,0.0,0.7857142857142857,0.0,0.0
7407,3,soft_dt_jump,8,430,2,4,2,0.25,0.5,0.25,0.25,0.5,0.25,0.0
7408,3,soft_dt_jump,31,1370,12,17,2,0.3870967741935484,0.5483870967741935,0.06451612903225806,0.12903225806451613,0.5806451612903226,0.12903225806451613,0.0
7409,3,soft_dt_jump,24,2000,5,12,7,0.20833333333333334,0.5,0.2916666666666667,0.25,0.3333333333333333,0.20833333333333334,0.0
7410,3,soft_dt_jump,20,2340,5,12,3,0.25,0.6,0.15,0.2,0.35,0.15,0.0
7411,7,soft_dt_jump,8,150,4,3,1,0.5,0.375,0.125,0.125,0.625,0.0,0.0
7412,7,soft_dt_jump,9,50,5,2,2,0.5555555555555556,0.2222222222222222,0.2222222222222222,0.2222222222222222,0.5555555555555556,0.2222222222222222,0.0
7413,3,soft_dt_jump,20,1720,6,8,6,0.3,0.4,0.3,0.3,0.3,0.2,0.0
7414,3,soft_dt_jump,11,870,3,5,3,0.2727272727272727,0.45454545454545453,0.2727272727272727,0.5454545454545454,0.18181818181818182,0.36363636363636365,0.0
7415,3,soft_dt_jump,57,4480,10,30,17,0.17543859649122806,0.5263157894736842,0.2982456140350877,0.3333333333333333,0.2807017543859649,0.2807017543859649,0.0
7416,3,soft_dt_jump,19,1160,4,9,6,0.21052631578947367,0.47368421052631576,0.3157894736842105,0.47368421052631576,0.10526315789473684,0.42105263157894735,0.0
7417,7,soft_state_jump,21,850,13,6,2,0.6190476190476191,0.2857142857142857,0.09523809523809523,0.3333333333333333,0.5238095238095238,0.2857142857142857,0.0
7418,3,soft_dt_jump,8,440,2,4,2,0.25,0.5,0.25,0.25,0.375,0.25,0.0
7419,3,soft_dt_jump,11,620,3,8,0,0.2727272727272727,0.7272727272727273,0.0,0.36363636363636365,0.5454545454545454,0.36363636363636365,0.0
7420,3,soft_dt_jump,17,1240,7,6,4,0.4117647058823529,0.35294117647058826,0.23529411764705882,0.058823529411764705,0.5294117647058824,0.058823529411764705,0.0
7421,7,soft_dt_jump,8,70,6,2,0,0.75,0.25,0.0,0.25,0.625,0.25,0.0
7422,2,soft_dt_jump,15,1080,6,6,3,0.4,0.4,0.2,0.26666666666666666,0.4666666666666667,0.26666666666666666,0.0
7423,3,soft_dt_jump,13,1150,6,4,3,0.46153846153846156,0.3076923076923077,0.23076923076923078,0.23076923076923078,0.46153846153846156,0.15384615384615385,0.0
7424,3,soft_dt_jump,14,1690,3,9,2,0.21428571428571427,0.6428571428571429,0.14285714285714285,0.2857142857142857,0.42857142857142855,0.21428571428571427,0.0
7425,6,soft_state_jump,11,320,5,6,0,0.45454545454545453,0.5454545454545454,0.0,0.6363636363636364,0.36363636363636365,0.6363636363636364,0.0
7426,7,soft_dt_jump,13,430,7,4,2,0.5384615384615384,0.3076923076923077,0.15384615384615385,0.07692307692307693,0.7692307692307693,0.0,0.0
7427,3,soft_dt_jump,12,560,2,7,3,0.16666666666666666,0.5833333333333334,0.25,0.4166666666666667,0.25,0.25,0.0
7428,3,soft_dt_jump,40,3720,6,21,13,0.15,0.525,0.325,0.375,0.275,0.3,0.0
